hand,deal,advisor_seat,advisor_position,dealer_seat,street_reached,showdown,board,advisor_hole,advisor_chips,villain_chips,decisions,seat0_chips,seat1_chips,seat2_chips
0,0,0,BTN,0,3,False,8c Qs 7h Jh 8d,8h 8s,96,-96,11,96,-10,-86
1,0,1,SB,0,1,False,8c Qs 7h,9h 2h,-10,10,6,30,-10,-20
2,0,2,BB,0,1,False,8c Qs 7h,3s Tc,-20,20,8,40,-20,-20
3,1,0,BTN,0,1,False,Kd 5d Ts,Qc 3d,0,0,7,0,-120,120
4,1,1,SB,0,0,False,,Jd 3h,-10,10,2,0,-10,10
5,1,2,BB,0,1,False,Kd 5d Ts,Tc Ad,20,-20,6,0,-20,20
6,2,0,BTN,0,3,True,4d As 2d 8s Ks,Td Qd,-50,50,12,-50,-50,100
7,2,1,SB,0,3,True,4d As 2d 8s Ks,6c 5c,-600,600,11,0,-600,600
8,2,2,BB,0,3,True,4d As 2d 8s Ks,4s 7h,20,-20,9,0,-20,20
9,3,0,BTN,0,0,False,,4h Ts,0,0,4,0,-20,20
10,3,1,SB,0,3,True,4c Jh Jd 4d 3c,6s 8s,100,-100,9,0,100,-100
11,3,2,BB,0,3,True,4c Jh Jd 4d 3c,2c 2s,-20,20,9,0,20,-20
12,4,0,BTN,0,3,True,2s Ks 8h 8d Th,Ah As,-2000,2000,12,-2000,-10,2010
13,4,1,SB,0,3,True,2s Ks 8h 8d Th,3h Qh,-10,10,10,-1770,-10,1780
14,4,2,BB,0,0,False,,Tc 8c,-240,240,5,250,-10,-240
15,5,0,BTN,0,3,True,Ks 4d Qd Jd Jc,5h Qs,0,0,9,0,20,-20
16,5,1,SB,0,0,False,,7c Td,-10,10,2,0,-10,10
17,5,2,BB,0,1,False,Ks 4d Qd,6s 2s,20,-20,6,0,-20,20
18,6,0,BTN,0,1,False,7s 5c Jd,Ts 4c,0,0,6,0,-20,20
19,6,1,SB,0,2,False,7s 5c Jd 3h,Kc 8d,-100,100,8,0,-100,100
20,6,2,BB,0,3,True,7s 5c Jd 3h 9d,2c 7h,20,-20,9,0,-20,20
21,7,0,BTN,0,2,False,2h 6c 7c 9h,Tc 8d,0,0,10,0,-180,180
22,7,1,SB,0,2,False,2h 6c 7c 9h,Jh Td,-90,90,9,0,-90,90
23,7,2,BB,0,3,True,2h 6c 7c 9h 5h,4h 4c,60,-60,10,0,-60,60
24,8,0,BTN,0,3,True,Ac Kd Ts 5s 7d,2h 8h,0,0,12,0,-1920,1920
25,8,1,SB,0,0,False,,8c Qh,-10,10,2,0,-10,10
26,8,2,BB,0,3,True,Ac Kd Ts 5s 7d,Jc Kh,107,-107,11,0,-107,107
27,9,0,BTN,0,3,False,8d Qd 8h 9c 5d,2c 6h,0,0,10,0,-20,20
28,9,1,SB,0,3,False,8d Qd 8h 9c 5d,4h As,-100,100,10,0,-100,100
29,9,2,BB,0,3,True,8d Qd 8h 9c 5d,3d 2d,93,-93,10,0,-93,93
30,10,0,BTN,0,1,False,4d 8d 9c,3s 7h,0,0,5,0,20,-20
31,10,1,SB,0,0,False,,8s 2h,-10,10,2,0,-10,10
32,10,2,BB,0,1,False,4d 8d 9c,6s Js,-20,20,5,0,20,-20
33,11,0,BTN,0,1,False,Jd 7c Ks,6s Qd,0,0,6,0,-20,20
34,11,1,SB,0,0,False,,2d 6d,-10,10,2,0,-10,10
35,11,2,BB,0,1,False,Jd 7c Ks,5s Jh,20,-20,6,0,-20,20
36,12,0,BTN,0,1,False,4c 6c 9c,7s Ad,60,-60,6,60,-10,-50
37,12,1,SB,0,0,False,,Tc 2h,-10,10,2,0,-10,10
38,12,2,BB,0,2,False,4c 6c 9c Ac,7h Jh,-80,80,8,0,80,-80
39,13,0,BTN,0,2,False,Kc 4h 7h Jc,Jd 8d,-50,50,10,-50,-275,325
40,13,1,SB,0,0,False,,5h 6d,-10,10,2,0,-10,10
41,13,2,BB,0,3,False,Kc 4h 7h Jc 7d,9d Ks,46,-46,11,0,-46,46
42,14,0,BTN,0,0,False,,8h 5s,0,0,4,0,-20,20
43,14,1,SB,0,0,False,,8d 6s,-10,10,2,0,-10,10
44,14,2,BB,0,2,False,6d 7d 9h 5c,As Tc,-80,80,7,0,80,-80
45,15,0,BTN,0,2,False,4c Ad Kh 4d,5d Th,0,0,8,0,-20,20
46,15,1,SB,0,2,False,4c Ad Kh 4d,7d 8h,-60,60,8,0,-60,60
47,15,2,BB,0,3,True,4c Ad Kh 4d 9c,Qs Td,20,-20,9,0,-20,20
48,16,0,BTN,0,3,True,6s 9c 5s Qh 8s,Qc Kd,142,-142,10,142,-10,-132
49,16,1,SB,0,3,True,6s 9c 5s Qh 8s,Th 8c,-10,10,11,505,-10,-495
50,16,2,BB,0,3,True,6s 9c 5s Qh 8s,4c 4h,-110,110,13,130,-20,-110
51,17,0,BTN,0,2,False,5s Ah 6d 2c,8c Th,60,-60,8,60,-10,-50
52,17,1,SB,0,0,False,,Qh 3s,-10,10,2,0,-10,10
53,17,2,BB,0,3,False,5s Ah 6d 2c Jc,Jh Tc,20,-20,10,0,-20,20
54,18,0,BTN,0,3,True,4d Ad 5c 7s 9s,6d Th,0,0,9,0,-40,40
55,18,1,SB,0,0,False,,Jc 2c,-10,10,2,0,-10,10
56,18,2,BB,0,3,True,4d Ad 5c 7s 9s,Tc Jh,20,-20,9,0,-20,20
57,19,0,BTN,0,0,False,,6d 7c,0,0,4,0,-20,20
58,19,1,SB,0,3,True,5c Ks 9h Tc 2d,9s Th,232,-232,9,0,232,-232
59,19,2,BB,0,2,False,5c Ks 9h Tc,Ac 8c,-560,560,9,0,560,-560
60,20,0,BTN,0,1,False,7c Jc Ah,9c 4c,0,0,5,0,20,-20
61,20,1,SB,0,0,False,,2c Ad,-10,10,2,0,-10,10
62,20,2,BB,0,1,False,7c Jc Ah,9h 6d,-20,20,5,0,20,-20
63,21,0,BTN,0,3,True,4c Ks 2c Kd Kc,Ts 5h,0,0,9,0,320,-320
64,21,1,SB,0,0,False,,2h 5s,-10,10,2,0,-10,10
65,21,2,BB,0,3,True,4c Ks 2c Kd Kc,7s Qh,-320,320,9,0,320,-320
66,22,0,BTN,0,1,False,4c 8h Kd,Kh 2s,0,0,6,0,-20,20
67,22,1,SB,0,0,False,,7c 6h,-10,10,2,0,-10,10
68,22,2,BB,0,3,True,4c 8h Kd 7d 9d,As 4h,-80,80,9,0,80,-80
69,23,0,BTN,0,3,False,Ks Tc 9c 2c Qh,Jd 7h,0,0,9,0,320,-320
70,23,1,SB,0,3,True,Ks Tc 9c 2c Qh,9h Ts,-2000,2000,12,2262,-2000,-262
71,23,2,BB,0,2,False,Ks Tc 9c 2c,Ad 8c,-20,20,8,-110,130,-20
72,24,0,BTN,0,3,True,Kd 8c Tc 9h 4h,Kc Jc,2010,-2010,12,2010,-10,-2000
73,24,1,SB,0,3,True,Kd 8c Tc 9h 4h,Qh 7d,-10,10,11,1905,-10,-1895
74,24,2,BB,0,1,False,Kd 8c Tc,5d Ac,-20,20,8,40,-20,-20
75,25,0,BTN,0,1,False,Th 2c 4d,Jh 5s,0,0,5,0,20,-20
76,25,1,SB,0,2,False,Th 2c 4d 3h,Ah Qc,60,-60,7,0,60,-60
77,25,2,BB,0,3,True,Th 2c 4d 3h 6h,6c 8d,80,-80,9,0,-80,80
78,26,0,BTN,0,1,False,6h 8c Kd,3s Ad,0,0,7,0,-120,120
79,26,1,SB,0,0,False,,5s Qs,-60,60,4,0,-60,60
80,26,2,BB,0,3,True,6h 8c Kd Ah Ks,Js Jc,269,-269,12,0,-269,269
81,27,0,BTN,0,0,False,,2h 8d,0,0,4,0,-20,20
82,27,1,SB,0,0,False,,Ts 4h,-10,10,2,0,-10,10
83,27,2,BB,0,3,True,9d 8s 6d 9h 4s,3c 3h,-20,20,9,0,20,-20
84,28,0,BTN,0,1,False,Ac Kh 7s,Tc 5d,0,0,5,0,20,-20
85,28,1,SB,0,0,False,,Ad Js,20,-20,3,0,20,-20
86,28,2,BB,0,1,False,Ac Kh 7s,4c 9d,-20,20,5,0,20,-20
87,29,0,BTN,0,2,False,Kh 6h 4d 8d,5c 9d,0,0,7,0,20,-20
88,29,1,SB,0,0,False,,5s 8h,-10,10,2,0,-10,10
89,29,2,BB,0,1,False,Kh 6h 4d,Jc Th,20,-20,6,0,-20,20
90,30,0,BTN,0,3,True,Kd Tc 8h Ad Qd,8c 6c,-1755,1755,9,-1755,-10,1765
91,30,1,SB,0,0,False,,5c Ts,-10,10,2,0,-10,10
92,30,2,BB,0,3,True,Kd Tc 8h Ad Qd,Qs As,1523.8095238095239,-1523.8095238095239,10,0.0,-1523.8095238095239,1523.8095238095239
93,31,0,BTN,0,0,False,,7c 2s,0,0,4,0,-20,20
94,31,1,SB,0,0,False,,9d 5d,-10,10,2,0,-10,10
95,31,2,BB,0,3,True,Jc 6c 4d Ad 5s,Qd 3c,-20,20,9,0,20,-20
96,32,0,BTN,0,3,False,7c 3c 2d 8h As,7d Kc,0,0,10,0,-20,20
97,32,1,SB,0,2,False,7c 3c 2d 8h,6s 9c,-10,10,9,105,-10,-95
98,32,2,BB,0,1,False,7c 3c 2d,4d 5h,-20,20,8,40,-20,-20
99,33,0,BTN,0,0,False,,8s 4c,0,0,4,0,-20,20
100,33,1,SB,0,0,False,,4d 7c,-10,10,2,0,-10,10
101,33,2,BB,0,3,False,Th 9c 5s 8h Ad,Qc As,20,-20,10,0,-20,20
102,34,0,BTN,0,3,True,4c Js 6h Th 3h,Jh 5d,0,0,11,0,1604,-1604
103,34,1,SB,0,0,False,,Ts 4s,-10,10,2,0,-10,10
104,34,2,BB,0,3,True,4c Js 6h Th 3h,8c 4d,-320,320,9,0,320,-320
105,35,0,BTN,0,1,False,5c Ad 8d,2h 9d,0,0,5,0,120,-120
106,35,1,SB,0,3,True,5c Ad 8d Kh 9h,7d 7s,60,-60,9,0,60,-60
107,35,2,BB,0,0,False,,Jh 7c,-20,20,3,0,20,-20
108,36,0,BTN,0,3,True,3h 5s Jh 8h 7s,9c 9d,60,-60,9,60,-10,-50
109,36,1,SB,0,1,False,3h 5s Jh,Th 5c,-10,10,6,30,-10,-20
110,36,2,BB,0,3,True,3h 5s Jh 8h 7s,2d Qs,-20,20,12,40,-20,-20
111,37,0,BTN,0,3,True,Ts 8c 2s 2c 2d,As 9s,-1755,1755,9,-1755,-10,1765
112,37,1,SB,0,3,True,Ts 8c 2s 2c 2d,Kh 4s,-10,10,11,-1595,-10,1605
113,37,2,BB,0,3,True,Ts 8c 2s 2c 2d,Tc 6h,2020,-2020,13,-2000,-20,2020
114,38,0,BTN,0,3,True,Qd 2d Qc Js 4c,8s 5s,0,0,13,0,-1800,1800
115,38,1,SB,0,0,False,,2c 6h,-10,10,2,0,-10,10
116,38,2,BB,0,3,True,Qd 2d Qc Js 4c,Kd Jc,812,-812,12,0,-812,812
117,39,0,BTN,0,1,False,Ad Qd 3s,9c Jh,-50,50,5,-50,70,-20
118,39,1,SB,0,3,True,Ad Qd 3s 3h 5s,6h 6d,255,-255,10,-235,255,-20
119,39,2,BB,0,3,True,Ad Qd 3s 3h 5s,9s 4c,-20,20,12,-20,40,-20
120,40,0,BTN,0,3,True,Ad 2d 6c 8d 4h,Jd Qd,2010,-2010,10,2010,-10,-2000
121,40,1,SB,0,0,False,,Kh 3d,-10,10,2,0,-10,10
122,40,2,BB,0,3,True,Ad 2d 6c 8d 4h,9d 8c,80,-80,10,0,-80,80
123,41,0,BTN,0,0,False,,Jd 3s,0,0,4,0,-20,20
124,41,1,SB,0,0,False,,2s 3d,-10,10,2,0,-10,10
125,41,2,BB,0,2,False,6h Qd Qc 5d,9s 9h,20,-20,8,0,-20,20
126,42,0,BTN,0,1,False,Th 8d 2d,5s Qh,0,0,5,0,20,-20
127,42,1,SB,0,3,True,Th 8d 2d 7s 6c,Ac 9c,1482,-1482,11,0,1482,-1482
128,42,2,BB,0,1,False,Th 8d 2d,5c 4d,-20,20,5,0,20,-20
129,43,0,BTN,0,3,True,Qd 4s Qs 2h 9s,5c 3h,0,0,10,0,-1520,1520
130,43,1,SB,0,1,False,Qd 4s Qs,6h 4h,-60,60,6,0,-60,60
131,43,2,BB,0,3,True,Qd 4s Qs 2h 9s,Qh 8c,2000,-2000,11,0,-2000,2000
132,44,0,BTN,0,3,True,Jh 2s 9h Ks 7s,Th Kh,1637.1428571428573,-1637.142857142857,10,1637.1428571428573,-1617.142857142857,-20.0
133,44,1,SB,0,0,False,,7c Kd,-10,10,2,0,-10,10
134,44,2,BB,0,3,True,Jh 2s 9h Ks 7s,9s 4c,-320,320,9,0,320,-320
135,45,0,BTN,0,1,False,5d 3d Kd,Tc Ac,-50,50,5,-50,-10,60
136,45,1,SB,0,3,True,5d 3d Kd 8d 8s,4h 9c,-10,10,9,30,-10,-20
137,45,2,BB,0,3,True,5d 3d Kd 8d 8s,Ah 7h,-20,20,12,40,-20,-20
138,46,0,BTN,0,3,True,3s 6d Qd 8h Tc,2c 4d,0,0,10,0,-320,320
139,46,1,SB,0,0,False,,4c 6h,-10,10,2,0,-10,10
140,46,2,BB,0,2,False,3s 6d Qd 8h,2d Td,-40,40,7,0,40,-40
141,47,0,BTN,0,0,False,,Ts 6h,0,0,4,0,-20,20
142,47,1,SB,0,2,False,Js Td Jc Ac,8c 5c,-250,250,8,0,-250,250
143,47,2,BB,0,3,False,Js Td Jc Ac Ah,Qd Kd,46,-46,11,0,-46,46
144,48,0,BTN,0,1,False,5s Qd Td,6c Jd,0,0,5,0,20,-20
145,48,1,SB,0,2,False,5s Qd Td Qc,Ts As,100,-100,7,0,100,-100
146,48,2,BB,0,1,False,5s Qd Td,7c 8s,-20,20,5,0,20,-20
147,49,0,BTN,0,3,True,5s Qs Jd 2d 9d,2s Th,0,0,9,0,20,-20
148,49,1,SB,0,2,False,5s Qs Jd 2d,Kc 2c,100,-100,7,0,100,-100
149,49,2,BB,0,3,True,5s Qs Jd 2d 9d,7c 8c,-20,20,9,0,20,-20
150,50,0,BTN,0,3,True,3h 5c 4c 2h 2c,5d 9d,0,0,9,0,40,-40
151,50,1,SB,0,0,False,,Kc 7d,-10,10,2,0,-10,10
152,50,2,BB,0,3,True,3h 5c 4c 2h 2c,7s 9h,-40,40,9,0,40,-40
153,51,0,BTN,0,1,False,2c As Kd,6d 3c,0,0,6,0,-20,20
154,51,1,SB,0,0,False,,5c 9s,-10,10,2,0,-10,10
155,51,2,BB,0,3,True,2c As Kd Ts 4s,2d Qs,20,-20,9,0,-20,20
156,52,0,BTN,0,3,True,As 7d 8h 6c Kd,9h 7h,-1967,1967,10,-1967,2017,-50
157,52,1,SB,0,0,False,,Ts Ad,40,-40,4,-20,40,-20
158,52,2,BB,0,3,True,As 7d 8h 6c Kd,3h 4s,-20,20,11,-1694,1714,-20
159,53,0,BTN,0,3,True,Td 3s As Ah Qs,2c 4d,0,0,9,0,-20,20
160,53,1,SB,0,0,False,,7d 8h,-10,10,2,0,-10,10
161,53,2,BB,0,3,True,Td 3s As Ah Qs,9s 6h,20,-20,9,0,-20,20
162,54,0,BTN,0,3,False,Ad Jc 6c Tc As,4h 5s,0,0,11,0,-140,140
163,54,1,SB,0,0,False,,7d Qc,-10,10,2,0,-10,10
164,54,2,BB,0,1,False,Ad Jc 6c,9c Td,20,-20,6,0,-20,20
165,55,0,BTN,0,2,False,Qs 2d 5c 8d,7c Ac,-50,50,7,-50,-10,60
166,55,1,SB,0,3,True,Qs 2d 5c 8d 3d,4s Kh,-10,10,9,-20,-10,30
167,55,2,BB,0,3,True,Qs 2d 5c 8d 3d,6h 2s,40,-40,12,-20,-20,40
168,56,0,BTN,0,1,False,5h 6s As,7h 6d,0,0,5,0,20,-20
169,56,1,SB,0,3,False,5h 6s As Jc Jd,9d 9s,100,-100,9,0,100,-100
170,56,2,BB,0,1,False,5h 6s As,3c 8s,-20,20,5,0,20,-20
171,57,0,BTN,0,3,True,3d 7d Ah Ad 5s,Ts Kd,-50,50,12,-50,-50,100
172,57,1,SB,0,3,False,3d 7d Ah Ad 5s,Kh 8d,-100,100,10,0,-100,100
173,57,2,BB,0,2,False,3d 7d Ah Ad,9h 5c,-20,20,7,0,20,-20
174,58,0,BTN,0,3,True,Kh 4d Tc Qd Ts,9s As,-1755,1755,9,-1755,-10,1765
175,58,1,SB,0,3,True,Kh 4d Tc Qd Ts,6s 2d,-10,10,10,-1995,-10,2005
176,58,2,BB,0,3,True,Kh 4d Tc Qd Ts,4h Kd,386,-386,11,-366,-20,386
177,59,0,BTN,0,2,False,4d 9s 2c Ac,Td 8d,-215,215,7,-215,-10,225
178,59,1,SB,0,0,False,,2d 8s,-10,10,2,0,-10,10
179,59,2,BB,0,3,True,4d 9s 2c Ac 3d,Qs 4s,90,-90,10,0,-90,90
180,60,0,BTN,0,0,False,,Qs 7c,0,0,4,0,-20,20
181,60,1,SB,0,0,False,,2c Td,-10,10,2,0,-10,10
182,60,2,BB,0,3,True,2h Js 3s 5h 6d,8d Ad,-20,20,9,0,20,-20
183,61,0,BTN,0,1,False,Jd 6s 9d,3s 4c,0,0,6,0,-20,20
184,61,1,SB,0,0,False,,Kc 3c,20,-20,3,0,20,-20
185,61,2,BB,0,1,False,Jd 6s 9d,9s 4s,20,-20,6,0,-20,20
186,62,0,BTN,0,3,True,6s 9h 2s Kd 3c,7s Qs,142,-142,10,142,-10,-132
187,62,1,SB,0,3,False,6s 9h 2s Kd 3c,Kh 2h,60,-60,9,0,60,-60
188,62,2,BB,0,2,False,6s 9h 2s Kd,8h Td,-40,40,7,0,40,-40
189,63,0,BTN,0,3,True,5s Ah 8c 2s Tc,6c Ac,2275,-2275,14,2275,-275,-2000
190,63,1,SB,0,3,True,5s Ah 8c 2s Tc,Jc 5d,-10,10,10,1905,-10,-1895
191,63,2,BB,0,3,True,5s Ah 8c 2s Tc,Ks 5h,-1820,1820,15,2380,-560,-1820
192,64,0,BTN,0,3,False,Qc Ks 3c 4d 7h,9d 2s,0,0,10,0,-20,20
193,64,1,SB,0,3,False,Qc Ks 3c 4d 7h,5h Ad,-150,150,10,0,-150,150
194,64,2,BB,0,1,False,Qc Ks 3c,6c 5c,20,-20,6,0,-20,20
195,65,0,BTN,0,0,False,,2c 9h,0,0,4,0,-20,20
196,65,1,SB,0,0,False,,7s 4h,-10,10,2,0,-10,10
197,65,2,BB,0,3,True,5h Qd 6h 6d 7h,Td Ac,-20,20,9,0,20,-20
198,66,0,BTN,0,3,False,2s 4d 8d 4s As,Ah 5d,100,-100,14,100,-50,-50
199,66,1,SB,0,3,True,2s 4d 8d 4s As,Kd 7d,60,-60,9,0,60,-60
200,66,2,BB,0,3,True,2s 4d 8d 4s As,9d 5h,-20,20,9,0,20,-20
201,67,0,BTN,0,3,True,Ad 9c Jc 4c 2d,9s 4s,0,0,12,0,-1920,1920
202,67,1,SB,0,0,False,,Tc Kd,-60,60,4,0,-60,60
203,67,2,BB,0,3,True,Ad 9c Jc 4c 2d,Ks Ah,248,-248,12,0,-248,248
204,68,0,BTN,0,1,False,3h 5s Jd,Ks Jc,60,-60,6,60,-10,-50
205,68,1,SB,0,2,False,3h 5s Jd 2d,Kh 4h,-382,382,10,402,-382,-20
206,68,2,BB,0,1,False,3h 5s Jd,8d 6d,-20,20,8,40,-20,-20
207,69,0,BTN,0,3,True,5s 9s Qc Qh Qs,Jd 8s,0,0,9,0,-20,20
208,69,1,SB,0,0,False,,6h 2h,-10,10,2,0,-10,10
209,69,2,BB,0,3,True,5s 9s Qc Qh Qs,7s 2d,20,-20,9,0,-20,20
210,70,0,BTN,0,2,False,Ts 2h Qd As,Jh 6h,-78,78,7,-78,-10,88
211,70,1,SB,0,2,False,Ts 2h Qd As,Td Qc,-250,250,8,0,-250,250
212,70,2,BB,0,1,False,Ts 2h Qd,5c Ad,-170,170,7,0,170,-170
213,71,0,BTN,0,2,False,9s Jd 4h 3c,Th Ks,-78,78,7,-78,-10,88
214,71,1,SB,0,0,False,,9d 2h,-10,10,2,0,-10,10
215,71,2,BB,0,3,True,9s Jd 4h 3c 3s,4s Tc,-1280,1280,9,0,1280,-1280
216,72,0,BTN,0,3,True,2h Kd 4s 4h 6s,Kh 8d,2010,-2010,10,2010,-10,-2000
217,72,1,SB,0,0,False,,9h 3c,-10,10,2,0,-10,10
218,72,2,BB,0,1,False,2h Kd 4s,Ac 6d,20,-20,6,0,-20,20
219,73,0,BTN,0,1,False,Jd Qs 9h,2s 2c,60,-60,6,60,-10,-50
220,73,1,SB,0,0,False,,8s Jh,-10,10,2,0,-10,10
221,73,2,BB,0,1,False,Jd Qs 9h,5h 7c,-20,20,5,0,20,-20
222,74,0,BTN,0,0,False,,4c Jd,0,0,4,0,-20,20
223,74,1,SB,0,0,False,,6d 7c,-10,10,2,0,-10,10
224,74,2,BB,0,3,True,Ks 2d 5d As Td,7h Jh,20,-20,9,0,-20,20
225,75,0,BTN,0,2,False,Kh 8h As 2c,Th 9d,-215,215,7,-215,-10,225
226,75,1,SB,0,0,False,,7h 6d,-10,10,2,0,-10,10
227,75,2,BB,0,1,False,Kh 8h As,8c 8d,20,-20,6,0,-20,20
228,76,0,BTN,0,3,True,Jd 4c 8s 7c Qc,As 9c,-50,50,13,-50,-1967,2017
229,76,1,SB,0,3,True,Jd 4c 8s 7c Qc,Ac 9s,10,-10,12,10,10,-20
230,76,2,BB,0,3,False,Jd 4c 8s 7c Qc,Js 4d,358,-358,15,-179,-179,358
231,77,0,BTN,0,1,False,4d 5c 2s,6h 3c,0,0,5,0,20,-20
232,77,1,SB,0,2,False,4d 5c 2s 3h,As 4h,60,-60,7,0,60,-60
233,77,2,BB,0,1,False,4d 5c 2s,9h Qs,-20,20,5,0,20,-20
234,78,0,BTN,0,1,False,Kc Ks 9d,Td 2d,0,0,7,0,-120,120
235,78,1,SB,0,0,False,,6c 5d,-10,10,2,0,-10,10
236,78,2,BB,0,1,False,Kc Ks 9d,Kd Qd,20,-20,6,0,-20,20
237,79,0,BTN,0,1,False,7c 6c 5c,Ac 3c,70,-70,6,70,-50,-20
238,79,1,SB,0,0,False,,5s Kh,-10,10,2,0,-10,10
239,79,2,BB,0,2,False,7c 6c 5c Kd,2d Th,-20,20,7,0,20,-20
240,80,0,BTN,0,3,True,6h 8s 5c 7h 7d,Kc 7c,-1967,1967,10,-1967,2017,-50
241,80,1,SB,0,3,True,6h 8s 5c 7h 7d,9s 7s,2020,-2020,12,-2000,2020,-20
242,80,2,BB,0,3,True,6h 8s 5c 7h 7d,3h 9d,-20,20,10,-1910,1930,-20
243,81,0,BTN,0,2,False,6c 4c 5s 9h,8h 4s,0,0,7,0,40,-40
244,81,1,SB,0,3,True,6c 4c 5s 9h 8d,As 5h,-240,240,10,0,-240,240
245,81,2,BB,0,2,False,6c 4c 5s 9h,Qs 8c,-60,60,8,0,60,-60
246,82,0,BTN,0,3,True,Ks Qh 3h Ts Kh,Kc 5d,0,0,9,0,-20,20
247,82,1,SB,0,3,True,Ks Qh 3h Ts Kh,5s 4s,-250,250,9,0,-250,250
248,82,2,BB,0,3,True,Ks Qh 3h Ts Kh,Jd 2d,20,-20,9,0,-20,20
249,83,0,BTN,0,3,True,Ad Tc 4h 8c 8h,4d Ts,0,0,11,0,1604,-1604
250,83,1,SB,0,3,True,Ad Tc 4h 8c 8h,5s Ac,1615,-1615,10,0,1615,-1615
251,83,2,BB,0,3,True,Ad Tc 4h 8c 8h,Th 3d,-1280,1280,9,0,1280,-1280
252,84,0,BTN,0,3,True,Ks Js 9h Th Kd,8s 3h,0,0,9,0,0,0
253,84,1,SB,0,0,False,,4c Jh,-10,10,2,0,-10,10
254,84,2,BB,0,3,True,Ks Js 9h Th Kd,3s Jc,0,0,9,0,0,0
255,85,0,BTN,0,0,False,,6s 4c,0,0,4,0,-20,20
256,85,1,SB,0,1,False,Jh Td 4s,8d 5d,-100,100,6,0,-100,100
257,85,2,BB,0,1,False,Jh Td 4s,Qs Jd,20,-20,6,0,-20,20
258,86,0,BTN,0,1,False,Kc 6c Th,8s 4d,0,0,5,0,20,-20
259,86,1,SB,0,0,False,,Qh 6d,-10,10,2,0,-10,10
260,86,2,BB,0,1,False,Kc 6c Th,3d Js,-20,20,5,0,20,-20
261,87,0,BTN,0,3,True,Ah Ts Qh 5s 3d,4h Qd,0,0,11,0,-1604,1604
262,87,1,SB,0,3,True,Ah Ts Qh 5s 3d,9h Kh,-1740,1740,12,0,-1740,1740
263,87,2,BB,0,3,True,Ah Ts Qh 5s 3d,As 7s,557,-557,11,0,-557,557
264,88,0,BTN,0,3,False,4d 7c 4c Kh 5d,Qc 3c,-543,543,10,-543,-10,553
265,88,1,SB,0,2,False,4d 7c 4c Kh,Qs 9c,-60,60,8,0,-60,60
266,88,2,BB,0,3,True,4d 7c 4c Kh 5d,Qd Kd,107,-107,11,0,-107,107
267,89,0,BTN,0,3,True,3c 7s 7c 5h Jc,6d Kh,0,0,10,0,-120,120
268,89,1,SB,0,3,True,3c 7s 7c 5h Jc,4s Qd,-10,10,10,-120,-10,130
269,89,2,BB,0,3,True,3c 7s 7c 5h Jc,Ks 8c,40,-40,12,-20,-20,40
270,90,0,BTN,0,3,True,2s 5s Qc 9c 3h,4h Tc,0,0,11,0,-1604,1604
271,90,1,SB,0,0,False,,6c 6d,20,-20,3,0,20,-20
272,90,2,BB,0,3,True,2s 5s Qc 9c 3h,9s 7h,320,-320,9,0,-320,320
273,91,0,BTN,0,3,True,6h Ts 9c 5h 8h,9d Kh,142,-142,10,142,-10,-132
274,91,1,SB,0,2,False,6h Ts 9c 5h,Ad 3s,-10,10,9,105,-10,-95
275,91,2,BB,0,1,False,6h Ts 9c,4d Ac,-20,20,8,40,-20,-20
276,92,0,BTN,0,3,True,6c 8c Kc Jh 4h,Tc 3s,0,0,11,0,-160,160
277,92,1,SB,0,0,False,,Qd 3c,-10,10,2,0,-10,10
278,92,2,BB,0,3,True,6c 8c Kc Jh 4h,8d 7s,20,-20,9,0,-20,20
279,93,0,BTN,0,2,False,5h Kh 5c 6d,2d 4h,0,0,8,0,-20,20
280,93,1,SB,0,0,False,,3d 8s,-10,10,2,0,-10,10
281,93,2,BB,0,3,True,5h Kh 5c 6d Ac,7d 6s,20,-20,9,0,-20,20
282,94,0,BTN,0,3,False,7d Th 8h Qd Ks,Qs 2h,0,0,9,0,20,-20
283,94,1,SB,0,0,False,,4s Kh,-10,10,2,0,-10,10
284,94,2,BB,0,3,False,7d Th 8h Qd Ks,4h Ad,-20,20,9,0,20,-20
285,95,0,BTN,0,3,True,Jd 5h Td Ks 4h,Ah 2s,0,0,10,0,-1920,1920
286,95,1,SB,0,0,False,,Jh 8d,-10,10,2,0,-10,10
287,95,2,BB,0,3,True,Jd 5h Td Ks 4h,Ts Kh,2000,-2000,10,0,-2000,2000
288,96,0,BTN,0,3,True,2h Th 5h 7s 4h,6c 9s,0,0,10,0,120,-120
289,96,1,SB,0,0,False,,Kc 4d,-10,10,2,0,-10,10
290,96,2,BB,0,1,False,2h Th 5h,Jd Ks,20,-20,6,0,-20,20
291,97,0,BTN,0,3,True,8h 2h 4h 4c 2c,Qh 7s,0,0,9,0,0,0
292,97,1,SB,0,0,False,,3s 7h,-10,10,2,0,-10,10
293,97,2,BB,0,1,False,8h 2h 4h,6h 7c,20,-20,6,0,-20,20
294,98,0,BTN,0,3,True,6d Kh 7c Kc Ac,5h Tc,0,0,9,0,20,-20
295,98,1,SB,0,0,False,,Qh 4d,-10,10,2,0,-10,10
296,98,2,BB,0,3,True,6d Kh 7c Kc Ac,8d 3d,-20,20,9,0,20,-20
297,99,0,BTN,0,2,False,Kh Kc Qs 6c,Qh 4s,0,0,8,0,-20,20
298,99,1,SB,0,0,False,,Js 7d,-10,10,2,0,-10,10
299,99,2,BB,0,3,True,Kh Kc Qs 6c Kd,6d 2h,46,-46,10,0,-46,46
300,100,0,BTN,0,2,False,3c 4h 2s As,Kd 6d,-50,50,7,-50,70,-20
301,100,1,SB,0,3,True,3c 4h 2s As Ks,Ac Jh,240,-240,10,0,240,-240
302,100,2,BB,0,3,True,3c 4h 2s As Ks,Th 4c,-320,320,9,0,320,-320
303,101,0,BTN,0,2,False,7d Kh Jh 9h,4s 6c,0,0,9,0,-80,80
304,101,1,SB,0,1,False,7d Kh Jh,Ac 4d,-60,60,6,0,-60,60
305,101,2,BB,0,3,True,7d Kh Jh 9h 2s,Jc 3s,20,-20,9,0,-20,20
306,102,0,BTN,0,3,True,6c 3c 8c 5h 6s,Jh 5d,0,0,9,0,20,-20
307,102,1,SB,0,1,False,6c 3c 8c,Jc Td,60,-60,5,0,60,-60
308,102,2,BB,0,3,True,6c 3c 8c 5h 6s,Ts 2d,-20,20,9,0,20,-20
309,103,0,BTN,0,3,True,Kh Ah 4d Kd Jc,Jd 2h,0,0,10,0,-120,120
310,103,1,SB,0,3,True,Kh Ah 4d Kd Jc,Qs 5s,-60,60,9,0,-60,60
311,103,2,BB,0,3,True,Kh Ah 4d Kd Jc,3h 3s,186,-186,11,0,-186,186
312,104,0,BTN,0,1,False,Jc 3s 3h,4c Qd,0,0,5,0,20,-20
313,104,1,SB,0,0,False,,3d 7c,-10,10,2,0,-10,10
314,104,2,BB,0,1,False,Jc 3s 3h,5c 8h,-20,20,5,0,20,-20
315,105,0,BTN,0,2,False,3h 2c Th 2d,4h 7h,0,0,8,0,-20,20
316,105,1,SB,0,0,False,,Jd 5h,-10,10,2,0,-10,10
317,105,2,BB,0,2,False,3h 2c Th 2d,6s 2s,20,-20,8,0,-20,20
318,106,0,BTN,0,3,False,7s Tc 7h Ad 5d,7d 8s,0,0,9,0,20,-20
319,106,1,SB,0,0,False,,5h 8d,-10,10,2,0,-10,10
320,106,2,BB,0,1,False,7s Tc 7h,8c Qc,20,-20,6,0,-20,20
321,107,0,BTN,0,3,False,5d 9d Qd As 8d,Tc 9h,-202,202,10,-202,-10,212
322,107,1,SB,0,0,False,,Js 8h,-10,10,2,0,-10,10
323,107,2,BB,0,3,False,5d 9d Qd As 8d,3d Kc,20,-20,10,0,-20,20
324,108,0,BTN,0,3,True,2c 2d Qh 3h 9s,5s 7c,0,0,9,0,320,-320
325,108,1,SB,0,3,True,2c 2d Qh 3h 9s,5c 5d,250,-250,9,0,250,-250
326,108,2,BB,0,3,True,2c 2d Qh 3h 9s,Ks 6c,-1760,1760,12,0,1760,-1760
327,109,0,BTN,0,3,True,3h Kc 8d 8h 6h,3d 9d,0,0,10,0,-1520,1520
328,109,1,SB,0,0,False,,Td 3s,-10,10,2,0,-10,10
329,109,2,BB,0,1,False,3h Kc 8d,8c Jd,-20,20,5,0,20,-20
330,110,0,BTN,0,3,True,Kh 5s 3s Qs 4h,Ah Qc,515,-515,10,515,-10,-505
331,110,1,SB,0,0,False,,Tc 6d,-10,10,2,0,-10,10
332,110,2,BB,0,3,True,Kh 5s 3s Qs 4h,3d 7h,20,-20,9,0,-20,20
333,111,0,BTN,0,1,False,5h 8c Qs,3h 8d,0,0,5,0,20,-20
334,111,1,SB,0,3,True,5h 8c Qs 2h 3s,8s 6s,60,-60,9,0,60,-60
335,111,2,BB,0,1,False,5h 8c Qs,6h 3c,-20,20,5,0,20,-20
336,112,0,BTN,0,3,True,3h Ah 6c 9d 6d,Qd Ad,832,-832,14,832,-50,-782
337,112,1,SB,0,3,True,3h Ah 6c 9d 6d,8c Kc,-88,88,14,1628,-88,-1540
338,112,2,BB,0,2,False,3h Ah 6c 9d,7c Kh,-110,110,11,130,-20,-110
339,113,0,BTN,0,1,False,6h Kd Ad,6s 4h,0,0,6,0,-20,20
340,113,1,SB,0,0,False,,2h 4d,-10,10,2,0,-10,10
341,113,2,BB,0,3,True,6h Kd Ad 8d Qc,6c 2s,20,-20,9,0,-20,20
342,114,0,BTN,0,2,False,4s 2s 7h Ts,5s 5c,60,-60,8,60,-10,-50
343,114,1,SB,0,2,False,4s 2s 7h Ts,Qh 3s,-10,10,8,30,-10,-20
344,114,2,BB,0,3,True,4s 2s 7h Ts Qd,8d 9c,-20,20,12,-110,130,-20
345,115,0,BTN,0,3,True,3s 3d 4s Ks 8h,4d Tc,0,0,9,0,20,-20
346,115,1,SB,0,2,False,3s 3d 4s Ks,Qh Ts,60,-60,7,0,60,-60
347,115,2,BB,0,3,True,3s 3d 4s Ks 8h,5h 2h,-20,20,9,0,20,-20
348,116,0,BTN,0,3,True,6d Js Qh Tc 4s,8s 6h,0,0,9,0,-20,20
349,116,1,SB,0,0,False,,Ks 2h,-10,10,2,0,-10,10
350,116,2,BB,0,1,False,6d Js Qh,9h 4h,20,-20,6,0,-20,20
351,117,0,BTN,0,0,False,,8s Qc,0,0,3,0,20,-20
352,117,1,SB,0,3,True,4h 5h 6s 2s Tc,As Kc,-60,60,9,0,-60,60
353,117,2,BB,0,0,False,,9s 6h,-20,20,3,0,20,-20
354,118,0,BTN,0,3,False,Jc 2d Ah Qs Kh,Ts Kc,60,-60,10,60,-10,-50
355,118,1,SB,0,0,False,,Kd 4s,-10,10,2,0,-10,10
356,118,2,BB,0,3,False,Jc 2d Ah Qs Kh,8d 2s,-20,20,9,0,20,-20
357,119,0,BTN,0,3,True,Td As 7d 9d 6s,8s Kc,0,0,11,0,-1604,1604
358,119,1,SB,0,0,False,,7s 3c,-10,10,2,0,-10,10
359,119,2,BB,0,3,True,Td As 7d 9d 6s,Qs 7c,80,-80,9,0,-80,80
360,120,0,BTN,0,3,True,Kh 3c 6c 4c Th,Qd 9s,60,-60,9,60,-10,-50
361,120,1,SB,0,0,False,,2h Ts,-10,10,2,0,-10,10
362,120,2,BB,0,3,False,Kh 3c 6c 4c Th,8s Jh,-20,20,9,0,20,-20
363,121,0,BTN,0,2,False,6s Jh Qh Js,8c Ks,0,0,8,0,120,-120
364,121,1,SB,0,3,True,6s Jh Qh Js 2s,5d 5h,60,-60,9,0,60,-60
365,121,2,BB,0,2,False,6s Jh Qh Js,3h 4c,-20,20,7,0,20,-20
366,122,0,BTN,0,2,False,8s Qd 4s 7c,7h Qh,149,-149,9,149,-129,-20
367,122,1,SB,0,3,True,8s Qd 4s 7c Kc,Jd 6d,-250,250,9,0,-250,250
368,122,2,BB,0,3,True,8s Qd 4s 7c Kc,Td 4h,20,-20,9,0,-20,20
369,123,0,BTN,0,3,True,Td 2d 3d Ks 7c,5c 8h,0,0,9,0,-20,20
370,123,1,SB,0,0,False,,6h 9c,-10,10,2,0,-10,10
371,123,2,BB,0,3,True,Td 2d 3d Ks 7c,2c 8s,20,-20,9,0,-20,20
372,124,0,BTN,0,3,True,Jd 4c Ad 3c Qd,As 5d,-854.3,854.3000000000002,8,-854.3,874.3000000000002,-20.0
373,124,1,SB,0,3,False,Jd 4c Ad 3c Qd,Ah 8h,60,-60,9,0,60,-60
374,124,2,BB,0,1,False,Jd 4c Ad,Tc 2d,-20,20,5,0,20,-20
375,125,0,BTN,0,3,True,Th 9c Qd 3h Qc,5h 6d,0,0,10,0,640,-640
376,125,1,SB,0,0,False,,5d 9d,-10,10,2,0,-10,10
377,125,2,BB,0,3,True,Th 9c Qd 3h Qc,As 3c,-960,960,10,0,960,-960
378,126,0,BTN,0,3,True,4h 9d 2c Tc 9h,8c 9c,2010,-2010,13,2010,-10,-2000
379,126,1,SB,0,0,False,,5c 4d,-10,10,2,0,-10,10
380,126,2,BB,0,3,True,4h 9d 2c Tc 9h,Th Qd,2000,-2000,12,0,-2000,2000
381,127,0,BTN,0,3,True,Jc 5h 4s 8h Qc,6d 8s,0,0,9,0,-40,40
382,127,1,SB,0,1,False,Jc 5h 4s,Ks 9c,-60,60,6,0,-60,60
383,127,2,BB,0,3,True,Jc 5h 4s 8h Qc,As 6s,40,-40,9,0,-40,40
384,128,0,BTN,0,1,False,9c 6s Ac,Kh 4c,0,0,5,0,20,-20
385,128,1,SB,0,0,False,,6c 7d,-10,10,2,0,-10,10
386,128,2,BB,0,1,False,9c 6s Ac,3s 7s,-20,20,5,0,20,-20
387,129,0,BTN,0,1,False,Kh 8h 8d,4d 8s,0,0,5,0,20,-20
388,129,1,SB,0,3,False,Kh 8h 8d Jh Ks,8c Qc,60,-60,9,0,60,-60
389,129,2,BB,0,1,False,Kh 8h 8d,7s 5d,-20,20,5,0,20,-20
390,130,0,BTN,0,1,False,Ah Th 8c,3d 9c,0,0,6,0,120,-120
391,130,1,SB,0,3,True,Ah Th 8c 7c Jh,4h Ad,-1600,1600,11,0,-1600,1600
392,130,2,BB,0,2,False,Ah Th 8c 7c,7s Js,-80,80,7,0,80,-80
393,131,0,BTN,0,3,True,6s 8s 9c 2h 5c,5h 8d,0,0,10,0,1520,-1520
394,131,1,SB,0,0,False,,8h 2c,-10,10,2,0,-10,10
395,131,2,BB,0,3,True,6s 8s 9c 2h 5c,5s 6d,-2000,2000,10,0,2000,-2000
396,132,0,BTN,0,3,True,Kc Qs 8d 3h 6c,7c Qc,1541.4285714285716,-1541.4285714285716,9,1541.4285714285716,-1521.4285714285716,-20.0
397,132,1,SB,0,3,False,Kc Qs 8d 3h 6c,8h 6h,60,-60,9,0,60,-60
398,132,2,BB,0,1,False,Kc Qs 8d,4d Th,-20,20,5,0,20,-20
399,133,0,BTN,0,0,False,,6s Jh,0,0,4,0,-20,20
400,133,1,SB,0,0,False,,5c 2s,-10,10,2,0,-10,10
401,133,2,BB,0,3,True,3d 7h 3h 6h 7s,4s Kd,20,-20,9,0,-20,20
402,134,0,BTN,0,3,True,7c 5h 3d 3h 8c,5d 6d,-327,327,9,-327,-10,337
403,134,1,SB,0,1,False,7c 5h 3d,9d Tc,-60,60,6,0,-60,60
404,134,2,BB,0,3,True,7c 5h 3d 3h 8c,5c Th,20,-20,9,0,-20,20
405,135,0,BTN,0,1,False,3d Ks 3c,8h Qc,0,0,6,0,-20,20
406,135,1,SB,0,0,False,,4d 5h,-10,10,2,0,-10,10
407,135,2,BB,0,1,False,3d Ks 3c,Ah 8c,20,-20,6,0,-20,20
408,136,0,BTN,0,1,False,Jd 9c Qd,Qs 3c,0,0,6,0,120,-120
409,136,1,SB,0,2,False,Jd 9c Qd 4s,Qh Kc,100,-100,7,0,100,-100
410,136,2,BB,0,2,False,Jd 9c Qd 4s,7c Ks,-80,80,7,0,80,-80
411,137,0,BTN,0,1,False,2h 7d 9c,Ks 9s,60,-60,6,60,-10,-50
412,137,1,SB,0,1,False,2h 7d 9c,9d 4d,-10,10,6,30,-10,-20
413,137,2,BB,0,3,True,2h 7d 9c 7h 7s,8s 4c,-20,20,11,10,10,-20
414,138,0,BTN,0,3,True,Kc Jd Th 8c Ac,6d Td,60,-60,9,60,-10,-50
415,138,1,SB,0,0,False,,3s Qh,-10,10,2,0,-10,10
416,138,2,BB,0,1,False,Kc Jd Th,4d 5d,-20,20,5,0,20,-20
417,139,0,BTN,0,1,False,Kd Td 5d,Ac Kc,60,-60,6,60,-10,-50
418,139,1,SB,0,1,False,Kd Td 5d,Th 3c,-10,10,6,30,-10,-20
419,139,2,BB,0,1,False,Kd Td 5d,6s 9c,-20,20,8,40,-20,-20
420,140,0,BTN,0,2,False,2d 7s 9d 3h,Kc Jd,-275,275,8,-275,325,-50
421,140,1,SB,0,3,False,2d 7s 9d 3h Td,Kd 9h,537,-537,10,-517,537,-20
422,140,2,BB,0,1,False,2d 7s 9d,5h 8s,-20,20,6,-20,40,-20
423,141,0,BTN,0,1,False,5c 8h 9h,As 4s,-50,50,5,-50,70,-20
424,141,1,SB,0,3,True,5c 8h 9h Td 2d,9c 9d,139,-139,9,0,139,-139
425,141,2,BB,0,1,False,5c 8h 9h,7c 2c,-20,20,5,0,20,-20
426,142,0,BTN,0,3,True,Kc Tc 4h 2d Ts,Kh 9h,-2000,2000,11,-2000,2050,-50
427,142,1,SB,0,3,True,Kc Tc 4h 2d Ts,Ac Th,-1511.2380952380952,1511.2380952380954,12,2643.2380952380954,-1511.2380952380952,-1132.0
428,142,2,BB,0,3,True,Kc Tc 4h 2d Ts,Ah 9d,-20,20,12,-1910,1930,-20
429,143,0,BTN,0,0,False,,5h 9s,0,0,4,0,-20,20
430,143,1,SB,0,0,False,,4h 7c,-10,10,2,0,-10,10
431,143,2,BB,0,2,False,Qc 7h 6c 8h,Td Ac,-80,80,7,0,80,-80
432,144,0,BTN,0,1,False,7s Ad Qh,Ks 5c,0,0,6,0,-20,20
433,144,1,SB,0,0,False,,Jd 2s,-10,10,2,0,-10,10
434,144,2,BB,0,3,True,7s Ad Qh 2h 3s,Qs 8h,107,-107,11,0,-107,107
435,145,0,BTN,0,2,False,6c 3c Td 5d,5s Ad,60,-60,8,60,-10,-50
436,145,1,SB,0,0,False,,2h Jd,-10,10,2,0,-10,10
437,145,2,BB,0,1,False,6c 3c Td,8h 9c,20,-20,6,0,-20,20
438,146,0,BTN,0,3,True,6d 4s Qs 9s 2d,Jd 9d,100,-100,12,100,-50,-50
439,146,1,SB,0,2,False,6d 4s Qs 9s,7d Ad,-235,235,9,255,-235,-20
440,146,2,BB,0,3,True,6d 4s Qs 9s 2d,5s Ac,-20,20,12,40,-20,-20
441,147,0,BTN,0,3,True,6d Qs 4s Kc 7h,9d 2s,0,0,11,0,-1704,1704
442,147,1,SB,0,0,False,,9c As,-60,60,4,0,-60,60
443,147,2,BB,0,3,True,6d Qs 4s Kc 7h,Qd Qh,1076,-1076,12,0,-1076,1076
444,148,0,BTN,0,1,False,3d Jd 7c,Jh 3h,0,0,6,0,-20,20
445,148,1,SB,0,3,True,3d Jd 7c Th 6c,4h Tc,-10,10,11,1605,-10,-1595
446,148,2,BB,0,3,True,3d Jd 7c Th 6c,8d 7s,-1595,1595,12,1605,-10,-1595
447,149,0,BTN,0,3,True,Td Jd Ks 7d As,Qs Qd,-1389.2857142857142,1389.2857142857142,10,-1389.2857142857142,1664.2857142857142,-275.0
448,149,1,SB,0,3,True,Td Jd Ks 7d As,Ad Kc,2571.4285714285716,-2571.4285714285716,12,-1142.857142857143,2571.4285714285716,-1428.5714285714284
449,149,2,BB,0,3,True,Td Jd Ks 7d As,Js 3s,-110,110,13,2020,-1910,-110
450,150,0,BTN,0,2,False,3h 3s Jh 4h,Kc 8s,-50,50,10,-50,-50,100
451,150,1,SB,0,3,True,3h 3s Jh 4h Kh,Kd Qs,-1644,1644,12,0,-1644,1644
452,150,2,BB,0,3,True,3h 3s Jh 4h Kh,8h Th,432,-432,12,0,-432,432
453,151,0,BTN,0,3,True,3h Td 6d 4h 2h,8c 2d,0,0,12,0,-1280,1280
454,151,1,SB,0,3,True,3h Td 6d 4h 2h,3s Qs,-1992,1992,12,0,-1992,1992
455,151,2,BB,0,3,True,3h Td 6d 4h 2h,Kd 6c,20,-20,9,0,-20,20
456,152,0,BTN,0,3,True,7c 6d Kh 2d Qh,3h 5d,0,0,9,0,20,-20
457,152,1,SB,0,3,True,7c 6d Kh 2d Qh,Jh As,100,-100,9,0,100,-100
458,152,2,BB,0,3,True,7c 6d Kh 2d Qh,4c Ad,-80,80,10,0,80,-80
459,153,0,BTN,0,2,False,Th Jc 5h 4d,Kd 7h,0,0,7,0,20,-20
460,153,1,SB,0,3,False,Th Jc 5h 4d 8d,4h Ks,-10,10,9,-20,-10,30
461,153,2,BB,0,3,True,Th Jc 5h 4d 8d,8c Ad,40,-40,12,-20,-20,40
462,154,0,BTN,0,3,True,Ad Ts 2h Qc As,Kc 7d,0,0,9,0,0,0
463,154,1,SB,0,3,True,Ad Ts 2h Qc As,8c 9s,-88,88,10,108,-88,-20
464,154,2,BB,0,3,True,Ad Ts 2h Qc As,9d 4s,-20,20,12,40,-20,-20
465,155,0,BTN,0,1,False,7h 3c Ac,5h Ks,0,0,5,0,20,-20
466,155,1,SB,0,2,False,7h 3c Ac Kh,Qs As,60,-60,7,0,60,-60
467,155,2,BB,0,1,False,7h 3c Ac,2h 6d,-20,20,5,0,20,-20
468,156,0,BTN,0,2,False,8c 6s 2d Th,4d 5d,-230,230,7,-230,250,-20
469,156,1,SB,0,3,True,8c 6s 2d Th Tc,Js As,-100,100,9,0,-100,100
470,156,2,BB,0,1,False,8c 6s 2d,2c 5c,-20,20,5,0,20,-20
471,157,0,BTN,0,0,False,,3c Ts,0,0,4,0,-20,20
472,157,1,SB,0,0,False,,3s 5d,-10,10,2,0,-10,10
473,157,2,BB,0,3,True,4s 7c 8d 4c Jd,6s Qc,20,-20,9,0,-20,20
474,158,0,BTN,0,3,True,9s 3c 9d Qs Ks,Js 2c,0,0,11,0,-1604,1604
475,158,1,SB,0,3,True,9s 3c 9d Qs Ks,6d 6h,-1992,1992,12,0,-1992,1992
476,158,2,BB,0,3,True,9s 3c 9d Qs Ks,9h Kd,742,-742,10,0,-742,742
477,159,0,BTN,0,1,False,Ah 5h Ks,3s Qd,0,0,5,0,20,-20
478,159,1,SB,0,3,False,Ah 5h Ks Qh 5d,Ac Jd,100,-100,9,0,100,-100
479,159,2,BB,0,1,False,Ah 5h Ks,4h 2s,-20,20,5,0,20,-20
480,160,0,BTN,0,3,False,8h Jd Ah Jc Th,Ac Js,232,-232,12,232,-10,-222
481,160,1,SB,0,1,False,8h Jd Ah,3c 5h,-10,10,6,30,-10,-20
482,160,2,BB,0,1,False,8h Jd Ah,5c 9c,-20,20,8,40,-20,-20
483,161,0,BTN,0,2,False,5h 9d 2d 3c,5d 7c,0,0,7,0,20,-20
484,161,1,SB,0,0,False,,7h 3s,-10,10,2,0,-10,10
485,161,2,BB,0,2,False,5h 9d 2d 3c,8s Qs,-20,20,7,0,20,-20
486,162,0,BTN,0,3,True,3s Kd 2d 4s 3c,Jd Jc,-1755,1755,9,-1755,-10,1765
487,162,1,SB,0,3,True,3s Kd 2d 4s 3c,7d Tc,-10,10,10,-1895,-10,1905
488,162,2,BB,0,3,True,3s Kd 2d 4s 3c,Kc 2h,2020,-2020,13,-2000,-20,2020
489,163,0,BTN,0,3,True,9c Ad 3h Kd Qc,Ks 6s,1532.6190476190477,-1532.6190476190477,8,1532.6190476190477,-10.0,-1522.6190476190477
490,163,1,SB,0,0,False,,4s 2h,-10,10,2,0,-10,10
491,163,2,BB,0,1,False,9c Ad 3h,9d 7s,20,-20,6,0,-20,20
492,164,0,BTN,0,3,True,5d 3d Qh 9h Ks,Ac Qd,-2000,2000,12,-2000,-10,2010
493,164,1,SB,0,0,False,,Td 6s,-10,10,2,0,-10,10
494,164,2,BB,0,3,False,5d 3d Qh 9h Ks,Kh 2c,20,-20,10,0,-20,20
495,165,0,BTN,0,3,True,5c Ks As 5h 7h,8h 4c,0,0,9,0,1280,-1280
496,165,1,SB,0,3,True,5c Ks As 5h 7h,Kc 8d,232,-232,9,0,232,-232
497,165,2,BB,0,3,True,5c Ks As 5h 7h,Qc Td,-1280,1280,9,0,1280,-1280
498,166,0,BTN,0,3,False,8h 5s 4h 8c Qc,Qh As,96,-96,11,96,-10,-86
499,166,1,SB,0,3,False,8h 5s 4h 8c Qc,3s Qs,100,-100,9,0,100,-100
500,166,2,BB,0,3,False,8h 5s 4h 8c Qc,9d 6c,-20,20,9,0,20,-20
501,167,0,BTN,0,1,False,Kh Qc 2c,3s 5s,0,0,6,0,-20,20
502,167,1,SB,0,0,False,,7c 6s,-10,10,2,0,-10,10
503,167,2,BB,0,1,False,Kh Qc 2c,Qs 4c,20,-20,6,0,-20,20
504,168,0,BTN,0,2,False,Jh 9d 8d 7d,4s 3h,0,0,7,0,20,-20
505,168,1,SB,0,0,False,,3d 9h,-10,10,2,0,-10,10
506,168,2,BB,0,2,False,Jh 9d 8d 7d,2d 6s,-20,20,7,0,20,-20
507,169,0,BTN,0,3,True,8d 7s Jc Jh 2d,7c 7d,2050,-2050,14,2050,-50,-2000
508,169,1,SB,0,0,False,,Ah 5d,-88,88,5,108,-88,-20
509,169,2,BB,0,3,True,8d 7s Jc Jh 2d,Jd 4d,-2000,2000,13,2020,-20,-2000
510,170,0,BTN,0,2,False,Th Ts 5h 9d,6s 5c,0,0,9,0,-80,80
511,170,1,SB,0,0,False,,6h Js,-10,10,2,0,-10,10
512,170,2,BB,0,3,True,Th Ts 5h 9d Jc,8c 5s,-80,80,9,0,80,-80
513,171,0,BTN,0,3,True,9h 3c 6s 6h 8d,5s 5c,-1755,1755,9,-1755,-10,1765
514,171,1,SB,0,3,True,9h 3c 6s 6h 8d,As 2h,-10,10,10,-1895,-10,1905
515,171,2,BB,0,3,True,9h 3c 6s 6h 8d,Td 6d,172,-172,12,-152,-20,172
516,172,0,BTN,0,2,False,8h 2c Jd Jc,7d Kd,-50,50,7,-50,-10,60
517,172,1,SB,0,3,True,8h 2c Jd Jc 6s,Td 4h,-10,10,9,-95,-10,105
518,172,2,BB,0,3,True,8h 2c Jd Jc 6s,Ac 3d,30,-30,9,-20,-10,30
519,173,0,BTN,0,0,False,,5h 6s,0,0,4,0,-20,20
520,173,1,SB,0,0,False,,9c 4h,-10,10,2,0,-10,10
521,173,2,BB,0,3,True,Jh 2s 4s Qh 4c,Jd Ah,-2000,2000,10,0,2000,-2000
522,174,0,BTN,0,1,False,4c Jd 8h,8s Kh,0,0,6,0,-20,20
523,174,1,SB,0,0,False,,Ks 5c,-10,10,2,0,-10,10
524,174,2,BB,0,3,True,4c Jd 8h 6d 7d,8c 5h,0,0,13,0,0,0
525,175,0,BTN,0,3,False,4d 2h Ac Qh Jh,As 8c,96,-96,11,96,-10,-86
526,175,1,SB,0,0,False,,Qs 5h,-10,10,2,0,-10,10
527,175,2,BB,0,3,False,4d 2h Ac Qh Jh,Kh 3c,-80,80,9,0,80,-80
528,176,0,BTN,0,3,True,Qd 4h 3d Jd 2s,Tc Ac,-50,50,12,-50,100,-50
529,176,1,SB,0,3,True,Qd 4h 3d Jd 2s,5d Jh,-10,10,9,30,-10,-20
530,176,2,BB,0,3,True,Qd 4h 3d Jd 2s,Ah 6s,-20,20,12,-20,40,-20
531,177,0,BTN,0,1,False,9c Kh 7h,2s 8h,0,0,5,0,20,-20
532,177,1,SB,0,0,False,,Th 9s,20,-20,3,0,20,-20
533,177,2,BB,0,1,False,9c Kh 7h,2d 3s,-20,20,5,0,20,-20
534,178,0,BTN,0,3,True,Qh 7c 5d 7d Qs,9c 5h,0,0,9,0,-20,20
535,178,1,SB,0,0,False,,8c 4h,-10,10,2,0,-10,10
536,178,2,BB,0,3,True,Qh 7c 5d 7d Qs,9s 6c,20,-20,9,0,-20,20
537,179,0,BTN,0,3,False,Th Td Qd Js Ks,As 3c,0,0,9,0,20,-20
538,179,1,SB,0,0,False,,9s 2c,-10,10,2,0,-10,10
539,179,2,BB,0,3,False,Th Td Qd Js Ks,8d 4h,-20,20,9,0,20,-20
540,180,0,BTN,0,1,False,2c 7h Kd,8d 5c,0,0,6,0,-20,20
541,180,1,SB,0,1,False,2c 7h Kd,5h Qh,-100,100,6,0,-100,100
542,180,2,BB,0,1,False,2c 7h Kd,Qd 7d,20,-20,6,0,-20,20
543,181,0,BTN,0,3,True,9c Th Ks 7d 5s,Qd Td,-2000,2000,11,-2000,2050,-50
544,181,1,SB,0,3,False,9c Th Ks 7d 5s,Tc Ad,60,-60,9,0,60,-60
545,181,2,BB,0,1,False,9c Th Ks,3d 8c,-20,20,5,0,20,-20
546,182,0,BTN,0,0,False,,Kc 7d,0,0,4,0,-20,20
547,182,1,SB,0,3,True,9s 7s 4d 4h Jd,3c 5s,-10,10,11,2005,-10,-1995
548,182,2,BB,0,3,True,9s 7s 4d 4h Jd,Qs Ah,-20,20,12,40,-20,-20
549,183,0,BTN,0,3,True,9s 6d Ks Th Jc,4h 7h,0,0,9,0,320,-320
550,183,1,SB,0,0,False,,6s 3h,-10,10,2,0,-10,10
551,183,2,BB,0,1,False,9s 6d Ks,Ad 3s,-20,20,5,0,20,-20
552,184,0,BTN,0,2,False,2d 7d 6h Ah,3c 2c,0,0,8,0,-20,20
553,184,1,SB,0,2,False,2d 7d 6h Ah,8d 9h,-150,150,8,0,-150,150
554,184,2,BB,0,2,False,2d 7d 6h Ah,3h Ac,20,-20,8,0,-20,20
555,185,0,BTN,0,3,True,6c Th 8h Ac Qh,Jc 9c,2020,-2020,12,2020,-2000,-20
556,185,1,SB,0,3,True,6c Th 8h Ac Qh,Jh Qd,-1308,1308,10,1328,-1308,-20
557,185,2,BB,0,3,True,6c Th 8h Ac Qh,2d 4c,-20,20,14,1860,-1840,-20
558,186,0,BTN,0,3,True,As Ah 9s 7s Kd,Kh Jd,-2000,2000,10,-2000,-10,2010
559,186,1,SB,0,1,False,As Ah 9s,Th 8d,-88,88,7,108,-88,-20
560,186,2,BB,0,3,False,As Ah 9s 7s Kd,Ac 5h,239,-239,14,-60,-179,239
561,187,0,BTN,0,1,False,6d 4c Ks,6h 2s,0,0,5,0,20,-20
562,187,1,SB,0,0,False,,Kh 2d,-10,10,2,0,-10,10
563,187,2,BB,0,1,False,6d 4c Ks,8s 5c,-20,20,5,0,20,-20
564,188,0,BTN,0,3,True,7s Jd 8h Kd Qc,9s 8s,885,-885,9,885,-10,-875
565,188,1,SB,0,3,True,7s Jd 8h Kd Qc,Tc 8d,1050,-1050,11,0,1050,-1050
566,188,2,BB,0,3,True,7s Jd 8h Kd Qc,4s 7h,-320,320,9,0,320,-320
567,189,0,BTN,0,3,True,7s Td 8s 7c 3s,Kc 8d,-1755,1755,9,-1755,-10,1765
568,189,1,SB,0,0,False,,3h 6d,-10,10,2,0,-10,10
569,189,2,BB,0,2,False,7s Td 8s 7c,Qc Tc,20,-20,8,0,-20,20
570,190,0,BTN,0,1,False,Kd Th 5h,2c 6s,0,0,7,0,-120,120
571,190,1,SB,0,0,False,,Qc 8s,-10,10,2,0,-10,10
572,190,2,BB,0,3,True,Kd Th 5h 9d Ks,7c Kh,107,-107,11,0,-107,107
573,191,0,BTN,0,3,True,Jh Th Kd 4s 6h,3c 7c,0,0,10,0,-80,80
574,191,1,SB,0,0,False,,9c 8h,-10,10,2,0,-10,10
575,191,2,BB,0,3,True,Jh Th Kd 4s 6h,Qd 2c,20,-20,9,0,-20,20
576,192,0,BTN,0,3,True,3c 9h Qd 8d Jc,3h 4c,0,0,9,0,0,0
577,192,1,SB,0,3,True,3c 9h Qd 8d Jc,8h 6h,0,0,10,0,0,0
578,192,2,BB,0,3,True,3c 9h Qd 8d Jc,7h 8c,0,0,9,0,0,0
579,193,0,BTN,0,1,False,Ah Ts 6s,Kc Qc,60,-60,6,60,-10,-50
580,193,1,SB,0,3,True,Ah Ts 6s As Ac,4d 2c,-10,10,11,72,-10,-62
581,193,2,BB,0,1,False,Ah Ts 6s,9c Jd,-20,20,6,30,-10,-20
582,194,0,BTN,0,2,False,6h Qs Kd Jh,7h 5h,-50,50,10,-50,-88,138
583,194,1,SB,0,2,False,6h Qs Kd Jh,9c 8c,-100,100,8,0,-100,100
584,194,2,BB,0,2,False,6h Qs Kd Jh,Jc Ah,20,-20,8,0,-20,20
585,195,0,BTN,0,3,True,3s Tc 6c 4d 4h,Th Ks,1767,-1767,18,1767,-1323,-444
586,195,1,SB,0,3,True,3s Tc 6c 4d 4h,8h 8d,348,-348,9,0,348,-348
587,195,2,BB,0,2,False,3s Tc 6c 4d,Kd 3d,-80,80,7,0,80,-80
588,196,0,BTN,0,1,False,4s 3s Js,8c 9h,-50,50,5,-50,70,-20
589,196,1,SB,0,3,True,4s 3s Js Kd 7c,Jd Jc,2000,-2000,11,0,2000,-2000
590,196,2,BB,0,0,False,,2s 4c,-20,20,3,0,20,-20
591,197,0,BTN,0,3,False,Qd 4d Js 8c 3h,5s 9h,0,0,12,0,-480,480
592,197,1,SB,0,3,False,Qd 4d Js 8c 3h,As 5c,-150,150,10,0,-150,150
593,197,2,BB,0,3,True,Qd 4d Js 8c 3h,8h Ks,60,-60,10,0,-60,60
594,198,0,BTN,0,2,False,Ks Qs Td 7h,3d 3h,-86,86,8,-86,-10,96
595,198,1,SB,0,0,False,,3s As,20,-20,3,0,20,-20
596,198,2,BB,0,1,False,Ks Qs Td,7c 9d,-20,20,5,0,20,-20
597,199,0,BTN,0,3,True,Ts 5c 9h 8h 5h,2s Ad,0,0,10,0,-1920,1920
598,199,1,SB,0,0,False,,Qh 5d,-10,10,2,0,-10,10
599,199,2,BB,0,2,False,Ts 5c 9h 8h,Qc Js,-80,80,7,0,80,-80
600,200,0,BTN,0,3,True,Th 6d Jh 3d 7h,Ac 8d,348,-348,11,348,-10,-338
601,200,1,SB,0,0,False,,7s Td,-10,10,2,0,-10,10
602,200,2,BB,0,2,False,Th 6d Jh 3d,8c Qs,-80,80,7,0,80,-80
603,201,0,BTN,0,1,False,Qs Ad 6s,As Kh,60,-60,6,60,-10,-50
604,201,1,SB,0,0,False,,Qc 9h,-88,88,5,108,-88,-20
605,201,2,BB,0,3,True,Qs Ad 6s 5d 3h,2d 8h,-20,20,12,1930,-1910,-20
606,202,0,BTN,0,3,True,Jh 5c Tc Qd Jd,9c 8h,0,0,9,0,-80,80
607,202,1,SB,0,3,True,Jh 5c Tc Qd Jd,7c Ah,-250,250,9,0,-250,250
608,202,2,BB,0,3,True,Jh 5c Tc Qd Jd,6d 5h,80,-80,9,0,-80,80
609,203,0,BTN,0,0,False,,Qh 6d,0,0,3,0,20,-20
610,203,1,SB,0,3,True,6s Jd Th Td 7s,Kh Ad,-1000,1000,10,0,-1000,1000
611,203,2,BB,0,2,False,6s Jd Th Td,8d 9c,-480,480,7,0,480,-480
612,204,0,BTN,0,3,True,8c 8d Kh 4d 2c,8s 5h,0,0,11,0,-1704,1704
613,204,1,SB,0,0,False,,6s Qd,-10,10,2,0,-10,10
614,204,2,BB,0,3,True,8c 8d Kh 4d 2c,Ks 4s,394,-394,11,0,-394,394
615,205,0,BTN,0,1,False,8d Jc 6d,4s 2s,0,0,5,0,20,-20
616,205,1,SB,0,0,False,,6h 9d,-10,10,2,0,-10,10
617,205,2,BB,0,1,False,8d Jc 6d,5c Kh,-20,20,5,0,20,-20
618,206,0,BTN,0,0,False,,Kd 8s,0,0,3,0,20,-20
619,206,1,SB,0,3,True,5h Qh 5d 3d 6s,Ks Ad,-400,400,10,0,-400,400
620,206,2,BB,0,0,False,,3h 9h,-240,240,5,0,240,-240
621,207,0,BTN,0,3,True,9d Js 3c 8s Kd,6s 7d,0,0,9,0,20,-20
622,207,1,SB,0,0,False,,2h Qs,-10,10,2,0,-10,10
623,207,2,BB,0,3,True,9d Js 3c 8s Kd,Td 4s,-20,20,9,0,20,-20
624,208,0,BTN,0,3,True,2c Qc Qh 9c Ks,5s 5d,-1755,1755,9,-1755,-10,1765
625,208,1,SB,0,3,True,2c Qc Qh 9c Ks,Th 8c,-88,88,13,-1540,-88,1628
626,208,2,BB,0,3,True,2c Qc Qh 9c Ks,6c Jc,239,-239,14,-179,-60,239
627,209,0,BTN,0,2,False,6s Ks 4h 9d,Ah 5c,-215,215,7,-215,-10,225
628,209,1,SB,0,0,False,,6h Qd,-10,10,2,0,-10,10
629,209,2,BB,0,3,True,6s Ks 4h 9d Kc,3s 4d,-1280,1280,9,0,1280,-1280
630,210,0,BTN,0,2,False,7h 4d Qc 2c,5c 3c,0,0,7,0,80,-80
631,210,1,SB,0,0,False,,7c 4h,-10,10,2,0,-10,10
632,210,2,BB,0,2,False,7h 4d Qc 2c,5s 6s,-920,920,9,0,920,-920
633,211,0,BTN,0,1,False,Qh 9s Kh,5s Td,0,0,6,0,-20,20
634,211,1,SB,0,1,False,Qh 9s Kh,6d 7d,-100,100,6,0,-100,100
635,211,2,BB,0,1,False,Qh 9s Kh,6h Ah,20,-20,6,0,-20,20
636,212,0,BTN,0,3,True,9h 8c Ac Td Kd,As 6d,-2000,2000,10,-2000,-10,2010
637,212,1,SB,0,3,True,9h 8c Ac Td Kd,Ts 9d,-2000,2000,10,0,-2000,2000
638,212,2,BB,0,3,True,9h 8c Ac Td Kd,Qs Jh,2000,-2000,10,0,-2000,2000
639,213,0,BTN,0,3,True,Qh 8d 2c 3h 2s,3c 4c,0,0,11,0,1280,-1280
640,213,1,SB,0,0,False,,Ks 2d,-10,10,2,0,-10,10
641,213,2,BB,0,3,True,Qh 8d 2c 3h 2s,7h 8h,-744,744,11,0,744,-744
642,214,0,BTN,0,1,False,3h 6d Ks,Tc 3d,0,0,7,0,-120,120
643,214,1,SB,0,1,False,3h 6d Ks,Th Qs,-60,60,6,0,-60,60
644,214,2,BB,0,3,True,3h 6d Ks 6c Ah,8c 8d,60,-60,10,0,-60,60
645,215,0,BTN,0,3,True,8s 6h Th 7d Jd,9s 8c,1914.5238095238096,-1914.5238095238096,8,1914.5238095238096,-10.0,-1904.5238095238096
646,215,1,SB,0,0,False,,9c 6s,-10,10,2,0,-10,10
647,215,2,BB,0,3,True,8s 6h Th 7d Jd,Td 4h,-1280,1280,9,0,1280,-1280
648,216,0,BTN,0,2,False,Jh 4d As 3h,4s Td,0,0,9,0,-80,80
649,216,1,SB,0,1,False,Jh 4d As,Kd 9d,-60,60,6,0,-60,60
650,216,2,BB,0,3,False,Jh 4d As 3h 7d,Js 6h,107,-107,12,0,-107,107
651,217,0,BTN,0,3,True,3d Kh 9h As 5c,Tc 7s,0,0,11,0,-1920,1920
652,217,1,SB,0,0,False,,3s Js,-10,10,2,0,-10,10
653,217,2,BB,0,3,True,3d Kh 9h As 5c,8s 8c,320,-320,9,0,-320,320
654,218,0,BTN,0,3,False,6h 7s 4c 2c Kc,3c Kh,0,0,9,0,20,-20
655,218,1,SB,0,0,False,,3s Kd,-10,10,2,0,-10,10
656,218,2,BB,0,2,False,6h 7s 4c 2c,9s Jh,60,-60,9,0,-60,60
657,219,0,BTN,0,1,False,Js Qd Kh,2c 6s,0,0,6,0,-20,20
658,219,1,SB,0,0,False,,9c 2d,-10,10,2,0,-10,10
659,219,2,BB,0,2,False,Js Qd Kh 6c,9s Jc,60,-60,9,0,-60,60
660,220,0,BTN,0,3,True,Ad As Jh Kd 9s,Ts 2c,0,0,9,0,0,0
661,220,1,SB,0,0,False,,Qc 4s,-10,10,2,0,-10,10
662,220,2,BB,0,3,True,Ad As Jh Kd 9s,4h Qs,0,0,9,0,0,0
663,221,0,BTN,0,3,True,5c 8d 8s 7d 8c,7c Jh,0,0,9,0,20,-20
664,221,1,SB,0,3,False,5c 8d 8s 7d 8c,9d Td,-970,970,12,990,-970,-20
665,221,2,BB,0,3,False,5c 8d 8s 7d 8c,3h 9h,-20,20,14,40,-20,-20
666,222,0,BTN,0,0,False,,Kh 3c,0,0,4,0,-20,20
667,222,1,SB,0,3,False,6h 5c 8h 2d 3s,9h Td,-150,150,10,0,-150,150
668,222,2,BB,0,3,False,6h 5c 8h 2d 3s,4s 4h,20,-20,10,0,-20,20
669,223,0,BTN,0,3,True,Kh Tc 9s Qd As,6c 4d,0,0,9,0,0,0
670,223,1,SB,0,0,False,,7s 3h,-10,10,2,0,-10,10
671,223,2,BB,0,3,True,Kh Tc 9s Qd As,3c 7h,0,0,9,0,0,0
672,224,0,BTN,0,3,True,8d Js 4s Ac Tc,7c 6c,-50,50,12,-50,-50,100
673,224,1,SB,0,3,False,8d Js 4s Ac Tc,3d 3c,-250,250,10,0,-250,250
674,224,2,BB,0,1,False,8d Js 4s,Ts Kc,20,-20,6,0,-20,20
675,225,0,BTN,0,3,True,7c 8c 2s Kh 9s,3h Js,0,0,9,0,-20,20
676,225,1,SB,0,0,False,,5s 3d,-10,10,2,0,-10,10
677,225,2,BB,0,3,True,7c 8c 2s Kh 9s,Jd 2c,20,-20,9,0,-20,20
678,226,0,BTN,0,3,False,2s Ad Kd Qc Ks,5h 6c,0,0,11,0,-120,120
679,226,1,SB,0,0,False,,6h 3s,-10,10,2,0,-10,10
680,226,2,BB,0,3,True,2s Ad Kd Qc Ks,4h 4s,20,-20,9,0,-20,20
681,227,0,BTN,0,1,False,2h Qs Ac,Ks 6h,0,0,5,0,20,-20
682,227,1,SB,0,2,False,2h Qs Ac 9h,3c Ah,-10,10,7,-20,-10,30
683,227,2,BB,0,2,False,2h Qs Ac 9h,6d 9s,-20,20,8,-110,130,-20
684,228,0,BTN,0,3,True,3s 4h 8c Ks 8h,9h Qc,-132,132,10,-132,-10,142
685,228,1,SB,0,0,False,,8d 2h,-10,10,2,0,-10,10
686,228,2,BB,0,3,False,3s 4h 8c Ks 8h,Ts Qs,-320,320,9,0,320,-320
687,229,0,BTN,0,3,False,Ah 3d Js Jh Th,Kc Qh,60,-60,10,60,-10,-50
688,229,1,SB,0,1,False,Ah 3d Js,2c 8s,-10,10,6,30,-10,-20
689,229,2,BB,0,1,False,Ah 3d Js,6h 7d,-20,20,6,30,-10,-20
690,230,0,BTN,0,1,False,2s 6c 3h,5c 9d,0,0,5,0,20,-20
691,230,1,SB,0,0,False,,3s 4h,-10,10,2,0,-10,10
692,230,2,BB,0,1,False,2s 6c 3h,4c 9h,-20,20,5,0,20,-20
693,231,0,BTN,0,3,True,5s Ts 3d 8d Qs,Th 5d,0,0,11,0,1920,-1920
694,231,1,SB,0,2,False,5s Ts 3d 8d,Ac Qd,-100,100,8,0,-100,100
695,231,2,BB,0,3,True,5s Ts 3d 8d Qs,6d 6h,-320,320,9,0,320,-320
696,232,0,BTN,0,1,False,5d 4c Jd,Qs 8h,0,0,6,0,120,-120
697,232,1,SB,0,0,False,,Kd 4h,-10,10,2,0,-10,10
698,232,2,BB,0,2,False,5d 4c Jd 4s,2c 2h,-80,80,7,0,80,-80
699,233,0,BTN,0,3,True,7s 7d 9d 8s Kh,8h As,-50,50,11,-50,-1400,1450
700,233,1,SB,0,3,True,7s 7d 9d 8s Kh,Jc Jd,-1600.0,1600.0,8,0.0,-1600.0,1600.0
701,233,2,BB,0,3,True,7s 7d 9d 8s Kh,Qc Qh,1220.0,-1220.0,6,0.0,-1220.0,1220.0
702,234,0,BTN,0,3,True,Js Jc Th 6c Ts,9h 4s,0,0,11,0,0,0
703,234,1,SB,0,0,False,,4c Jh,-10,10,2,0,-10,10
704,234,2,BB,0,3,True,Js Jc Th 6c Ts,Jd 2h,220.0,-220.0,8,0.0,-220.0,220.0
705,235,0,BTN,0,3,True,6h 7s 2s 4c 8h,Jh Kh,-1825,1825,10,-1825,-10,1835
706,235,1,SB,0,2,False,6h 7s 2s 4c,2c 5s,-10,10,8,-495,-10,505
707,235,2,BB,0,3,False,6h 7s 2s 4c 8h,Qh Qd,140,-140,9,-130,-10,140
708,236,0,BTN,0,3,True,4h 9c 3h 7c As,4d Kh,0,0,9,0,320,-320
709,236,1,SB,0,0,False,,2h 7h,-10,10,2,0,-10,10
710,236,2,BB,0,3,True,4h 9c 3h 7c As,8h 4s,-320,320,9,0,320,-320
711,237,0,BTN,0,1,False,8s 2c 4d,Qs 3h,0,0,5,0,20,-20
712,237,1,SB,0,3,True,8s 2c 4d Jh Td,6h Ah,60,-60,9,0,60,-60
713,237,2,BB,0,1,False,8s 2c 4d,7h 3d,-20,20,5,0,20,-20
714,238,0,BTN,0,3,True,3h 8h 6h 7d 9s,5s 9d,0,0,10,0,1520,-1520
715,238,1,SB,0,0,False,,2h 7h,-10,10,2,0,-10,10
716,238,2,BB,0,3,True,3h 8h 6h 7d 9s,9h 6d,-1280,1280,9,0,1280,-1280
717,239,0,BTN,0,3,True,Jc 9d Ad 3d Ac,Ks Th,-50,50,12,-50,-50,100
718,239,1,SB,0,0,False,,7h Kd,-10,10,2,0,-10,10
719,239,2,BB,0,3,True,Jc 9d Ad 3d Ac,9h 6d,40,-40,9,0,-40,40
720,240,0,BTN,0,3,True,8s Ts 2s Qh 5s,As 4d,2010,-2010,11,2010,-10,-2000
721,240,1,SB,0,0,False,,Tc 5d,-10,10,2,0,-10,10
722,240,2,BB,0,3,True,8s Ts 2s Qh 5s,2d Js,742,-742,10,0,-742,742
723,241,0,BTN,0,3,True,Ad Kh Jh 4s 9h,Jd 2s,0,0,9,0,20,-20
724,241,1,SB,0,0,False,,3h 9c,-10,10,2,0,-10,10
725,241,2,BB,0,3,False,Ad Kh Jh 4s 9h,6c 2c,-20,20,9,0,20,-20
726,242,0,BTN,0,3,True,3h Td Ah Ad 6s,Ks 3d,0,0,10,0,1920,-1920
727,242,1,SB,0,3,True,3h Td Ah Ad 6s,Th As,232,-232,9,0,232,-232
728,242,2,BB,0,1,False,3h Td Ah,Kc 8h,-20,20,5,0,20,-20
729,243,0,BTN,0,3,False,3d Ks Ac Qh 2d,5d 9h,0,0,9,0,20,-20
730,243,1,SB,0,0,False,,5s 4h,-10,10,2,0,-10,10
731,243,2,BB,0,3,False,3d Ks Ac Qh 2d,5h Th,-20,20,9,0,20,-20
732,244,0,BTN,0,1,False,3c Ah Jh,Ac Js,60,-60,6,60,-10,-50
733,244,1,SB,0,1,False,3c Ah Jh,Ts 3s,-10,10,6,30,-10,-20
734,244,2,BB,0,3,True,3c Ah Jh Qc Jd,5d 6s,-20,20,14,1930,-1910,-20
735,245,0,BTN,0,3,True,5s 9h 5c 6s Kc,Qh 2c,0,0,10,0,120,-120
736,245,1,SB,0,2,False,5s 9h 5c 6s,8s Ts,60,-60,7,0,60,-60
737,245,2,BB,0,3,True,5s 9h 5c 6s Kc,3d 4c,-20,20,9,0,20,-20
738,246,0,BTN,0,3,True,Qs 2s Qh 8s Qc,Kd As,-1451,1451,10,-1451,-10,1461
739,246,1,SB,0,1,False,Qs 2s Qh,2d 5c,-10,10,6,30,-10,-20
740,246,2,BB,0,3,True,Qs 2s Qh 8s Qc,Tc 8d,2010,-2010,13,-2000,-10,2010
741,247,0,BTN,0,2,False,4c 5c Kc Js,7d 5s,0,0,7,0,20,-20
742,247,1,SB,0,0,False,,6s 5d,-10,10,2,0,-10,10
743,247,2,BB,0,2,False,4c 5c Kc Js,8d 6h,-20,20,7,0,20,-20
744,248,0,BTN,0,3,True,6c Kd 4s Ks Qc,5h Ac,96,-96,10,96,-10,-86
745,248,1,SB,0,0,False,,9s 3d,-10,10,2,0,-10,10
746,248,2,BB,0,3,True,6c Kd 4s Ks Qc,7h Ts,20,-20,9,0,-20,20
747,249,0,BTN,0,1,False,8d Th 3s,Kh As,-380,380,7,-380,-10,390
748,249,1,SB,0,3,False,8d Th 3s 7c 6h,8s 3h,-10,10,9,-395,-10,405
749,249,2,BB,0,3,True,8d Th 3s 7c 6h,Tc 9c,2605,-2605,13,-605,-2000,2605
750,250,0,BTN,0,2,False,Ts Qd Ah 9c,5h Kh,-50,50,10,-50,-275,325
751,250,1,SB,0,0,False,,5s Jc,-10,10,2,0,-10,10
752,250,2,BB,0,3,True,Ts Qd Ah 9c 6h,Td Jh,93,-93,10,0,-93,93
753,251,0,BTN,0,1,False,5s 7h Ah,4s 8h,0,0,6,0,-20,20
754,251,1,SB,0,0,False,,Tc 2d,-10,10,2,0,-10,10
755,251,2,BB,0,1,False,5s 7h Ah,Ad 6d,20,-20,6,0,-20,20
756,252,0,BTN,0,3,True,2s 3s Kc 4h 6d,7s 5d,0,0,9,0,-20,20
757,252,1,SB,0,1,False,2s 3s Kc,Jh 9h,-60,60,6,0,-60,60
758,252,2,BB,0,3,True,2s 3s Kc 4h 6d,Ah 8d,20,-20,9,0,-20,20
759,253,0,BTN,0,0,False,,2h 9d,0,0,4,0,-20,20
760,253,1,SB,0,0,False,,Td 7s,-10,10,2,0,-10,10
761,253,2,BB,0,2,False,6c Js Qh 6s,Kh 6h,20,-20,8,0,-20,20
762,254,0,BTN,0,3,True,5h Td Qs 3s 7d,Ah Kc,-1755,1755,9,-1755,-10,1765
763,254,1,SB,0,3,True,5h Td Qs 3s 7d,4c 3h,-10,10,11,-1808,-10,1818
764,254,2,BB,0,3,True,5h Td Qs 3s 7d,Jd Qh,335,-335,11,-315,-20,335
765,255,0,BTN,0,1,False,Ah 4s Ts,7h As,100,-100,8,100,-50,-50
766,255,1,SB,0,2,False,Ah 4s Ts 8c,Jh 9h,100,-100,7,0,100,-100
767,255,2,BB,0,2,False,Ah 4s Ts 8c,3h 5c,-20,20,7,0,20,-20
768,256,0,BTN,0,1,False,3h Th 9c,3d Jh,0,0,7,0,-120,120
769,256,1,SB,0,0,False,,7d Js,-10,10,2,0,-10,10
770,256,2,BB,0,3,False,3h Th 9c 2h 8d,Qc Ad,-20,20,9,0,20,-20
771,257,0,BTN,0,3,True,7c 8h Ah Ad Kc,Qh 9c,96,-96,10,96,-10,-86
772,257,1,SB,0,0,False,,4c Td,-10,10,2,0,-10,10
773,257,2,BB,0,3,True,7c 8h Ah Ad Kc,6s 9d,-20,20,9,0,20,-20
774,258,0,BTN,0,3,True,6c 3c 2s Qd 7c,Ts Qs,1819.0476190476193,-1819.047619047619,8,1819.0476190476193,-10.0,-1809.047619047619
775,258,1,SB,0,0,False,,5c Th,-10,10,2,0,-10,10
776,258,2,BB,0,3,True,6c 3c 2s Qd 7c,6s Td,20,-20,9,0,-20,20
777,259,0,BTN,0,3,True,4s 9d 2c 7c Jc,3s 6d,0,0,11,0,1604,-1604
778,259,1,SB,0,0,False,,9h 4h,-10,10,2,0,-10,10
779,259,2,BB,0,3,True,4s 9d 2c 7c Jc,As 4c,-1280,1280,9,0,1280,-1280
780,260,0,BTN,0,1,False,6h Js As,Jh 2c,0,0,6,0,-20,20
781,260,1,SB,0,0,False,,2s 3s,-10,10,2,0,-10,10
782,260,2,BB,0,1,False,6h Js As,6d Ad,20,-20,6,0,-20,20
783,261,0,BTN,0,2,False,Th 3d 8c 4s,8d 5h,0,0,9,0,-80,80
784,261,1,SB,0,3,False,Th 3d 8c 4s 9d,5c Ac,-960,960,12,0,-960,960
785,261,2,BB,0,3,False,Th 3d 8c 4s 9d,Qd Tc,93,-93,11,0,-93,93
786,262,0,BTN,0,1,False,Qc 8s Js,2c Ad,0,0,5,0,20,-20
787,262,1,SB,0,0,False,,2s Jd,-10,10,2,0,-10,10
788,262,2,BB,0,1,False,Qc 8s Js,4h 9c,-20,20,5,0,20,-20
789,263,0,BTN,0,3,True,4d Th 5h 6h Ts,Qh 9h,2010,-2010,12,2010,-10,-2000
790,263,1,SB,0,0,False,,9c 3s,-10,10,2,0,-10,10
791,263,2,BB,0,3,True,4d Th 5h 6h Ts,3c 4s,20,-20,9,0,-20,20
792,264,0,BTN,0,3,True,Ac Ad As 7s Ah,6h Qs,0,0,9,0,-20,20
793,264,1,SB,0,0,False,,2c 3c,-10,10,2,0,-10,10
794,264,2,BB,0,3,True,Ac Ad As 7s Ah,6c Tc,20,-20,9,0,-20,20
795,265,0,BTN,0,3,False,Td 7h Ts 9h 3s,7c Qc,60,-60,10,60,-10,-50
796,265,1,SB,0,0,False,,3d 5s,-10,10,2,0,-10,10
797,265,2,BB,0,3,True,Td 7h Ts 9h 3s,5c 2s,-20,20,9,0,20,-20
798,266,0,BTN,0,1,False,Qd Jh 4s,Th 6d,0,0,5,0,20,-20
799,266,1,SB,0,0,False,,2c Js,-10,10,2,0,-10,10
800,266,2,BB,0,1,False,Qd Jh 4s,6c 9h,-20,20,5,0,20,-20
801,267,0,BTN,0,0,False,,6s Th,0,0,4,0,-20,20
802,267,1,SB,0,0,False,,Td 3h,-10,10,2,0,-10,10
803,267,2,BB,0,3,True,5s 4s 4h 2d Js,6c Qs,20,-20,9,0,-20,20
804,268,0,BTN,0,3,True,Qs Ah 5s As Tc,3s 4h,0,0,10,0,1920,-1920
805,268,1,SB,0,2,False,Qs Ah 5s As,6s Js,-100,100,8,0,-100,100
806,268,2,BB,0,3,True,Qs Ah 5s As Tc,Ks 7h,-1280,1280,9,0,1280,-1280
807,269,0,BTN,0,2,False,2s 2c Kc 9s,As Ac,-905,905,10,-905,-10,915
808,269,1,SB,0,0,False,,9c 2d,-10,10,3,30,-10,-20
809,269,2,BB,0,0,False,,9d 3c,-20,20,3,30,-10,-20
810,270,0,BTN,0,3,True,Jd 9d 7s 9s Ad,9c 8s,0,0,10,0,0,0
811,270,1,SB,0,0,False,,Js 4d,-10,10,2,0,-10,10
812,270,2,BB,0,3,True,Jd 9d 7s 9s Ad,Jc 5h,0,0,9,0,0,0
813,271,0,BTN,0,2,False,Jh 5c 4s 9s,6s 2s,0,0,8,0,480,-480
814,271,1,SB,0,3,True,Jh 5c 4s 9s Js,5d Jd,139,-139,9,0,139,-139
815,271,2,BB,0,1,False,Jh 5c 4s,Td Qd,-170,170,7,0,170,-170
816,272,0,BTN,0,1,False,Ks 4d 6d,3s 9h,0,0,7,0,-120,120
817,272,1,SB,0,0,False,,Jh 2h,-10,10,2,0,-10,10
818,272,2,BB,0,2,False,Ks 4d 6d 3h,7s Kh,20,-20,8,0,-20,20
819,273,0,BTN,0,2,False,4d Kc Qc 2h,9h Jd,-275,275,8,-275,325,-50
820,273,1,SB,0,3,True,4d Kc Qc 2h Th,Jh Kh,-1308,1308,10,1328,-1308,-20
821,273,2,BB,0,2,False,4d Kc Qc 2h,6d 4s,-20,20,8,-110,130,-20
822,274,0,BTN,0,3,True,6s Qd Qs 6d 7s,7h Ks,0,0,9,0,-20,20
823,274,1,SB,0,3,False,6s Qd Qs 6d 7s,8d 9s,-88,88,11,108,-88,-20
824,274,2,BB,0,3,False,6s Qd Qs 6d 7s,4h Th,-20,20,14,40,-20,-20
825,275,0,BTN,0,3,True,Jd 9c Th 2h 2d,Jc Ad,-2000.0,2000.0,9,-2000.0,2050.0,-50.0
826,275,1,SB,0,3,True,Jd 9c Th 2h 2d,Kh Qh,2088,-2088,13,-2000,2088,-88
827,275,2,BB,0,3,True,Jd 9c Th 2h 2d,6s 5s,-20,20,12,-1910,1930,-20
828,276,0,BTN,0,3,True,8h 4d 3c Ac 9c,Qd 4s,0,0,11,0,1604,-1604
829,276,1,SB,0,0,False,,5s 2s,-10,10,2,0,-10,10
830,276,2,BB,0,3,True,8h 4d 3c Ac 9c,9s Ah,-2000.0,2000.0,10,0.0,2000.0,-2000.0
831,277,0,BTN,0,1,False,Ad 3h 6s,Tc 4c,0,0,7,0,-120,120
832,277,1,SB,0,0,False,,8h Js,-10,10,2,0,-10,10
833,277,2,BB,0,1,False,Ad 3h 6s,Ah Qs,20,-20,6,0,-20,20
834,278,0,BTN,0,3,True,5h Jc 9s 8h 6c,Td Js,-1365,1365,11,-1365,-10,1375
835,278,1,SB,0,0,False,,Kh 3c,-10,10,2,0,-10,10
836,278,2,BB,0,1,False,5h Jc 9s,Th 7h,20,-20,6,0,-20,20
837,279,0,BTN,0,1,False,5h 7h Jc,Ts Kc,-50,50,5,-50,70,-20
838,279,1,SB,0,0,False,,5d Jh,-10,10,2,0,-10,10
839,279,2,BB,0,3,True,5h 7h Jc Ac 9h,3h 2h,2000,-2000,10,0,-2000,2000
840,280,0,BTN,0,3,True,4s 2s 3c 4d Ah,7h 7d,-903,903,11,-903,-10,913
841,280,1,SB,0,3,True,4s 2s 3c 4d Ah,Qh 3d,-10,10,10,-395,-10,405
842,280,2,BB,0,3,True,4s 2s 3c 4d Ah,Qc 5h,80,-80,13,-60,-20,80
843,281,0,BTN,0,3,False,Td Qs 6s Jh Qd,8h 3c,0,0,10,0,480,-480
844,281,1,SB,0,0,False,,Jd 7h,-10,10,2,0,-10,10
845,281,2,BB,0,1,False,Td Qs 6s,3d Ad,20,-20,6,0,-20,20
846,282,0,BTN,0,3,True,2h Kh 7s 4d As,6h 9s,0,0,9,0,-20,20
847,282,1,SB,0,0,False,,3c Th,-10,10,2,0,-10,10
848,282,2,BB,0,1,False,2h Kh 7s,3h Jh,20,-20,6,0,-20,20
849,283,0,BTN,0,3,True,8c 6s Qc Kd Kc,3s Ac,0,0,9,0,1280,-1280
850,283,1,SB,0,0,False,,8d 3h,-10,10,2,0,-10,10
851,283,2,BB,0,3,True,8c 6s Qc Kd Kc,6h Ts,-1280,1280,9,0,1280,-1280
852,284,0,BTN,0,1,False,3c 2h 4c,Qd 7h,0,0,7,0,-120,120
853,284,1,SB,0,0,False,,7c Kd,-10,10,2,0,-10,10
854,284,2,BB,0,1,False,3c 2h 4c,3h 4s,20,-20,6,0,-20,20
855,285,0,BTN,0,3,True,Kh 2d 6s Ts Qd,9c 7c,-86,86,10,-86,-10,96
856,285,1,SB,0,0,False,,4d Tc,-10,10,4,-20,-10,30
857,285,2,BB,0,3,True,Kh 2d 6s Ts Qd,3d 3s,30,-30,9,-20,-10,30
858,286,0,BTN,0,3,True,Ks As Ah Qd 5d,7c 6s,0,0,11,0,0,0
859,286,1,SB,0,2,False,Ks As Ah Qd,Qh 9c,-100,100,8,0,-100,100
860,286,2,BB,0,3,True,Ks As Ah Qd 5d,Td Qs,0,0,9,0,0,0
861,287,0,BTN,0,3,True,7s 4d 9c Jh Kh,Ts Th,-1910,1910,9,-1910,1930,-20
862,287,1,SB,0,3,False,7s 4d 9c Jh Kh,Jc 7h,-10,10,12,405,-10,-395
863,287,2,BB,0,3,True,7s 4d 9c Jh Kh,4c 2c,-110,110,14,-1842,1952,-110
864,288,0,BTN,0,1,False,4c Qc 2d,Ac 8s,-380,380,7,-380,-10,390
865,288,1,SB,0,0,False,,2c Jh,-10,10,2,0,-10,10
866,288,2,BB,0,3,True,4c Qc 2d Th 3h,4h 2h,557,-557,11,0,-557,557
867,289,0,BTN,0,3,True,8h 6h 4h 3h 8c,Kh As,1819.0476190476193,-1819.047619047619,8,1819.0476190476193,-10.0,-1809.047619047619
868,289,1,SB,0,3,True,8h 6h 4h 3h 8c,Qs 7d,-10,10,11,1818,-10,-1808
869,289,2,BB,0,3,True,8h 6h 4h 3h 8c,5h 5c,-470,470,14,490,-20,-470
870,290,0,BTN,0,1,False,Kh 8d 5c,3c 2h,0,0,6,0,-20,20
871,290,1,SB,0,0,False,,9d 4c,-10,10,2,0,-10,10
872,290,2,BB,0,1,False,Kh 8d 5c,7h 5h,20,-20,6,0,-20,20
873,291,0,BTN,0,3,True,Ks 6s Ts 7d Jc,Ac Qs,1276,-1276,11,1276,-10,-1266
874,291,1,SB,0,0,False,,5h 2d,-10,10,2,0,-10,10
875,291,2,BB,0,3,True,Ks 6s Ts 7d Jc,8h 8c,20,-20,9,0,-20,20
876,292,0,BTN,0,1,False,4d As Qc,4c Kc,60,-60,6,60,-10,-50
877,292,1,SB,0,0,False,,4h 7h,-10,10,2,0,-10,10
878,292,2,BB,0,1,False,4d As Qc,2s 6h,-20,20,5,0,20,-20
879,293,0,BTN,0,1,False,9s 5s 6d,As 4h,60,-60,6,60,-10,-50
880,293,1,SB,0,0,False,,3d Kc,-10,10,2,0,-10,10
881,293,2,BB,0,1,False,9s 5s 6d,Qc 2c,20,-20,6,0,-20,20
882,294,0,BTN,0,3,True,5d 3h Jh 2h 4c,Qs Ah,-2000,2000,11,-2000,-10,2010
883,294,1,SB,0,0,False,,3d 8d,-10,10,2,0,-10,10
884,294,2,BB,0,3,True,5d 3h Jh 2h 4c,6c 4d,107,-107,11,0,-107,107
885,295,0,BTN,0,1,False,7d 5s 6d,4d 7c,0,0,6,0,-20,20
886,295,1,SB,0,0,False,,2c 5d,-10,10,2,0,-10,10
887,295,2,BB,0,3,True,7d 5s 6d 8c 6s,Qh 7h,20,-20,9,0,-20,20
888,296,0,BTN,0,3,True,Ks 5h 7h Ts 3c,4c Kd,0,0,9,0,-20,20
889,296,1,SB,0,0,False,,6s 8d,-10,10,2,0,-10,10
890,296,2,BB,0,3,True,Ks 5h 7h Ts 3c,Qc 4d,20,-20,9,0,-20,20
891,297,0,BTN,0,0,False,,7c 2c,0,0,4,0,-20,20
892,297,1,SB,0,0,False,,3d 5h,-10,10,2,0,-10,10
893,297,2,BB,0,1,False,6h 2s Kd,Kh Js,20,-20,6,0,-20,20
894,298,0,BTN,0,1,False,Ac 8h 3h,Th 4s,0,0,6,0,-20,20
895,298,1,SB,0,0,False,,6d 5s,-10,10,2,0,-10,10
896,298,2,BB,0,2,False,Ac 8h 3h Qs,Qc 7h,20,-20,8,0,-20,20
897,299,0,BTN,0,3,True,Jc Td Ad Jd 7c,5s Qs,-50,50,9,-50,-10,60
898,299,1,SB,0,3,True,Jc Td Ad Jd 7c,2s As,232,-232,9,0,232,-232
899,299,2,BB,0,3,True,Jc Td Ad Jd 7c,Kc 2h,-1280,1280,9,0,1280,-1280
900,300,0,BTN,0,3,True,6d Ts Js 3c Qc,Ks 5d,0,0,10,0,-1520,1520
901,300,1,SB,0,3,True,6d Ts Js 3c Qc,Qs 7s,-2000,2000,11,0,-2000,2000
902,300,2,BB,0,3,True,6d Ts Js 3c Qc,9s Kh,2000,-2000,12,0,-2000,2000
903,301,0,BTN,0,3,False,9s 7c Ks Jc 6s,3h Kd,0,0,9,0,80,-80
904,301,1,SB,0,0,False,,Jh 8c,-10,10,2,0,-10,10
905,301,2,BB,0,2,False,9s 7c Ks Jc,As 2d,-80,80,8,0,80,-80
906,302,0,BTN,0,3,True,Td 2c 8h Ah 6c,6s 4s,0,0,11,0,-1800,1800
907,302,1,SB,0,3,True,Td 2c 8h Ah 6c,Ac 3c,-2000,2000,10,0,-2000,2000
908,302,2,BB,0,3,True,Td 2c 8h Ah 6c,Ad Qs,1714.2857142857142,-1714.2857142857142,10,0.0,-1714.2857142857142,1714.2857142857142
909,303,0,BTN,0,1,False,2s Qd 8h,As 3c,0,0,7,0,-120,120
910,303,1,SB,0,0,False,,2h 6d,-10,10,2,0,-10,10
911,303,2,BB,0,3,True,2s Qd 8h Kc Ad,Qs 3h,107,-107,11,0,-107,107
912,304,0,BTN,0,3,True,Qc 7h 9s 8d 3s,5c Qs,0,0,9,0,1280,-1280
913,304,1,SB,0,0,False,,Qd 8s,-10,10,2,0,-10,10
914,304,2,BB,0,3,True,Qc 7h 9s 8d 3s,3d 7c,-2000,2000,10,0,2000,-2000
915,305,0,BTN,0,3,True,6d 8c Ts 9d 3d,Qs Qh,1375.0,-1375.0,9,1375.0,-1325.0,-50.0
916,305,1,SB,0,0,False,,Tc Ks,-88,88,5,108,-88,-20
917,305,2,BB,0,3,True,6d 8c Ts 9d 3d,2c As,-20,20,12,1930,-1910,-20
918,306,0,BTN,0,3,False,3d 2c 4c 5h 2d,3s 9h,0,0,10,0,180,-180
919,306,1,SB,0,0,False,,Jd 5s,-10,10,2,0,-10,10
920,306,2,BB,0,1,False,3d 2c 4c,Qs Jh,-20,20,5,0,20,-20
921,307,0,BTN,0,3,True,Qc 6c Ad 5d 6s,Js 9c,96,-96,10,96,-10,-86
922,307,1,SB,0,3,True,Qc 6c Ad 5d 6s,4c Kd,-10,10,9,30,-10,-20
923,307,2,BB,0,3,True,Qc 6c Ad 5d 6s,9s Tc,-20,20,12,-20,40,-20
924,308,0,BTN,0,3,True,8h Qh Ts 2c 5s,As 4c,-200,200,10,-200,-10,210
925,308,1,SB,0,0,False,,9h 3c,-10,10,2,0,-10,10
926,308,2,BB,0,3,True,8h Qh Ts 2c 5s,Ad 6s,20,-20,9,0,-20,20
927,309,0,BTN,0,1,False,2c 8d 4c,9d Ks,-50,50,5,-50,-10,60
928,309,1,SB,0,3,True,2c 8d 4c Jh 6d,Th 6h,176,-176,13,-88,176,-88
929,309,2,BB,0,3,True,2c 8d 4c Jh 6d,Ac Td,-20,20,12,-20,40,-20
930,310,0,BTN,0,2,False,Qs 5d 4c 5c,9h 2c,0,0,8,0,-20,20
931,310,1,SB,0,0,False,,7h 6d,-10,10,2,0,-10,10
932,310,2,BB,0,3,True,Qs 5d 4c 5c 9d,Td 4h,20,-20,9,0,-20,20
933,311,0,BTN,0,3,True,Ah 3s 2c 3d Kc,Ts Qd,-215,215,9,-215,-10,225
934,311,1,SB,0,0,False,,8h 3h,-10,10,2,0,-10,10
935,311,2,BB,0,2,False,Ah 3s 2c 3d,Js Kh,-80,80,7,0,80,-80
936,312,0,BTN,0,0,False,,Qc Ts,-50,50,4,-50,-10,60
937,312,1,SB,0,0,False,,4d 2h,-10,10,2,0,-10,10
938,312,2,BB,0,3,False,6d 8c 7s 4h Ad,As Kh,20,-20,10,0,-20,20
939,313,0,BTN,0,2,False,Jh 8s 5d Td,Qh 4s,0,0,7,0,20,-20
940,313,1,SB,0,1,False,Jh 8s 5d,Qd Th,60,-60,5,0,60,-60
941,313,2,BB,0,2,False,Jh 8s 5d Td,6h 2s,-20,20,7,0,20,-20
942,314,0,BTN,0,1,False,7d 9c 2s,Jd 5c,0,0,5,0,20,-20
943,314,1,SB,0,2,False,7d 9c 2s 2d,9s Qh,60,-60,7,0,60,-60
944,314,2,BB,0,1,False,7d 9c 2s,Jc 3d,-20,20,5,0,20,-20
945,315,0,BTN,0,3,True,7h 3s 2d 6s Kh,Ac Th,100,-100,12,100,-50,-50
946,315,1,SB,0,2,False,7h 3s 2d 6s,8c Qc,60,-60,7,0,60,-60
947,315,2,BB,0,1,False,7h 3s 2d,8s Td,20,-20,6,0,-20,20
948,316,0,BTN,0,2,False,8c 7c 6c 5d,Kd Js,-50,50,9,-50,100,-50
949,316,1,SB,0,2,False,8c 7c 6c 5d,9h 7h,108,-108,8,-88,108,-20
950,316,2,BB,0,2,False,8c 7c 6c 5d,Th 5s,-20,20,9,-20,40,-20
951,317,0,BTN,0,1,False,Qh Jc Kd,Qd Td,60,-60,6,60,-10,-50
952,317,1,SB,0,0,False,,4c Jh,-10,10,2,0,-10,10
953,317,2,BB,0,2,False,Qh Jc Kd 9d,2c 3d,-20,20,7,0,20,-20
954,318,0,BTN,0,3,True,4s Jc Qd Ah Qc,Qh 2s,0,0,10,0,-1520,1520
955,318,1,SB,0,3,True,4s Jc Qd Ah Qc,Jh 5h,-2000,2000,11,0,-2000,2000
956,318,2,BB,0,3,True,4s Jc Qd Ah Qc,Qs 4d,1809.5238095238096,-1809.5238095238096,9,0.0,-1809.5238095238096,1809.5238095238096
957,319,0,BTN,0,2,False,4s Ks 9c 6d,Js Ad,-275,275,9,-275,550,-275
958,319,1,SB,0,3,True,4s Ks 9c 6d 5d,As Kd,2020,-2020,11,-2000,2020,-20
959,319,2,BB,0,3,False,4s Ks 9c 6d 5d,Qh Ts,-20,20,10,-470,490,-20
960,320,0,BTN,0,3,True,Jc 9d 2h Qh 4s,3s As,-1967,1967,10,-1967,2017,-50
961,320,1,SB,0,1,False,Jc 9d 2h,9c 8c,60,-60,5,0,60,-60
962,320,2,BB,0,3,True,Jc 9d 2h Qh 4s,5h 4h,-1280,1280,9,0,1280,-1280
963,321,0,BTN,0,3,True,Ks 4s Tc Ts 5c,3d Ad,-50,50,11,-50,2017,-1967
964,321,1,SB,0,3,True,Ks 4s Tc Ts 5c,9c 9d,928,-928,10,0,928,-928
965,321,2,BB,0,3,True,Ks 4s Tc Ts 5c,Jd As,-1280,1280,9,0,1280,-1280
966,322,0,BTN,0,3,True,Qd Th 4s 8d Js,9c 3c,0,0,10,0,1920,-1920
967,322,1,SB,0,3,True,Qd Th 4s 8d Js,Kh Qs,960,-960,11,0,960,-960
968,322,2,BB,0,3,True,Qd Th 4s 8d Js,Ac Jc,-1280,1280,9,0,1280,-1280
969,323,0,BTN,0,1,False,Jd 7h Td,3d As,0,0,6,0,-20,20
970,323,1,SB,0,1,False,Jd 7h Td,2d 2h,-100,100,6,0,-100,100
971,323,2,BB,0,1,False,Jd 7h Td,Tc 9h,20,-20,6,0,-20,20
972,324,0,BTN,0,3,True,2h 3h Td 8c 3s,7s 7h,100,-100,12,100,-50,-50
973,324,1,SB,0,2,False,2h 3h Td 8c,Qd Jd,-797,797,10,817,-797,-20
974,324,2,BB,0,3,True,2h 3h Td 8c 3s,5h Qh,-20,20,12,40,-20,-20
975,325,0,BTN,0,3,True,Ac Js 8c 9c As,2h Kc,0,0,9,0,-20,20
976,325,1,SB,0,0,False,,6s 5h,-10,10,2,0,-10,10
977,325,2,BB,0,3,True,Ac Js 8c 9c As,2s Qd,20,-20,9,0,-20,20
978,326,0,BTN,0,1,False,Kc 3s Js,5c Ah,-380,380,7,-380,-10,390
979,326,1,SB,0,0,False,,2c Ts,-10,10,2,0,-10,10
980,326,2,BB,0,3,False,Kc 3s Js 6s 4h,Kd 9h,46,-46,11,0,-46,46
981,327,0,BTN,0,2,False,9s 4d Kc Jd,5s 8s,0,0,8,0,-20,20
982,327,1,SB,0,0,False,,Tc 3s,-10,10,2,0,-10,10
983,327,2,BB,0,1,False,9s 4d Kc,Jc Th,20,-20,6,0,-20,20
984,328,0,BTN,0,3,True,5h 2s 5d 2c 3s,Qc 7d,0,0,10,0,1280,-1280
985,328,1,SB,0,0,False,,2d Kh,-10,10,2,0,-10,10
986,328,2,BB,0,3,True,5h 2s 5d 2c 3s,9s Ad,-640,640,9,0,640,-640
987,329,0,BTN,0,3,True,4h 4c Ks Qh 9s,3c 9d,0,0,9,0,-20,20
988,329,1,SB,0,3,True,4h 4c Ks Qh 9s,Jd 7d,-60,60,9,0,-60,60
989,329,2,BB,0,3,True,4h 4c Ks Qh 9s,8c 9h,20,-20,9,0,-20,20
990,330,0,BTN,0,3,True,9h Tc Td 4h Ac,7d As,2020,-2020,10,2020,-2000,-20
991,330,1,SB,0,0,False,,9s 8c,-10,10,2,0,-10,10
992,330,2,BB,0,1,False,9h Tc Td,5d 2h,-20,20,5,0,20,-20
993,331,0,BTN,0,3,True,3c Ah 6c 5h Ad,Jc Jh,216,-216,11,216,-10,-206
994,331,1,SB,0,2,False,3c Ah 6c 5h,Ac 2d,-10,10,9,105,-10,-95
995,331,2,BB,0,3,True,3c Ah 6c 5h Ad,4d Qc,-20,20,12,-1910,1930,-20
996,332,0,BTN,0,3,True,Qc 7c Ad Qs 5s,6s Ah,962,-962,14,962,-912,-50
997,332,1,SB,0,1,False,Qc 7c Ad,Td Ks,60,-60,5,0,60,-60
998,332,2,BB,0,1,False,Qc 7c Ad,6d 3c,-20,20,5,0,20,-20
999,333,0,BTN,0,3,False,7h 7s 6h Ts Ac,Js Th,96,-96,11,96,-10,-86
1000,333,1,SB,0,0,False,,3h Qc,-10,10,2,0,-10,10
1001,333,2,BB,0,3,True,7h 7s 6h Ts Ac,9c 4c,-20,20,9,0,20,-20
1002,334,0,BTN,0,3,True,7h 8d Jh Jd 9h,9s 7s,-215,215,9,-215,-10,225
1003,334,1,SB,0,0,False,,9d Ts,40,-40,4,-20,40,-20
1004,334,2,BB,0,3,True,7h 8d Jh Jd 9h,Tc 2s,-20,20,11,-1694,1714,-20
1005,335,0,BTN,0,3,True,9h Ah 7h Th 6d,Qc 3c,-50,50,12,-50,100,-50
1006,335,1,SB,0,3,True,9h Ah 7h Th 6d,As 6c,60,-60,9,0,60,-60
1007,335,2,BB,0,3,True,9h Ah 7h Th 6d,4s 4d,-1840,1840,12,0,1840,-1840
1008,336,0,BTN,0,0,False,,4d 9c,0,0,4,0,-20,20
1009,336,1,SB,0,0,False,,4h 8d,-10,10,2,0,-10,10
1010,336,2,BB,0,3,True,Kh Jh Jd Qd Qc,8h 8c,0,0,9,0,0,0
1011,337,0,BTN,0,3,True,Qd Tc Ah 7c Jc,Jh Td,2017,-2017,10,2017,-1967,-50
1012,337,1,SB,0,2,False,Qd Tc Ah 7c,Ad 5d,100,-100,7,0,100,-100
1013,337,2,BB,0,1,False,Qd Tc Ah,5s 6h,-20,20,5,0,20,-20
1014,338,0,BTN,0,1,False,Jh 9c 6c,3c 5s,0,0,6,0,-20,20
1015,338,1,SB,0,0,False,,5h 2h,-10,10,2,0,-10,10
1016,338,2,BB,0,2,False,Jh 9c 6c 3s,Js 2s,20,-20,8,0,-20,20
1017,339,0,BTN,0,3,False,4h Th 5h 6d 3s,5d Js,0,0,9,0,320,-320
1018,339,1,SB,0,0,False,,6h 3h,-10,10,2,0,-10,10
1019,339,2,BB,0,2,False,4h Th 5h 6d,Jd 4s,-80,80,7,0,80,-80
1020,340,0,BTN,0,1,False,Kd 6d 8c,Kh 6s,0,0,7,0,-120,120
1021,340,1,SB,0,3,True,Kd 6d 8c 6c Js,3c Jd,-10,10,11,-1770,-10,1780
1022,340,2,BB,0,3,True,Kd 6d 8c 6c Js,8d 8h,2020,-2020,14,-2000,-20,2020
1023,341,0,BTN,0,1,False,Jc Qh 4d,Kc 9h,-50,50,8,-50,-300,350
1024,341,1,SB,0,2,False,Jc Qh 4d 5c,6h 5s,-10,10,8,-495,-10,505
1025,341,2,BB,0,3,True,Jc Qh 4d 5c 5h,As Ac,386,-386,11,-366,-20,386
1026,342,0,BTN,0,3,True,3d 2s 8d Ts 9c,Jc 8s,-1755,1755,9,-1755,-10,1765
1027,342,1,SB,0,0,False,,4d Jh,-10,10,2,0,-10,10
1028,342,2,BB,0,1,False,3d 2s 8d,8c 2c,20,-20,6,0,-20,20
1029,343,0,BTN,0,2,False,4d 6d Jd Qc,6c 2h,0,0,7,0,80,-80
1030,343,1,SB,0,0,False,,Jh 2s,-10,10,2,0,-10,10
1031,343,2,BB,0,3,True,4d 6d Jd Qc 7c,7d Ts,-1700,1700,10,0,1700,-1700
1032,344,0,BTN,0,3,True,8s 9c 4c 8h Jh,6c Ks,0,0,9,0,1280,-1280
1033,344,1,SB,0,3,True,8s 9c 4c 8h Jh,Ad 4s,176,-176,13,-88,176,-88
1034,344,2,BB,0,3,False,8s 9c 4c 8h Jh,Ah 7h,-20,20,10,-190,210,-20
1035,345,0,BTN,0,3,False,9s Jd Kd Jh Qc,4d Js,0,0,9,0,320,-320
1036,345,1,SB,0,2,False,9s Jd Kd Jh,Kh 8s,-100,100,8,0,-100,100
1037,345,2,BB,0,3,True,9s Jd Kd Jh Qc,5c 9h,-1280,1280,9,0,1280,-1280
1038,346,0,BTN,0,2,False,Kd Qs Ad 9c,2c 4d,0,0,7,0,20,-20
1039,346,1,SB,0,0,False,,6c 9h,-10,10,2,0,-10,10
1040,346,2,BB,0,2,False,Kd Qs Ad 9c,8c 4c,-20,20,7,0,20,-20
1041,347,0,BTN,0,3,False,7c Qd Td 9s Jc,Qs 3c,0,0,9,0,20,-20
1042,347,1,SB,0,0,False,,6s Kc,-10,10,2,0,-10,10
1043,347,2,BB,0,3,False,7c Qd Td 9s Jc,Ad 3s,-20,20,9,0,20,-20
1044,348,0,BTN,0,3,True,3c 7c 7d 8s 4s,Ad 2d,-50,50,12,-50,-50,100
1045,348,1,SB,0,3,True,3c 7c 7d 8s 4s,Td Ah,-1080.0,1080.0,8,0.0,-1080.0,1080.0
1046,348,2,BB,0,3,True,3c 7c 7d 8s 4s,Ac Ks,80,-80,9,0,-80,80
1047,349,0,BTN,0,3,True,Ts 2h 5d Qh 9c,Ad 8c,96,-96,10,96,-10,-86
1048,349,1,SB,0,0,False,,9s 6h,-10,10,2,0,-10,10
1049,349,2,BB,0,3,False,Ts 2h 5d Qh 9c,6d 8d,-20,20,9,0,20,-20
1050,350,0,BTN,0,3,True,Ad Qh 8s Qd 8h,Tc Jh,-1755,1755,9,-1755,-10,1765
1051,350,1,SB,0,0,False,,2h 4c,-10,10,2,0,-10,10
1052,350,2,BB,0,3,True,Ad Qh 8s Qd 8h,6d 8c,46,-46,10,0,-46,46
1053,351,0,BTN,0,3,True,8c Ac 9h 3s Jd,Jh 5h,-50,50,12,-50,-1967,2017
1054,351,1,SB,0,1,False,8c Ac 9h,7h 7d,-60,60,6,0,-60,60
1055,351,2,BB,0,3,True,8c Ac 9h 3s Jd,9s 9c,2000.0,-2000.0,8,0.0,-2000.0,2000.0
1056,352,0,BTN,0,3,True,2s 8s 8d 7c Ks,5s As,2050,-2050,14,2050,-50,-2000
1057,352,1,SB,0,3,True,2s 8s 8d 7c Ks,Qd 7d,-400,400,10,0,-400,400
1058,352,2,BB,0,1,False,2s 8s 8d,Qs 4s,20,-20,6,0,-20,20
1059,353,0,BTN,0,3,True,Ts 2h 3c 6c 5h,Jd Qc,100,-100,12,100,-50,-50
1060,353,1,SB,0,0,False,,9d Js,20,-20,3,0,20,-20
1061,353,2,BB,0,3,True,Ts 2h 3c 6c 5h,7d 9s,-20,20,9,0,20,-20
1062,354,0,BTN,0,3,True,9c Jc 4d Qs 3c,Td Jh,-1615.25,1615.25,9,-1615.25,1665.25,-50.0
1063,354,1,SB,0,3,True,9c Jc 4d Qs 3c,Jd As,-1984,1984,11,0,-1984,1984
1064,354,2,BB,0,1,False,9c Jc 4d,6d Qc,-20,20,5,0,20,-20
1065,355,0,BTN,0,0,False,,Th 3h,0,0,3,0,20,-20
1066,355,1,SB,0,3,False,9s 9h 4c 4h 2d,7c 7h,60,-60,9,0,60,-60
1067,355,2,BB,0,0,False,,7s 2c,-20,20,3,0,20,-20
1068,356,0,BTN,0,3,False,Ah Th Ts 2c 5c,7d Ks,0,0,9,0,320,-320
1069,356,1,SB,0,3,True,Ah Th Ts 2c 5c,6c Tc,2262,-2262,12,-2000,2262,-262
1070,356,2,BB,0,3,True,Ah Th Ts 2c 5c,9h Jh,-110,110,11,-1925,2035,-110
1071,357,0,BTN,0,3,True,3h 2s Js 4d 9h,Ac 8d,100,-100,12,100,-50,-50
1072,357,1,SB,0,3,True,3h 2s Js 4d 9h,6c Ah,100,-100,9,0,100,-100
1073,357,2,BB,0,3,True,3h 2s Js 4d 9h,Td Qc,-20,20,9,0,20,-20
1074,358,0,BTN,0,3,True,Jc 2d 6c 5c 5s,Ac Kh,100,-100,12,100,-50,-50
1075,358,1,SB,0,3,True,Jc 2d 6c 5c 5s,Ks Tc,-88,88,13,176,-88,-88
1076,358,2,BB,0,3,True,Jc 2d 6c 5c 5s,Th Kc,-20,20,12,40,-20,-20
1077,359,0,BTN,0,1,False,7c Qc 6c,4s 9d,0,0,6,0,-20,20
1078,359,1,SB,0,0,False,,Kh 2s,-10,10,2,0,-10,10
1079,359,2,BB,0,3,True,7c Qc 6c 8d Jh,Ad 9c,20,-20,9,0,-20,20
1080,360,0,BTN,0,1,False,Tc Jd 3c,7s 8d,0,0,6,0,120,-120
1081,360,1,SB,0,0,False,,6h Jc,-10,10,2,0,-10,10
1082,360,2,BB,0,1,False,Tc Jd 3c,Ks 7h,-20,20,5,0,20,-20
1083,361,0,BTN,0,2,False,Js As 3c 6h,9d 5c,0,0,8,0,-20,20
1084,361,1,SB,0,0,False,,8s 4c,-10,10,2,0,-10,10
1085,361,2,BB,0,3,True,Js As 3c 6h Th,6c 8h,20,-20,9,0,-20,20
1086,362,0,BTN,0,3,True,Jc 4c 4h 6c 5s,5c Ad,885,-885,9,885,-10,-875
1087,362,1,SB,0,0,False,,Qd 2h,-10,10,2,0,-10,10
1088,362,2,BB,0,3,True,Jc 4c 4h 6c 5s,8c As,20,-20,9,0,-20,20
1089,363,0,BTN,0,3,False,5h 8s 9c 3c Jh,4d 2h,0,0,10,0,-20,20
1090,363,1,SB,0,0,False,,4s 7h,-10,10,2,0,-10,10
1091,363,2,BB,0,1,False,5h 8s 9c,Ts 7c,20,-20,6,0,-20,20
1092,364,0,BTN,0,1,False,9s 5d 5h,Ks 2c,0,0,5,0,20,-20
1093,364,1,SB,0,3,True,9s 5d 5h Td Kd,Tc Ad,-892,892,10,0,-892,892
1094,364,2,BB,0,3,True,9s 5d 5h Td Kd,2d Qd,2000,-2000,10,0,-2000,2000
1095,365,0,BTN,0,3,False,3h 3c Tc Jh 4d,8d 5h,0,0,9,0,320,-320
1096,365,1,SB,0,0,False,,Ad 3s,-10,10,2,0,-10,10
1097,365,2,BB,0,1,False,3h 3c Tc,2c Qd,-20,20,5,0,20,-20
1098,366,0,BTN,0,3,True,5h Jh 8h Kc 9h,Kd As,-50,50,13,-50,-1967,2017
1099,366,1,SB,0,1,False,5h Jh 8h,Ad 9d,-88,88,8,-88,-88,176
1100,366,2,BB,0,3,True,5h Jh 8h Kc 9h,Qh Qc,416,-416,13,-20,-396,416
1101,367,0,BTN,0,3,False,3c Ac 6h 3h 4c,4d Qh,0,0,9,0,80,-80
1102,367,1,SB,0,0,False,,3s 2d,-10,10,2,0,-10,10
1103,367,2,BB,0,3,False,3c Ac 6h 3h 4c,Td Qc,-80,80,9,0,80,-80
1104,368,0,BTN,0,3,True,Ts 6s Qc Qd 4d,7d 9s,0,0,10,0,0,0
1105,368,1,SB,0,0,False,,Th 2s,-10,10,2,0,-10,10
1106,368,2,BB,0,3,True,Ts 6s Qc Qd 4d,4h Tc,0.0,0.0,10,0.0,0.0,0.0
1107,369,0,BTN,0,3,True,6c Jc As 2s Qc,7h 9c,0,0,9,0,-20,20
1108,369,1,SB,0,0,False,,3c 7d,-10,10,2,0,-10,10
1109,369,2,BB,0,3,True,6c Jc As 2s Qc,3h 2d,20,-20,9,0,-20,20
1110,370,0,BTN,0,3,True,Kh As 7d 8c 6s,4d 6d,0,0,9,0,320,-320
1111,370,1,SB,0,0,False,,7c 3c,-10,10,2,0,-10,10
1112,370,2,BB,0,3,True,Kh As 7d 8c 6s,Qc 9d,-480,480,9,0,480,-480
1113,371,0,BTN,0,1,False,Qh Qd As,7h 9s,0,0,5,0,20,-20
1114,371,1,SB,0,3,False,Qh Qd As 2s 6d,4c Ad,100,-100,9,0,100,-100
1115,371,2,BB,0,1,False,Qh Qd As,3h 8d,-20,20,5,0,20,-20
1116,372,0,BTN,0,1,False,Ad Jh Qd,2d 3s,0,0,6,0,-20,20
1117,372,1,SB,0,0,False,,6c 5d,-10,10,2,0,-10,10
1118,372,2,BB,0,2,False,Ad Jh Qd 9s,8d Td,20,-20,8,0,-20,20
1119,373,0,BTN,0,3,True,Ts Qs 8d Kh Ac,8c Tc,1628.095238095238,-1628.095238095238,8,1628.095238095238,-10.0,-1618.095238095238
1120,373,1,SB,0,0,False,,7h Qd,-10,10,2,0,-10,10
1121,373,2,BB,0,2,False,Ts Qs 8d Kh,9d 8s,-80,80,7,0,80,-80
1122,374,0,BTN,0,3,True,Ks Ac 4h Jd 2h,9d 7h,0,0,9,0,-20,20
1123,374,1,SB,0,0,False,,7s 5c,-10,10,2,0,-10,10
1124,374,2,BB,0,3,True,Ks Ac 4h Jd 2h,3h 2s,20,-20,9,0,-20,20
1125,375,0,BTN,0,3,True,7s 9s Jd Ad Ac,6s Jc,0,0,10,0,0,0
1126,375,1,SB,0,0,False,,8s Qh,-10,10,2,0,-10,10
1127,375,2,BB,0,2,False,7s 9s Jd Ad,3s Qs,140,-140,9,0,-140,140
1128,376,0,BTN,0,2,False,7c 7h 3s 9d,Ks 4s,-50,50,9,-50,100,-50
1129,376,1,SB,0,3,True,7c 7h 3s 9d 2c,9s Ts,348,-348,9,0,348,-348
1130,376,2,BB,0,3,False,7c 7h 3s 9d 2c,Jd Kc,-80,80,9,0,80,-80
1131,377,0,BTN,0,3,True,8s 8d 2s Ad Js,Kd 9d,-1175,1175,11,-1175,1225,-50
1132,377,1,SB,0,3,True,8s 8d 2s Ad Js,9h As,1212.0,-1212.0,12,-1124.0,1212.0,-88.0
1133,377,2,BB,0,3,True,8s 8d 2s Ad Js,Jc 6c,-20,20,13,-1910,1930,-20
1134,378,0,BTN,0,3,True,7d Qc Jc Ts 6d,8d 7h,0,0,10,0,1280,-1280
1135,378,1,SB,0,3,True,7d Qc Jc Ts 6d,Kh 9s,2000,-2000,11,0,2000,-2000
1136,378,2,BB,0,3,True,7d Qc Jc Ts 6d,6s Js,-2000,2000,12,0,2000,-2000
1137,379,0,BTN,0,3,True,3s Kc Kd 5c 9s,4d Jc,0,0,11,0,-1704,1704
1138,379,1,SB,0,0,False,,7d Ah,-60,60,4,0,-60,60
1139,379,2,BB,0,3,True,3s Kc Kd 5c 9s,7h 7s,557,-557,11,0,-557,557
1140,380,0,BTN,0,3,False,Jh 9c 4h Kc 2c,5s Jd,0,0,10,0,-20,20
1141,380,1,SB,0,0,False,,7c 5d,-10,10,2,0,-10,10
1142,380,2,BB,0,1,False,Jh 9c 4h,8c 6c,20,-20,6,0,-20,20
1143,381,0,BTN,0,0,False,,4s Ah,-50,50,4,-50,-10,60
1144,381,1,SB,0,0,False,,9c 3c,-10,10,2,0,-10,10
1145,381,2,BB,0,3,True,2h 5d 5s Js Qh,Ad Ks,20,-20,9,0,-20,20
1146,382,0,BTN,0,3,False,2d 5s 3d 7s Kd,2h Qs,0,0,9,0,80,-80
1147,382,1,SB,0,3,True,2d 5s 3d 7s Kd,9d Qd,348,-348,9,0,348,-348
1148,382,2,BB,0,3,False,2d 5s 3d 7s Kd,Ah 8s,-80,80,9,0,80,-80
1149,383,0,BTN,0,3,True,Ks 9h Ah Ad 9d,4h Qc,0,0,9,0,0,0
1150,383,1,SB,0,0,False,,2h 7d,-10,10,2,0,-10,10
1151,383,2,BB,0,3,True,Ks 9h Ah Ad 9d,5h 3d,0,0,9,0,0,0
1152,384,0,BTN,0,1,False,Kd 9c 8c,Qd 6h,0,0,6,0,-20,20
1153,384,1,SB,0,0,False,,3h Td,-10,10,2,0,-10,10
1154,384,2,BB,0,2,False,Kd 9c 8c Ah,9d Tc,20,-20,8,0,-20,20
1155,385,0,BTN,0,2,False,3h 7d 8c 5s,Kc 6c,-50,50,10,-50,-275,325
1156,385,1,SB,0,2,False,3h 7d 8c 5s,9h Js,-240,240,9,0,-240,240
1157,385,2,BB,0,3,False,3h 7d 8c 5s 2d,9s 9c,186,-186,12,0,-186,186
1158,386,0,BTN,0,3,True,5h As Ad 6h 9s,Kd 7h,0,0,11,0,1920,-1920
1159,386,1,SB,0,3,True,5h As Ad 6h 9s,Jd 9h,350,-350,13,-262,350,-88
1160,386,2,BB,0,3,True,5h As Ad 6h 9s,Qc Ks,-20,20,12,-110,130,-20
1161,387,0,BTN,0,3,True,6s Ac 4s 6h 3c,3h 7d,0,0,10,0,1920,-1920
1162,387,1,SB,0,0,False,,6c Jd,-10,10,2,0,-10,10
1163,387,2,BB,0,3,True,6s Ac 4s 6h 3c,Qc Kc,-1280,1280,9,0,1280,-1280
1164,388,0,BTN,0,1,False,5d 6h 3h,Jh 6s,0,0,5,0,20,-20
1165,388,1,SB,0,3,False,5d 6h 3h Kd As,Ah 5c,60,-60,9,0,60,-60
1166,388,2,BB,0,1,False,5d 6h 3h,2d 8d,-20,20,5,0,20,-20
1167,389,0,BTN,0,3,False,6d 7h 3h Qc Ks,Ac Jc,-132,132,10,-132,-10,142
1168,389,1,SB,0,3,False,6d 7h 3h Qc Ks,2s 4c,-10,10,10,-120,-10,130
1169,389,2,BB,0,3,False,6d 7h 3h Qc Ks,Th Kc,30,-30,9,-20,-10,30
1170,390,0,BTN,0,3,True,7s Td 5d Qh 3h,Kd As,-1315,1315,9,-1315,-10,1325
1171,390,1,SB,0,3,True,7s Td 5d Qh 3h,Ac 4s,-10,10,9,-395,-10,405
1172,390,2,BB,0,3,True,7s Td 5d Qh 3h,5s Ad,40,-40,12,-20,-20,40
1173,391,0,BTN,0,2,False,9h 2d 7h Jc,2c Qs,0,0,9,0,-80,80
1174,391,1,SB,0,0,False,,6c Ts,-10,10,2,0,-10,10
1175,391,2,BB,0,3,True,9h 2d 7h Jc 4h,Qh 7s,46,-46,10,0,-46,46
1176,392,0,BTN,0,2,False,Td Ts 9h Js,6c Jh,0,0,7,0,20,-20
1177,392,1,SB,0,3,False,Td Ts 9h Js 3s,Qs 2s,150,-150,9,0,150,-150
1178,392,2,BB,0,1,False,Td Ts 9h,8d 2c,-20,20,5,0,20,-20
1179,393,0,BTN,0,0,False,,7d 6h,0,0,4,0,-20,20
1180,393,1,SB,0,0,False,,6s 4d,-10,10,2,0,-10,10
1181,393,2,BB,0,1,False,Jc Ts 8h,Jd Js,20,-20,6,0,-20,20
1182,394,0,BTN,0,1,False,8c Js Kd,7h 6s,0,0,6,0,-20,20
1183,394,1,SB,0,0,False,,2d 9h,-10,10,2,0,-10,10
1184,394,2,BB,0,3,False,8c Js Kd Qd 8h,8s Ah,20,-20,10,0,-20,20
1185,395,0,BTN,0,2,False,9h Qh 5s Jd,3d 5h,0,0,10,0,-480,480
1186,395,1,SB,0,1,False,9h Qh 5s,4c As,-60,60,6,0,-60,60
1187,395,2,BB,0,3,True,9h Qh 5s Jd Jh,Th Ah,107,-107,11,0,-107,107
1188,396,0,BTN,0,1,False,Tc 4h 8s,2c Jd,0,0,5,0,20,-20
1189,396,1,SB,0,0,False,,Td 7h,-10,10,2,0,-10,10
1190,396,2,BB,0,1,False,Tc 4h 8s,2s Qc,-20,20,5,0,20,-20
1191,397,0,BTN,0,3,True,3h Qd 3d 6s Ks,8d Qc,-359,359,10,-359,-10,369
1192,397,1,SB,0,0,False,,8s 3c,-10,10,2,0,-10,10
1193,397,2,BB,0,1,False,3h Qd 3d,9s Kd,-170,170,7,0,170,-170
1194,398,0,BTN,0,0,False,,7h 2c,0,0,4,0,-20,20
1195,398,1,SB,0,0,False,,Ts 6c,-10,10,2,0,-10,10
1196,398,2,BB,0,3,True,9h Qs 8c Kh Ah,Js Qc,93,-93,10,0,-93,93
1197,399,0,BTN,0,3,True,7c 4d 7s 6c 9d,Kc Tc,-950,950,9,-950,970,-20
1198,399,1,SB,0,2,False,7c 4d 7s 6c,Ad 5h,60,-60,7,0,60,-60
1199,399,2,BB,0,1,False,7c 4d 7s,2d 8d,-20,20,5,0,20,-20
1200,400,0,BTN,0,3,True,3h As Ts Jc 8s,6h 8d,0,0,10,0,-1520,1520
1201,400,1,SB,0,2,False,3h As Ts Jc,2c Ac,-240,240,9,0,-240,240
1202,400,2,BB,0,3,True,3h As Ts Jc 8s,Js 3c,1238.095238095238,-1238.095238095238,10,0.0,-1238.095238095238,1238.095238095238
1203,401,0,BTN,0,1,False,Kc 3h 6c,3s 2d,0,0,7,0,-120,120
1204,401,1,SB,0,2,False,Kc 3h 6c Ac,Jd Th,-250,250,8,0,-250,250
1205,401,2,BB,0,3,False,Kc 3h 6c Ac As,Tc Ad,46,-46,11,0,-46,46
1206,402,0,BTN,0,3,True,8d 8c 6h 3c Ks,Ac 4s,-359,359,10,-359,-10,369
1207,402,1,SB,0,0,False,,2c 7c,-10,10,2,0,-10,10
1208,402,2,BB,0,3,False,8d 8c 6h 3c Ks,Kd 4h,20,-20,10,0,-20,20
1209,403,0,BTN,0,1,False,Qh 3h Kd,6s 7h,0,0,5,0,20,-20
1210,403,1,SB,0,3,False,Qh 3h Kd 7s 9h,8h Ah,60,-60,9,0,60,-60
1211,403,2,BB,0,3,False,Qh 3h Kd 7s 9h,As 2c,-80,80,9,0,80,-80
1212,404,0,BTN,0,3,True,8h Js 8d 4d Qd,Qc Ac,216,-216,11,216,-10,-206
1213,404,1,SB,0,3,True,8h Js 8d 4d Qd,5d 7c,-10,10,12,2005,-10,-1995
1214,404,2,BB,0,1,False,8h Js 8d,Kc Th,-140,140,10,160,-20,-140
1215,405,0,BTN,0,3,True,9d 4s 2d 7d 2c,3c 6h,0,0,10,0,1920,-1920
1216,405,1,SB,0,0,False,,4c Qh,-10,10,2,0,-10,10
1217,405,2,BB,0,3,True,9d 4s 2d 7d 2c,3d 3s,-1700,1700,10,0,1700,-1700
1218,406,0,BTN,0,0,False,,5h 3d,0,0,4,0,-20,20
1219,406,1,SB,0,0,False,,Ts 4h,-10,10,2,0,-10,10
1220,406,2,BB,0,3,True,7s 4s Kd 8d Ad,9c 9s,120,-120,9,0,-120,120
1221,407,0,BTN,0,3,True,Qd 6h 4c 2d 5s,Jc Kd,-50,50,12,-50,-50,100
1222,407,1,SB,0,2,False,Qd 6h 4c 2d,7c 9d,-10,10,8,-120,-10,130
1223,407,2,BB,0,3,True,Qd 6h 4c 2d 5s,4s Kh,40,-40,12,-20,-20,40
1224,408,0,BTN,0,3,True,6s 8h 4s 6d 9c,9h 2h,0,0,9,0,1280,-1280
1225,408,1,SB,0,0,False,,3h 8c,-10,10,2,0,-10,10
1226,408,2,BB,0,2,False,6s 8h 4s 6d,4h Th,-80,80,7,0,80,-80
1227,409,0,BTN,0,3,True,6h Kd Kh 4s 5s,Th Ad,885,-885,9,885,-10,-875
1228,409,1,SB,0,3,True,6h Kd Kh 4s 5s,3h Ah,-400,400,10,0,-400,400
1229,409,2,BB,0,2,False,6h Kd Kh 4s,7d Ac,-80,80,7,0,80,-80
1230,410,0,BTN,0,3,True,Ks 6s Qc 5c 2h,Ad Js,250,-250,10,250,-230,-20
1231,410,1,SB,0,3,True,Ks 6s Qc 5c 2h,As 9c,-1558,1558,12,1578,-1558,-20
1232,410,2,BB,0,3,True,Ks 6s Qc 5c 2h,2c 4h,40,-40,12,-20,-20,40
1233,411,0,BTN,0,3,False,9s 6s 6d Td 2h,4c 5d,0,0,10,0,-20,20
1234,411,1,SB,0,0,False,,Jd 3c,-10,10,2,0,-10,10
1235,411,2,BB,0,3,True,9s 6s 6d Td 2h,2c Qh,20,-20,9,0,-20,20
1236,412,0,BTN,0,3,True,9h 2h 7s 5c Jc,Tc 7c,-1755,1755,9,-1755,-10,1765
1237,412,1,SB,0,0,False,,3d 9c,-10,10,2,0,-10,10
1238,412,2,BB,0,2,False,9h 2h 7s 5c,2s 2c,-80,80,7,0,80,-80
1239,413,0,BTN,0,2,False,Kd 2d Qs Jh,As 7c,60,-60,8,60,-10,-50
1240,413,1,SB,0,0,False,,Jc 2s,-10,10,2,0,-10,10
1241,413,2,BB,0,2,False,Kd 2d Qs Jh,8h 6d,-20,20,7,0,20,-20
1242,414,0,BTN,0,3,True,Td 2s Th 8c 2d,8h 8s,2149,-2149,14,2149,-2000,-149
1243,414,1,SB,0,3,True,Td 2s Th 8c 2d,Ah 8d,-1904.2857142857142,1904.2857142857142,11,1924.2857142857142,-1904.2857142857142,-20.0
1244,414,2,BB,0,3,True,Td 2s Th 8c 2d,3s Kd,-1910,1910,14,1930,-20,-1910
1245,415,0,BTN,0,1,False,Td 2s 2d,7c Kc,-50,50,5,-50,-10,60
1246,415,1,SB,0,1,False,Td 2s 2d,9h 6h,-88,88,8,-88,-88,176
1247,415,2,BB,0,1,False,Td 2s 2d,Ad Th,40,-40,7,-20,-20,40
1248,416,0,BTN,0,3,True,Ad 2h Th 7h Ah,Qs 9d,-50,50,12,-50,100,-50
1249,416,1,SB,0,0,False,,5c Kd,-10,10,2,0,-10,10
1250,416,2,BB,0,2,False,Ad 2h Th 7h,4d Jd,80,-80,9,0,-80,80
1251,417,0,BTN,0,3,True,Tc 7h Js 8s 7c,9d 2c,0,0,9,0,0,0
1252,417,1,SB,0,3,True,Tc 7h Js 8s 7c,4c 5c,0,0,9,0,0,0
1253,417,2,BB,0,3,True,Tc 7h Js 8s 7c,2d 6c,0,0,9,0,0,0
1254,418,0,BTN,0,2,False,9d 3d 8s 4c,5c Kc,-50,50,9,-50,100,-50
1255,418,1,SB,0,3,True,9d 3d 8s 4c Ks,7s 9s,580,-580,9,0,580,-580
1256,418,2,BB,0,2,False,9d 3d 8s 4c,Jc Ah,-80,80,7,0,80,-80
1257,419,0,BTN,0,3,True,Qs Ac Jh Tc 3s,6h Jd,0,0,11,0,1604,-1604
1258,419,1,SB,0,3,True,Qs Ac Jh Tc 3s,Qc Kh,1571.4285714285716,-1571.4285714285716,10,0.0,1571.4285714285716,-1571.4285714285716
1259,419,2,BB,0,3,True,Qs Ac Jh Tc 3s,Th Qd,-2000,2000,10,0,2000,-2000
1260,420,0,BTN,0,3,True,6d 8c 8d Jc Qs,8h 9c,515,-515,10,515,-10,-505
1261,420,1,SB,0,0,False,,9d 6s,-10,10,2,0,-10,10
1262,420,2,BB,0,3,True,6d 8c 8d Jc Qs,6c 4d,0,0,9,0,0,0
1263,421,0,BTN,0,3,True,7c Jd 5d 3h 4s,Ac 7s,550,-550,13,550,-275,-275
1264,421,1,SB,0,2,False,7c Jd 5d 3h,Ad 5h,-700,700,10,0,-700,700
1265,421,2,BB,0,3,True,7c Jd 5d 3h 4s,8c 7d,480,-480,9,0,-480,480
1266,422,0,BTN,0,1,False,7d Ad Js,Td Qd,60,-60,6,60,-10,-50
1267,422,1,SB,0,0,False,,3h 4c,-10,10,2,0,-10,10
1268,422,2,BB,0,3,True,7d Ad Js 5h Qs,3c 5c,20,-20,9,0,-20,20
1269,423,0,BTN,0,3,True,2c 4h 4d Qc Th,2d 6s,0,0,9,0,20,-20
1270,423,1,SB,0,3,True,2c 4h 4d Qc Th,Kd 9d,60,-60,9,0,60,-60
1271,423,2,BB,0,3,True,2c 4h 4d Qc Th,6d 5c,-40,40,9,0,40,-40
1272,424,0,BTN,0,3,True,3h 3d 3c 4d 2s,Jc Tc,-338,338,11,-338,-10,348
1273,424,1,SB,0,0,False,,5s 2d,-10,10,2,0,-10,10
1274,424,2,BB,0,3,True,3h 3d 3c 4d 2s,Kh 9d,-80,80,9,0,80,-80
1275,425,0,BTN,0,3,True,2h 8s 8h 8d Ah,Ks 2d,0,0,10,0,-1840,1840
1276,425,1,SB,0,1,False,2h 8s 8h,Kc 2c,-60,60,6,0,-60,60
1277,425,2,BB,0,3,True,2h 8s 8h 8d Ah,5d Ad,2000,-2000,12,0,-2000,2000
1278,426,0,BTN,0,3,True,4h 8c Th 9h 5d,Jd Qh,1278.5714285714284,-1278.5714285714284,9,1278.5714285714284,-1228.5714285714284,-50.0
1279,426,1,SB,0,3,True,4h 8c Th 9h 5d,Kh 8d,-1600,1600,11,0,-1600,1600
1280,426,2,BB,0,3,True,4h 8c Th 9h 5d,7s 6d,2000,-2000,10,0,-2000,2000
1281,427,0,BTN,0,3,True,Qh Ah 7c 2s 4c,3s 8s,0,0,11,0,-1604,1604
1282,427,1,SB,0,0,False,,Qs 8d,-10,10,2,0,-10,10
1283,427,2,BB,0,3,True,Qh Ah 7c 2s 4c,Ad 5d,1480.0,-1480.0,8,0.0,-1480.0,1480.0
1284,428,0,BTN,0,3,True,5h Kc Qc Qh 2h,Kd 4c,0,0,11,0,-560,560
1285,428,1,SB,0,2,False,5h Kc Qc Qh,Ah 6s,-150,150,8,0,-150,150
1286,428,2,BB,0,3,True,5h Kc Qc Qh 2h,8s 5c,40,-40,9,0,-40,40
1287,429,0,BTN,0,1,False,5s 9s As,5c 6d,0,0,6,0,-20,20
1288,429,1,SB,0,0,False,,4d 8d,-10,10,2,0,-10,10
1289,429,2,BB,0,3,True,5s 9s As Jh Ad,Qh 7s,20,-20,9,0,-20,20
1290,430,0,BTN,0,3,True,Th Tc 2h 2s Td,9c Qc,-1850,1850,10,-1850,1870,-20
1291,430,1,SB,0,3,True,Th Tc 2h 2s Td,Kh Kc,232,-232,9,0,232,-232
1292,430,2,BB,0,0,False,,4s Jd,-20,20,3,0,20,-20
1293,431,0,BTN,0,3,True,Qs Qc 4d 3h 2s,2h Kh,-50,50,13,-50,-1967,2017
1294,431,1,SB,0,3,True,Qs Qc 4d 3h 2s,Kc 7c,-1992,1992,12,0,-1992,1992
1295,431,2,BB,0,3,True,Qs Qc 4d 3h 2s,8s 8h,107,-107,11,0,-107,107
1296,432,0,BTN,0,3,False,3c Qh 9d Ts Kc,7h 9s,0,0,9,0,320,-320
1297,432,1,SB,0,3,False,3c Qh 9d Ts Kc,Jc Ks,250,-250,9,0,250,-250
1298,432,2,BB,0,3,False,3c Qh 9d Ts Kc,3h 5c,-320,320,9,0,320,-320
1299,433,0,BTN,0,0,False,,9c 4s,0,0,4,0,-20,20
1300,433,1,SB,0,0,False,,8c 5d,-10,10,2,0,-10,10
1301,433,2,BB,0,3,True,Qc Qd 7h 3s 2d,As Kc,20,-20,9,0,-20,20
1302,434,0,BTN,0,3,True,Js Qs 9d 6s 3h,4h Ks,0,0,9,0,20,-20
1303,434,1,SB,0,3,True,Js Qs 9d 6s 3h,8c Kh,100,-100,9,0,100,-100
1304,434,2,BB,0,3,True,Js Qs 9d 6s 3h,7c Tc,-20,20,9,0,20,-20
1305,435,0,BTN,0,3,False,5h 3d 5d 4c 6s,Jd As,-875,875,9,-875,-10,885
1306,435,1,SB,0,3,True,5h 3d 5d 4c 6s,7d 5s,-10,10,11,-1595,-10,1605
1307,435,2,BB,0,3,True,5h 3d 5d 4c 6s,5c 6d,460.0,-460.0,10,-1580.0,1120.0,460.0
1308,436,0,BTN,0,2,False,4s 5h Tc 8c,2c Jc,0,0,7,0,80,-80
1309,436,1,SB,0,0,False,,Td 6h,-10,10,2,0,-10,10
1310,436,2,BB,0,1,False,4s 5h Tc,2h 3c,-20,20,5,0,20,-20
1311,437,0,BTN,0,3,True,3d 7d 8d 7c 9d,Kh Qc,60,-60,9,60,-10,-50
1312,437,1,SB,0,3,True,3d 7d 8d 7c 9d,Kc 4d,-10,10,10,130,-10,-120
1313,437,2,BB,0,3,True,3d 7d 8d 7c 9d,6h Qs,-20,20,12,-20,40,-20
1314,438,0,BTN,0,3,True,6d 2h 9h Js Qs,5h Kc,0,0,9,0,320,-320
1315,438,1,SB,0,0,False,,6c 3s,-10,10,2,0,-10,10
1316,438,2,BB,0,2,False,6d 2h 9h Js,7c As,-80,80,7,0,80,-80
1317,439,0,BTN,0,2,False,Qs 4c 7d 8h,7s Th,0,0,8,0,-20,20
1318,439,1,SB,0,0,False,,3c Ts,-10,10,2,0,-10,10
1319,439,2,BB,0,3,True,Qs 4c 7d 8h 6c,8d Td,20,-20,9,0,-20,20
1320,440,0,BTN,0,3,False,Qs Td 3c 8s 4s,8d 3d,0,0,12,0,-320,320
1321,440,1,SB,0,0,False,,6c 3h,-10,10,2,0,-10,10
1322,440,2,BB,0,3,True,Qs Td 3c 8s 4s,Tc 2s,46,-46,10,0,-46,46
1323,441,0,BTN,0,1,False,2s 2h 7h,Kc 6h,0,0,6,0,-20,20
1324,441,1,SB,0,3,True,2s 2h 7h 2d Ah,6c Js,-10,10,9,-1595,-10,1605
1325,441,2,BB,0,3,False,2s 2h 7h 2d Ah,As 8c,40,-40,13,-20,-20,40
1326,442,0,BTN,0,2,False,2s Kc 3d Kh,6h Ah,-50,50,7,-50,-10,60
1327,442,1,SB,0,3,True,2s Kc 3d Kh 6c,9d 3s,-10,10,10,405,-10,-395
1328,442,2,BB,0,3,True,2s Kc 3d Kh 6c,Ac 9h,-20,20,14,130,-110,-20
1329,443,0,BTN,0,1,False,8s 4d 9c,Ac 4h,60,-60,6,60,-10,-50
1330,443,1,SB,0,0,False,,Td 7h,-10,10,2,0,-10,10
1331,443,2,BB,0,3,True,8s 4d 9c 8c Kc,2c 6h,-20,20,9,0,20,-20
1332,444,0,BTN,0,3,True,Ts Kh Qs 9d 3s,Ah 6d,-50,50,13,-50,-1400,1450
1333,444,1,SB,0,0,False,,Kd 6h,-10,10,2,0,-10,10
1334,444,2,BB,0,3,True,Ts Kh Qs 9d 3s,Js 7d,1857.1428571428573,-1857.142857142857,10,0.0,-1857.142857142857,1857.1428571428573
1335,445,0,BTN,0,1,False,3c Jc Tc,6d Ad,-50,50,5,-50,70,-20
1336,445,1,SB,0,2,False,3c Jc Tc 7d,Js Kc,255,-255,8,-235,255,-20
1337,445,2,BB,0,3,True,3c Jc Tc 7d 9c,Ts 2c,-1910,1910,10,-20,1930,-1910
1338,446,0,BTN,0,3,False,7s As 3s 7h 5s,3d 4s,0,0,10,0,-20,20
1339,446,1,SB,0,1,False,7s As 3s,Jh Tc,60,-60,5,0,60,-60
1340,446,2,BB,0,3,True,7s As 3s 7h 5s,2h 4c,20,-20,9,0,-20,20
1341,447,0,BTN,0,2,False,4d 4c Kc 6h,Qs 8c,0,0,8,0,-20,20
1342,447,1,SB,0,0,False,,2s 5d,-10,10,2,0,-10,10
1343,447,2,BB,0,3,True,4d 4c Kc 6h Jd,6d 9h,20,-20,9,0,-20,20
1344,448,0,BTN,0,3,True,8h 4d 7h Qd Kh,As Kd,2010,-2010,11,2010,-10,-2000
1345,448,1,SB,0,3,True,8h 4d 7h Qd Kh,4c 9d,-10,10,10,725,-10,-715
1346,448,2,BB,0,3,True,8h 4d 7h Qd Kh,3h 8c,-110,110,14,130,-20,-110
1347,449,0,BTN,0,3,True,6s 5c 5h 2d 9d,8h 7s,0,0,10,0,-1520,1520
1348,449,1,SB,0,0,False,,7d 6h,-10,10,2,0,-10,10
1349,449,2,BB,0,3,True,6s 5c 5h 2d 9d,Jc 6d,1280,-1280,9,0,-1280,1280
1350,450,0,BTN,0,1,False,Th Ks 7s,Ac 4s,-50,50,7,-50,-50,100
1351,450,1,SB,0,0,False,,6c Jh,-10,10,2,0,-10,10
1352,450,2,BB,0,3,True,Th Ks 7s As Qc,9s Td,-80,80,9,0,80,-80
1353,451,0,BTN,0,1,False,Th 7d Ac,Kc 9c,-50,50,6,-50,100,-50
1354,451,1,SB,0,3,True,Th 7d Ac 4h Kh,As 5c,2262,-2262,12,-2000,2262,-262
1355,451,2,BB,0,3,True,Th 7d Ac 4h Kh,8d Kd,-20,20,10,-1910,1930,-20
1356,452,0,BTN,0,1,False,Ac Ks Qs,5c 8s,0,0,6,0,-20,20
1357,452,1,SB,0,0,False,,3s 4d,-10,10,2,0,-10,10
1358,452,2,BB,0,3,True,Ac Ks Qs Qd Kc,Jh 5s,0,0,9,0,0,0
1359,453,0,BTN,0,3,True,7h 7d Td 9h Qh,Qs Jd,-2000,2000,10,-2000,-10,2010
1360,453,1,SB,0,2,False,7h 7d Td 9h,Tc 7c,-240,240,9,0,-240,240
1361,453,2,BB,0,1,False,7h 7d Td,7s 4s,-20,20,5,0,20,-20
1362,454,0,BTN,0,3,True,9d 7c Jc 2h 4s,7s Tc,0,0,11,0,-1704,1704
1363,454,1,SB,0,0,False,,Kd 9h,-60,60,4,0,-60,60
1364,454,2,BB,0,3,True,9d 7c Jc 2h 4s,Th Td,1523.8095238095239,-1523.8095238095239,10,0.0,-1523.8095238095239,1523.8095238095239
1365,455,0,BTN,0,3,False,7h 6h 2s 8d 5h,Tc Qh,-552,552,11,-552,-10,562
1366,455,1,SB,0,3,True,7h 6h 2s 8d 5h,4c 5c,-804,804,11,0,-804,804
1367,455,2,BB,0,2,False,7h 6h 2s 8d,9s Kd,-20,20,7,0,20,-20
1368,456,0,BTN,0,3,False,5s 7s 2h 3s 6s,Qs 8s,212,-212,11,212,-10,-202
1369,456,1,SB,0,0,False,,3h 8c,-10,10,2,0,-10,10
1370,456,2,BB,0,3,True,5s 7s 2h 3s 6s,2d 9c,-40,40,9,0,40,-40
1371,457,0,BTN,0,3,False,8s 7d 2h 5c Jh,6h Th,-132,132,10,-132,-10,142
1372,457,1,SB,0,0,False,,8h Qc,-10,10,2,0,-10,10
1373,457,2,BB,0,2,False,8s 7d 2h 5c,Qh Jc,-80,80,7,0,80,-80
1374,458,0,BTN,0,3,True,Jc 9s 6d Js Kh,5h Qs,0,0,10,0,-180,180
1375,458,1,SB,0,3,True,Jc 9s 6d Js Kh,8d Ac,-250,250,9,0,-250,250
1376,458,2,BB,0,3,True,Jc 9s 6d Js Kh,3d 3s,40,-40,9,0,-40,40
1377,459,0,BTN,0,3,True,Ad 6d Ac 9s Kd,Js 2s,0,0,11,0,-1704,1704
1378,459,1,SB,0,2,False,Ad 6d Ac 9s,Kc Td,-300,300,9,0,-300,300
1379,459,2,BB,0,3,True,Ad 6d Ac 9s Kd,6c 6s,2000,-2000,12,0,-2000,2000
1380,460,0,BTN,0,2,False,5s Ts 8c 7d,4d Ac,-50,50,9,-50,100,-50
1381,460,1,SB,0,2,False,5s Ts 8c 7d,7h 7c,60,-60,7,0,60,-60
1382,460,2,BB,0,0,False,,6d Qs,-20,20,3,0,20,-20
1383,461,0,BTN,0,1,False,7c 6c 9s,8s 3s,0,0,5,0,20,-20
1384,461,1,SB,0,0,False,,7s Qh,-10,10,2,0,-10,10
1385,461,2,BB,0,1,False,7c 6c 9s,Jd 4s,-20,20,5,0,20,-20
1386,462,0,BTN,0,2,False,Th Ad 8s 3c,Jc Qd,-275,275,9,-275,-50,325
1387,462,1,SB,0,0,False,,6d Kc,-10,10,2,0,-10,10
1388,462,2,BB,0,3,False,Th Ad 8s 3c 7h,2s Ac,46,-46,11,0,-46,46
1389,463,0,BTN,0,3,True,8d Th 4h 5d 5h,Qh 7c,0,0,11,0,-1520,1520
1390,463,1,SB,0,0,False,,4d 6s,-10,10,2,0,-10,10
1391,463,2,BB,0,3,True,8d Th 4h 5d 5h,8h 2c,80,-80,9,0,-80,80
1392,464,0,BTN,0,3,True,Qd 4h 9h 4c 2s,Qs 3h,0,0,9,0,-20,20
1393,464,1,SB,0,0,False,,5s 8c,-10,10,2,0,-10,10
1394,464,2,BB,0,3,True,Qd 4h 9h 4c 2s,Th 6s,20,-20,9,0,-20,20
1395,465,0,BTN,0,3,True,6d Ad Qh 2h 6c,5d 4s,0,0,9,0,20,-20
1396,465,1,SB,0,1,False,6d Ad Qh,Tc 8c,60,-60,5,0,60,-60
1397,465,2,BB,0,3,True,6d Ad Qh 2h 6c,5h 3d,-20,20,9,0,20,-20
1398,466,0,BTN,0,3,True,Ac Kd 4d 8d 9d,8h Kh,970,-970,9,970,-950,-20
1399,466,1,SB,0,1,False,Ac Kd 4d,Kc 6h,-10,10,6,30,-10,-20
1400,466,2,BB,0,3,True,Ac Kd 4d 8d 9d,2d 7h,-20,20,12,1930,-1910,-20
1401,467,0,BTN,0,1,False,Js 6c Kc,4s 2c,0,0,6,0,-20,20
1402,467,1,SB,0,1,False,Js 6c Kc,4c 4d,-100,100,6,0,-100,100
1403,467,2,BB,0,3,True,Js 6c Kc 7c 8h,Ad 6h,80,-80,9,0,-80,80
1404,468,0,BTN,0,1,False,Ts 8h Js,5s 7d,0,0,7,0,-120,120
1405,468,1,SB,0,0,False,,6c Qd,-10,10,2,0,-10,10
1406,468,2,BB,0,3,False,Ts 8h Js 7c Ac,Ah Jh,46,-46,11,0,-46,46
1407,469,0,BTN,0,0,False,,8c 2s,0,0,4,0,-20,20
1408,469,1,SB,0,0,False,,9c 8s,-10,10,2,0,-10,10
1409,469,2,BB,0,1,False,Ts 3h Ah,Qd Ad,20,-20,6,0,-20,20
1410,470,0,BTN,0,3,True,6c Kh 2h 3c Ks,6h 2c,0,0,9,0,-20,20
1411,470,1,SB,0,0,False,,4h 8s,-10,10,2,0,-10,10
1412,470,2,BB,0,3,True,6c Kh 2h 3c Ks,9s 4d,20,-20,9,0,-20,20
1413,471,0,BTN,0,3,False,Qd 7d 8s Jc 7c,5c 8h,0,0,10,0,480,-480
1414,471,1,SB,0,0,False,,7h 3h,-10,10,2,0,-10,10
1415,471,2,BB,0,3,True,Qd 7d 8s Jc 7c,4c 4h,-320,320,9,0,320,-320
1416,472,0,BTN,0,3,False,8h 6h 5d 3h Th,7c Jh,0,0,9,0,20,-20
1417,472,1,SB,0,3,False,8h 6h 5d 3h Th,2c Qh,-10,10,10,30,-10,-20
1418,472,2,BB,0,3,True,8h 6h 5d 3h Th,2d 5s,-20,20,14,-1910,1930,-20
1419,473,0,BTN,0,1,False,Kc Qs Ks,9c 8c,60,-60,6,60,-10,-50
1420,473,1,SB,0,0,False,,5h 2h,-10,10,2,0,-10,10
1421,473,2,BB,0,3,True,Kc Qs Ks Qc Js,4s 7c,0,0,9,0,0,0
1422,474,0,BTN,0,1,False,Ts Kd 2h,Jh 9s,-380,380,7,-380,-10,390
1423,474,1,SB,0,3,False,Ts Kd 2h Ks 2d,Qc 8s,-10,10,9,-395,-10,405
1424,474,2,BB,0,3,True,Ts Kd 2h Ks 2d,Kc 2s,386,-386,11,-366,-20,386
1425,475,0,BTN,0,1,False,4s 6h Ks,5s 5d,-50,50,7,-50,-50,100
1426,475,1,SB,0,3,True,4s 6h Ks 7s 2s,Jh 3d,-10,10,10,2005,-10,-1995
1427,475,2,BB,0,3,True,4s 6h Ks 7s 2s,Ad Kh,-638,638,12,658,-20,-638
1428,476,0,BTN,0,1,False,8s 7c 2c,4h 7d,0,0,6,0,120,-120
1429,476,1,SB,0,3,False,8s 7c 2c Jc Ts,9h 9c,100,-100,9,0,100,-100
1430,476,2,BB,0,1,False,8s 7c 2c,6h Kh,-20,20,5,0,20,-20
1431,477,0,BTN,0,3,True,6c 5h 2c Qs 8s,3s 3h,60,-60,9,60,-10,-50
1432,477,1,SB,0,0,False,,Qh 2s,-10,10,2,0,-10,10
1433,477,2,BB,0,3,False,6c 5h 2c Qs 8s,Jd 2d,-80,80,9,0,80,-80
1434,478,0,BTN,0,1,False,Tc Th Ad,Js 4c,0,0,5,0,20,-20
1435,478,1,SB,0,0,False,,Ac 4d,20,-20,3,0,20,-20
1436,478,2,BB,0,1,False,Tc Th Ad,2s 9h,-20,20,5,0,20,-20
1437,479,0,BTN,0,3,True,9s 6c 8h Qs Jc,9c As,-1755,1755,9,-1755,-10,1765
1438,479,1,SB,0,3,True,9s 6c 8h Qs Jc,Ad 2h,-10,10,10,-1895,-10,1905
1439,479,2,BB,0,3,True,9s 6c 8h Qs Jc,Th 6s,126,-126,13,-106,-20,126
1440,480,0,BTN,0,1,False,2d 4d Td,4s Ah,-380,380,7,-380,-10,390
1441,480,1,SB,0,0,False,,2c 9d,-10,10,2,0,-10,10
1442,480,2,BB,0,3,True,2d 4d Td Qc 7s,4h Th,742,-742,10,0,-742,742
1443,481,0,BTN,0,3,True,Qc 5s 9s Kc 7h,Jd Ac,210,-210,10,210,-10,-200
1444,481,1,SB,0,3,True,Qc 5s 9s Kc 7h,4h Ah,-88,88,13,176,-88,-88
1445,481,2,BB,0,3,True,Qc 5s 9s Kc 7h,3c Jc,-20,20,12,40,-20,-20
1446,482,0,BTN,0,0,False,,7c 8d,0,0,4,0,-20,20
1447,482,1,SB,0,0,False,,7s 8c,-10,10,2,0,-10,10
1448,482,2,BB,0,3,True,5h 9d Qd 4s Td,2c 2h,20,-20,9,0,-20,20
1449,483,0,BTN,0,1,False,3d 8d Ks,Qc Th,-380,380,7,-380,-10,390
1450,483,1,SB,0,0,False,,Ac 2h,-10,10,2,0,-10,10
1451,483,2,BB,0,3,False,3d 8d Ks 7d Jh,Js Kc,93,-93,11,0,-93,93
1452,484,0,BTN,0,3,True,Jh 6s 2h 4s 4c,9d Js,-2000,2000,12,-2000,-10,2010
1453,484,1,SB,0,1,False,Jh 6s 2h,6d 9c,-10,10,6,30,-10,-20
1454,484,2,BB,0,3,True,Jh 6s 2h 4s 4c,Qc 4d,-20,20,11,1720,-1700,-20
1455,485,0,BTN,0,3,True,Ah Ad Qd Qc 7d,Tc Ts,-1967,1967,10,-1967,2017,-50
1456,485,1,SB,0,3,True,Ah Ad Qd Qc 7d,Kc Jc,1637.1428571428573,-1637.142857142857,10,-1617.142857142857,1637.1428571428573,-20.0
1457,485,2,BB,0,3,True,Ah Ad Qd Qc 7d,2c 2d,-20,20,10,-1910,1930,-20
1458,486,0,BTN,0,2,False,9d Jc 5h 3c,Td 8c,-275,275,8,-275,325,-50
1459,486,1,SB,0,2,False,9d Jc 5h 3c,Ts Js,100,-100,7,0,100,-100
1460,486,2,BB,0,2,False,9d Jc 5h 3c,6d Qd,-80,80,7,0,80,-80
1461,487,0,BTN,0,1,False,Ad Ah 2c,8h 3d,0,0,6,0,-20,20
1462,487,1,SB,0,0,False,,6s 8c,-10,10,2,0,-10,10
1463,487,2,BB,0,3,True,Ad Ah 2c Ts 5d,Ks 9h,20,-20,9,0,-20,20
1464,488,0,BTN,0,2,False,4d Ts 7d 6s,6c Jd,0,0,8,0,-20,20
1465,488,1,SB,0,2,False,4d Ts 7d 6s,3h Kh,-60,60,8,0,-60,60
1466,488,2,BB,0,2,False,4d Ts 7d 6s,5d 8h,20,-20,8,0,-20,20
1467,489,0,BTN,0,2,False,6h Jc 4s Td,Ad 5d,-230,230,8,-230,250,-20
1468,489,1,SB,0,2,False,6h Jc 4s Td,Kc 9s,-150,150,8,0,-150,150
1469,489,2,BB,0,3,True,6h Jc 4s Td 3c,4h Qs,20,-20,9,0,-20,20
1470,490,0,BTN,0,3,True,Kd 9c 6d 9h Ks,9d Th,2050,-2050,14,2050,-2000,-50
1471,490,1,SB,0,0,False,,6s Jh,-10,10,2,0,-10,10
1472,490,2,BB,0,1,False,Kd 9c 6d,4h Js,-20,20,5,0,20,-20
1473,491,0,BTN,0,3,True,6d 4c 3c 7c 6h,As 4s,-50,50,12,-50,-50,100
1474,491,1,SB,0,2,False,6d 4c 3c 7c,Ks Qd,-60,60,8,0,-60,60
1475,491,2,BB,0,2,False,6d 4c 3c 7c,8c 8h,60,-60,9,0,-60,60
1476,492,0,BTN,0,3,False,Qh 9c 2s 4d Ad,7s 2h,0,0,11,0,-120,120
1477,492,1,SB,0,0,False,,6c 5c,-60,60,4,0,-60,60
1478,492,2,BB,0,3,False,Qh 9c 2s 4d Ad,As Kh,20,-20,10,0,-20,20
1479,493,0,BTN,0,2,False,8c 6h Kh 2s,Td Jh,-50,50,10,-50,-275,325
1480,493,1,SB,0,1,False,8c 6h Kh,Tc Js,-100,100,6,0,-100,100
1481,493,2,BB,0,3,True,8c 6h Kh 2s 5s,As 6d,20,-20,9,0,-20,20
1482,494,0,BTN,0,3,True,3d Js Tc 3c 8h,Kd Qs,-1910,1910,9,-1910,1930,-20
1483,494,1,SB,0,3,True,3d Js Tc 3c 8h,5c Jc,-70.40000000000009,70.40000000000009,8,90.40000000000009,-70.40000000000009,-20.0
1484,494,2,BB,0,3,True,3d Js Tc 3c 8h,4d 2d,-20,20,12,-1910,1930,-20
1485,495,0,BTN,0,0,False,,4d 5s,0,0,4,0,-20,20
1486,495,1,SB,0,0,False,,2h 3h,-10,10,2,0,-10,10
1487,495,2,BB,0,3,False,Kc 7s 8h 6d Qd,Th Qh,20,-20,10,0,-20,20
1488,496,0,BTN,0,3,True,Qh 2h Jd 6c 5c,6h 2d,0,0,9,0,20,-20
1489,496,1,SB,0,3,True,Qh 2h Jd 6c 5c,7c As,60,-60,9,0,60,-60
1490,496,2,BB,0,3,True,Qh 2h Jd 6c 5c,9h 8h,-186,186,11,0,186,-186
1491,497,0,BTN,0,1,False,Ts Kd 8h,7d Qc,0,0,6,0,-20,20
1492,497,1,SB,0,0,False,,3d 5d,-10,10,2,0,-10,10
1493,497,2,BB,0,1,False,Ts Kd 8h,9c Ks,20,-20,6,0,-20,20
1494,498,0,BTN,0,3,True,4s 5s Qh Qd 2d,9h 8h,-50,50,10,-50,2017,-1967
1495,498,1,SB,0,3,True,4s 5s Qh Qd 2d,5h Ah,2000,-2000,11,0,2000,-2000
1496,498,2,BB,0,3,True,4s 5s Qh Qd 2d,4d Ac,-1280,1280,9,0,1280,-1280
1497,499,0,BTN,0,3,True,Jh 8h Ac 8c Kc,4s 8s,0,0,9,0,0,0
1498,499,1,SB,0,0,False,,2c 3d,-10,10,2,0,-10,10
1499,499,2,BB,0,3,True,Jh 8h Ac 8c Kc,3c 9d,0,0,9,0,0,0
1500,500,0,BTN,0,1,False,2c Ks 4h,Jc 2s,0,0,6,0,-20,20
1501,500,1,SB,0,0,False,,3h 9c,-10,10,2,0,-10,10
1502,500,2,BB,0,3,True,2c Ks 4h 8c Th,4s Qc,20,-20,9,0,-20,20
1503,501,0,BTN,0,2,False,Ks Qh 5h 4h,3h 6s,0,0,8,0,-20,20
1504,501,1,SB,0,0,False,,7h 6c,-10,10,2,0,-10,10
1505,501,2,BB,0,3,True,Ks Qh 5h 4h Js,9h 5d,20,-20,9,0,-20,20
1506,502,0,BTN,0,1,False,Ah Td Ks,Js Kh,-50,50,5,-50,-10,60
1507,502,1,SB,0,3,True,Ah Td Ks 2c 4h,6c 3h,-10,10,11,1780,-10,-1770
1508,502,2,BB,0,2,False,Ah Td Ks 2c,Kc 8d,-60,60,10,80,-20,-60
1509,503,0,BTN,0,2,False,2d Ts Kc 6s,9h 9s,-50,50,7,-50,-10,60
1510,503,1,SB,0,3,True,2d Ts Kc 6s 4h,Th 9c,2020,-2020,11,-2000,2020,-20
1511,503,2,BB,0,3,True,2d Ts Kc 6s 4h,3c 6h,-20,20,11,-1694,1714,-20
1512,504,0,BTN,0,3,True,8s Kh 2h Jc Td,7h 7d,96,-96,10,96,-10,-86
1513,504,1,SB,0,0,False,,Qd Ts,-88,88,5,108,-88,-20
1514,504,2,BB,0,3,True,8s Kh 2h Jc Td,6c 9s,-20,20,12,-20,40,-20
1515,505,0,BTN,0,3,True,4h 6d 4s 9c Qc,7c 5s,0,0,12,0,-1280,1280
1516,505,1,SB,0,0,False,,Ad 3s,-10,10,2,0,-10,10
1517,505,2,BB,0,3,True,4h 6d 4s 9c Qc,4c 5c,432,-432,12,0,-432,432
1518,506,0,BTN,0,1,False,8s Ad Qs,Kd Qc,-380,380,7,-380,-10,390
1519,506,1,SB,0,3,True,8s Ad Qs Jd 6h,9h Qd,-2000,2000,15,-2000,-2000,4000
1520,506,2,BB,0,3,True,8s Ad Qs Jd 6h,Ts Ah,3428.5714285714284,-3428.5714285714284,13,-1428.5714285714284,-2000.0,3428.5714285714284
1521,507,0,BTN,0,1,False,Kd 4c Kh,6h 7d,0,0,5,0,20,-20
1522,507,1,SB,0,1,False,Kd 4c Kh,2c Ac,60,-60,5,0,60,-60
1523,507,2,BB,0,1,False,Kd 4c Kh,7s 3h,-20,20,5,0,20,-20
1524,508,0,BTN,0,1,False,3c Td Ts,7h Ac,-380,380,7,-380,-10,390
1525,508,1,SB,0,0,False,,2d 9c,-10,10,2,0,-10,10
1526,508,2,BB,0,2,False,3c Td Ts 3h,9d Tc,20,-20,8,0,-20,20
1527,509,0,BTN,0,3,False,8c 2s 9h 7c 3s,5h Ac,-50,50,13,-50,-50,100
1528,509,1,SB,0,2,False,8c 2s 9h 7c,Qh Kh,-90,90,9,0,-90,90
1529,509,2,BB,0,3,False,8c 2s 9h 7c 3s,3h 3d,186,-186,12,0,-186,186
1530,510,0,BTN,0,1,False,5d 4h Js,2h Tc,0,0,6,0,-20,20
1531,510,1,SB,0,0,False,,Qc 7s,-10,10,2,0,-10,10
1532,510,2,BB,0,3,True,5d 4h Js 6c 8c,Qd 5h,-80,80,9,0,80,-80
1533,511,0,BTN,0,0,False,,3h Ac,0,0,4,0,-20,20
1534,511,1,SB,0,0,False,,4h 7c,-10,10,2,0,-10,10
1535,511,2,BB,0,3,True,As 2s Qc Jc Jd,8s Kc,20,-20,9,0,-20,20
1536,512,0,BTN,0,0,False,,8h 5s,0,0,4,0,-20,20
1537,512,1,SB,0,3,True,5h 6d 7d Ah 7h,4c 6c,60,-60,9,0,60,-60
1538,512,2,BB,0,3,True,5h 6d 7d Ah 7h,Qs Kh,-320,320,9,0,320,-320
1539,513,0,BTN,0,3,True,3s 7d Ts 6s 4d,Kh 2h,-132,132,10,-132,-10,142
1540,513,1,SB,0,0,False,,Th 6d,-10,10,2,0,-10,10
1541,513,2,BB,0,3,False,3s 7d Ts 6s 4d,Kd Qs,-320,320,9,0,320,-320
1542,514,0,BTN,0,2,False,9s 9h 2h 7s,Qd Qc,199,-199,11,199,-50,-149
1543,514,1,SB,0,1,False,9s 9h 2h,8s 7d,-10,10,6,30,-10,-20
1544,514,2,BB,0,1,False,9s 9h 2h,4h Jd,-20,20,8,40,-20,-20
1545,515,0,BTN,0,3,True,8s Jd Qc 3d 8h,7s Td,0,0,9,0,-1280,1280
1546,515,1,SB,0,0,False,,3c Qh,-10,10,2,0,-10,10
1547,515,2,BB,0,3,True,8s Jd Qc 3d 8h,5h 8d,2000,-2000,10,0,-2000,2000
1548,516,0,BTN,0,1,False,7s Jc 7h,Tc 5c,0,0,5,0,20,-20
1549,516,1,SB,0,1,False,7s Jc 7h,9c 7c,60,-60,5,0,60,-60
1550,516,2,BB,0,1,False,7s Jc 7h,5d 6s,-170,170,7,0,170,-170
1551,517,0,BTN,0,3,True,Kh 8s Qs 2d 8h,2h 3s,0,0,11,0,-1704,1704
1552,517,1,SB,0,3,True,Kh 8s Qs 2d 8h,Jc Tc,-750,750,10,0,-750,750
1553,517,2,BB,0,3,True,Kh 8s Qs 2d 8h,Ad Jh,80,-80,9,0,-80,80
1554,518,0,BTN,0,3,True,3h As 9s Td 8h,2h Kh,-350,350,9,-350,370,-20
1555,518,1,SB,0,3,True,3h As 9s Td 8h,4c 4d,100,-100,9,0,100,-100
1556,518,2,BB,0,1,False,3h As 9s,2d 7d,-20,20,5,0,20,-20
1557,519,0,BTN,0,3,True,5c 9c 2c Qc Ks,Js 9d,100,-100,12,100,-50,-50
1558,519,1,SB,0,3,True,5c 9c 2c Qc Ks,8s 9h,-10,10,9,30,-10,-20
1559,519,2,BB,0,3,True,5c 9c 2c Qc Ks,3h As,-20,20,12,40,-20,-20
1560,520,0,BTN,0,3,True,Jh 7h 8c 2d Jc,4h Qh,-50,50,12,-50,-275,325
1561,520,1,SB,0,2,False,Jh 7h 8c 2d,Kc 7c,-420,420,10,0,-420,420
1562,520,2,BB,0,3,True,Jh 7h 8c 2d Jc,8s 3c,2000,-2000,10,0,-2000,2000
1563,521,0,BTN,0,3,True,4c 4d Kh 9h Ah,7s 4h,0,0,9,0,20,-20
1564,521,1,SB,0,3,True,4c 4d Kh 9h Ah,Th 8c,60,-60,9,0,60,-60
1565,521,2,BB,0,3,True,4c 4d Kh 9h Ah,7d 3d,-20,20,9,0,20,-20
1566,522,0,BTN,0,1,False,Ts Qs 8h,5h 8s,0,0,6,0,-20,20
1567,522,1,SB,0,0,False,,2c 7s,-10,10,2,0,-10,10
1568,522,2,BB,0,3,True,Ts Qs 8h Tc Kh,8d 6s,20,-20,9,0,-20,20
1569,523,0,BTN,0,3,False,3s Td 3d Qc 5c,9d 5d,0,0,10,0,-20,20
1570,523,1,SB,0,0,False,,7s 2c,-10,10,2,0,-10,10
1571,523,2,BB,0,3,True,3s Td 3d Qc 5c,5s Jh,20,-20,9,0,-20,20
1572,524,0,BTN,0,3,False,Ks 3s 2d Jc 7h,Ac 3h,0,0,10,0,-20,20
1573,524,1,SB,0,0,False,,8h 4s,-10,10,2,0,-10,10
1574,524,2,BB,0,3,True,Ks 3s 2d Jc 7h,9d 7d,20,-20,9,0,-20,20
1575,525,0,BTN,0,2,False,Js Kc Ks 7d,4d 4c,-275,275,8,-275,325,-50
1576,525,1,SB,0,3,True,Js Kc Ks 7d Qd,Ac Jh,-2000,2000,11,0,-2000,2000
1577,525,2,BB,0,1,False,Js Kc Ks,Qh 6h,-20,20,5,0,20,-20
1578,526,0,BTN,0,1,False,2s Ks 6d,4d 5c,0,0,5,0,20,-20
1579,526,1,SB,0,2,False,2s Ks 6d Qh,Kc Qc,60,-60,7,0,60,-60
1580,526,2,BB,0,1,False,2s Ks 6d,Tc 4h,-20,20,5,0,20,-20
1581,527,0,BTN,0,2,False,Ah 2h Qd 5s,7c Jd,0,0,7,0,480,-480
1582,527,1,SB,0,3,True,Ah 2h Qd 5s 3s,Ks Kd,754,-754,11,-88,754,-666
1583,527,2,BB,0,3,True,Ah 2h Qd 5s 3s,7d Kc,-240,240,13,-1440,1680,-240
1584,528,0,BTN,0,3,True,2s Qs 3s 2c 6c,9d 2d,0,0,9,0,1280,-1280
1585,528,1,SB,0,0,False,,Ts 4s,-10,10,2,0,-10,10
1586,528,2,BB,0,2,False,2s Qs 3s 2c,Ac 5h,-80,80,7,0,80,-80
1587,529,0,BTN,0,0,False,,3c Js,0,0,4,0,-20,20
1588,529,1,SB,0,0,False,,4c Ts,-10,10,2,0,-10,10
1589,529,2,BB,0,3,True,6s 4h Qc Ks 4d,7d Kc,-2000,2000,11,0,2000,-2000
1590,530,0,BTN,0,3,True,9c 7s 5h 4h 4c,8h 2s,0,0,11,0,-1800,1800
1591,530,1,SB,0,3,True,9c 7s 5h 4h 4c,Qc Qd,-1000.0,1000.0,7,0.0,-1000.0,1000.0
1592,530,2,BB,0,3,True,9c 7s 5h 4h 4c,Kh Kd,1640.0,-1640.0,8,0.0,-1640.0,1640.0
1593,531,0,BTN,0,1,False,7d 2c 2s,6d 4h,0,0,5,0,20,-20
1594,531,1,SB,0,3,True,7d 2c 2s Qd Tc,9d Ad,60,-60,9,0,60,-60
1595,531,2,BB,0,1,False,7d 2c 2s,Jd 3h,-20,20,5,0,20,-20
1596,532,0,BTN,0,3,True,9h 6h 4c Ks 2s,5s Qd,0,0,11,0,1520,-1520
1597,532,1,SB,0,0,False,,7h Kc,-10,10,2,0,-10,10
1598,532,2,BB,0,3,True,9h 6h 4c Ks 2s,8h 6c,-320,320,9,0,320,-320
1599,533,0,BTN,0,3,True,7d 6d Kh Js 3c,8c Ad,142,-142,10,142,-10,-132
1600,533,1,SB,0,0,False,,9h 3d,-10,10,2,0,-10,10
1601,533,2,BB,0,3,True,7d 6d Kh Js 3c,4c Ac,-20,20,9,0,20,-20
1602,534,0,BTN,0,3,True,Ac Jc 8c 6h Qd,Td Ts,-1755,1755,9,-1755,-10,1765
1603,534,1,SB,0,3,True,Ac Jc 8c 6h Qd,As 4s,4000,-4000,14,-2000,4000,-2000
1604,534,2,BB,0,3,True,Ac Jc 8c 6h Qd,Jd 7c,-328,328,13,-1804,2132,-328
1605,535,0,BTN,0,3,True,Ks 6s 3s 9h 4c,3c 3d,2050,-2050,14,2050,-2000,-50
1606,535,1,SB,0,3,True,Ks 6s 3s 9h 4c,Kc 7c,139,-139,9,0,139,-139
1607,535,2,BB,0,1,False,Ks 6s 3s,7h 4d,-20,20,5,0,20,-20
1608,536,0,BTN,0,3,True,Ad 2d 2s 9c Qc,Ks 2h,0,0,9,0,20,-20
1609,536,1,SB,0,0,False,,8h Jc,-10,10,2,0,-10,10
1610,536,2,BB,0,3,True,Ad 2d 2s 9c Qc,6c 8s,-20,20,9,0,20,-20
1611,537,0,BTN,0,3,True,7h 4d 9c Jd 9d,3c Ts,0,0,9,0,20,-20
1612,537,1,SB,0,0,False,,Qh 8s,-10,10,2,0,-10,10
1613,537,2,BB,0,3,True,7h 4d 9c Jd 9d,3h 2d,-20,20,9,0,20,-20
1614,538,0,BTN,0,3,True,9c 8c 7c Ts Ah,Kc 9h,-875,875,9,-875,-10,885
1615,538,1,SB,0,3,True,9c 8c 7c Ts Ah,4c 3c,-10,10,10,-1895,-10,1905
1616,538,2,BB,0,3,True,9c 8c 7c Ts Ah,Tc 3d,-20,20,12,-1910,1930,-20
1617,539,0,BTN,0,3,True,2s 2d Jc 8c 2h,Qh 7d,0,0,11,0,-1704,1704
1618,539,1,SB,0,0,False,,5s Jh,-10,10,2,0,-10,10
1619,539,2,BB,0,3,True,2s 2d Jc 8c 2h,Qd Qc,1840.0,-1840.0,8,0.0,-1840.0,1840.0
1620,540,0,BTN,0,3,True,3s 6s Ks 9s Kc,Kd 8c,0,0,10,0,120,-120
1621,540,1,SB,0,0,False,,3d 9c,-10,10,2,0,-10,10
1622,540,2,BB,0,2,False,3s 6s Ks 9s,Jd 6d,-20,20,7,0,20,-20
1623,541,0,BTN,0,3,True,3h Qs 8h 9h 4c,Ah Ad,-2000,2000,14,-2000,-50,2050
1624,541,1,SB,0,3,True,3h Qs 8h 9h 4c,7h Jc,-10,10,10,-1770,-10,1780
1625,541,2,BB,0,3,True,3h Qs 8h 9h 4c,9s 8s,2120,-2120,12,-2000,-120,2120
1626,542,0,BTN,0,3,False,6h Ts Qs 5h 3s,Ac Qh,610,-610,12,610,-590,-20
1627,542,1,SB,0,0,False,,9s Jd,20,-20,3,0,20,-20
1628,542,2,BB,0,3,False,6h Ts Qs 5h 3s,4d Td,46,-46,11,0,-46,46
1629,543,0,BTN,0,3,True,5s 2s Ks 8s Jh,4h Jc,0,0,10,0,1520,-1520
1630,543,1,SB,0,3,True,5s 2s Ks 8s Jh,4s As,2000,-2000,10,0,2000,-2000
1631,543,2,BB,0,3,True,5s 2s Ks 8s Jh,Td 9s,-2000,2000,10,0,2000,-2000
1632,544,0,BTN,0,1,False,7c 2h 9s,9c 6d,0,0,5,0,20,-20
1633,544,1,SB,0,0,False,,9d 3c,-10,10,2,0,-10,10
1634,544,2,BB,0,1,False,7c 2h 9s,3h Ks,-20,20,5,0,20,-20
1635,545,0,BTN,0,1,False,9h Th 9s,8c 3d,0,0,6,0,120,-120
1636,545,1,SB,0,3,True,9h Th 9s 9d 2d,7h As,60,-60,9,0,60,-60
1637,545,2,BB,0,1,False,9h Th 9s,4s 3h,-20,20,5,0,20,-20
1638,546,0,BTN,0,1,False,6s Ac Th,9c Qd,-50,50,5,-50,-10,60
1639,546,1,SB,0,0,False,,6d 4s,-10,10,2,0,-10,10
1640,546,2,BB,0,3,True,6s Ac Th Kh 8d,Qh Ah,1280.0,-1280.0,8,0.0,-1280.0,1280.0
1641,547,0,BTN,0,1,False,5s Js 3d,Th 3h,0,0,5,0,20,-20
1642,547,1,SB,0,3,False,5s Js 3d 7d As,5h Ad,60,-60,9,0,60,-60
1643,547,2,BB,0,3,False,5s Js 3d 7d As,Td 9d,-320,320,9,0,320,-320
1644,548,0,BTN,0,3,True,Kh 7h Qh Ks 5h,Ts 3s,0,0,10,0,-120,120
1645,548,1,SB,0,0,False,,Jc 3c,-10,10,2,0,-10,10
1646,548,2,BB,0,3,True,Kh 7h Qh Ks 5h,Ad 9d,20,-20,9,0,-20,20
1647,549,0,BTN,0,3,True,2h 5h 7s Qd 8d,5d 9d,0,0,10,0,1920,-1920
1648,549,1,SB,0,3,False,2h 5h 7s Qd 8d,4h Qh,60,-60,9,0,60,-60
1649,549,2,BB,0,2,False,2h 5h 7s Qd,Ad Tc,-80,80,7,0,80,-80
1650,550,0,BTN,0,1,False,2h Kc 9h,5d 6h,0,0,6,0,-20,20
1651,550,1,SB,0,0,False,,5c 8h,-10,10,2,0,-10,10
1652,550,2,BB,0,1,False,2h Kc 9h,Jh 9c,20,-20,6,0,-20,20
1653,551,0,BTN,0,3,True,6s 7s Js Th Ts,Qs 5s,4000.0,-4000.0,13,4000.0,-2000.0,-2000.0
1654,551,1,SB,0,0,False,,Jc 3s,-10,10,2,0,-10,10
1655,551,2,BB,0,3,True,6s 7s Js Th Ts,Jd Qc,-1280,1280,9,0,1280,-1280
1656,552,0,BTN,0,1,False,5c 5s 5d,3s 8d,0,0,6,0,-20,20
1657,552,1,SB,0,0,False,,6s 4c,-10,10,2,0,-10,10
1658,552,2,BB,0,1,False,5c 5s 5d,5h 9s,20,-20,6,0,-20,20
1659,553,0,BTN,0,1,False,7h 2h 9h,Qc 4d,0,0,6,0,-20,20
1660,553,1,SB,0,0,False,,Tc Qs,20,-20,3,0,20,-20
1661,553,2,BB,0,1,False,7h 2h 9h,2d 9c,20,-20,6,0,-20,20
1662,554,0,BTN,0,3,True,Tc 9h As Jc Kh,Ad 8d,1532.6190476190477,-1532.6190476190477,8,1532.6190476190477,-10.0,-1522.6190476190477
1663,554,1,SB,0,3,True,Tc 9h As Jc Kh,2d Jd,-10,10,11,1780,-10,-1770
1664,554,2,BB,0,1,False,Tc 9h As,8c 8h,-20,20,8,40,-20,-20
1665,555,0,BTN,0,1,False,9s 6d 9h,Kh Kc,100,-100,8,100,-50,-50
1666,555,1,SB,0,1,False,9s 6d 9h,3s Jh,-10,10,6,130,-10,-120
1667,555,2,BB,0,0,False,,3c 4d,-20,20,3,30,-10,-20
1668,556,0,BTN,0,1,False,7c 7h Js,Qs 8c,0,0,6,0,-20,20
1669,556,1,SB,0,0,False,,Qh 5s,-10,10,2,0,-10,10
1670,556,2,BB,0,3,True,7c 7h Js 5d 4c,Jd 2s,1619.0476190476193,-1619.047619047619,11,0.0,-1619.047619047619,1619.0476190476193
1671,557,0,BTN,0,1,False,6s 5h 4h,9h 5d,0,0,6,0,-20,20
1672,557,1,SB,0,0,False,,Jh 3s,-10,10,2,0,-10,10
1673,557,2,BB,0,2,False,6s 5h 4h 8s,7h 3h,20,-20,8,0,-20,20
1674,558,0,BTN,0,3,True,5d 6h Jh Jc Qc,Kc 9s,-875,875,9,-875,-10,885
1675,558,1,SB,0,1,False,5d 6h Jh,Ts 3s,-10,10,5,-20,-10,30
1676,558,2,BB,0,3,True,5d 6h Jh Jc Qc,5c 8h,40,-40,12,-20,-20,40
1677,559,0,BTN,0,0,False,,7c 2d,0,0,4,0,-20,20
1678,559,1,SB,0,0,False,,4s 2h,-10,10,2,0,-10,10
1679,559,2,BB,0,3,True,3c 9c Ks 5h 9h,Qs 6c,20,-20,9,0,-20,20
1680,560,0,BTN,0,2,False,Ks 7h 6h Qd,6s Ad,60,-60,8,60,-10,-50
1681,560,1,SB,0,0,False,,3h 8d,-10,10,2,0,-10,10
1682,560,2,BB,0,3,True,Ks 7h 6h Qd Jh,2c 4s,-20,20,9,0,20,-20
1683,561,0,BTN,0,3,True,2d 9h 5s Kh Ah,9c 7s,0,0,10,0,-1920,1920
1684,561,1,SB,0,3,True,2d 9h 5s Kh Ah,6s 6h,-1900,1900,12,0,-1900,1900
1685,561,2,BB,0,1,False,2d 9h 5s,Kd 8s,-20,20,5,0,20,-20
1686,562,0,BTN,0,0,False,,6h 5s,0,0,4,0,-20,20
1687,562,1,SB,0,3,True,Js 2d 9d Td 9s,8s 7s,1624,-1624,11,0,1624,-1624
1688,562,2,BB,0,3,True,Js 2d 9d Td 9s,4c 4d,-320,320,9,0,320,-320
1689,563,0,BTN,0,2,False,8d 7h 6s Js,Td Ks,-132,132,8,-132,-10,142
1690,563,1,SB,0,0,False,,6h Qc,-10,10,2,0,-10,10
1691,563,2,BB,0,3,True,8d 7h 6s Js Ts,3s 7c,80,-80,9,0,-80,80
1692,564,0,BTN,0,1,False,8c Jh Ac,Jc 4s,0,0,5,0,20,-20
1693,564,1,SB,0,3,True,8c Jh Ac 2s 7c,8d Ts,60,-60,9,0,60,-60
1694,564,2,BB,0,1,False,8c Jh Ac,9h 3d,-20,20,5,0,20,-20
1695,565,0,BTN,0,0,False,,2h 9h,0,0,4,0,-20,20
1696,565,1,SB,0,0,False,,9s 3c,-10,10,2,0,-10,10
1697,565,2,BB,0,3,True,Ah 2c 7s 7h 6h,Kc Jd,20,-20,9,0,-20,20
1698,566,0,BTN,0,3,True,As 9s Qc Kh 8s,Ks Jh,-2000,2000,11,-2000,2050,-50
1699,566,1,SB,0,3,True,As 9s Qc Kh 8s,Ts Ac,2020,-2020,12,-2000,2020,-20
1700,566,2,BB,0,3,True,As 9s Qc Kh 8s,4h 3d,-20,20,12,-1910,1930,-20
1701,567,0,BTN,0,2,False,Js 8c 2c 5h,4d 7s,0,0,7,0,80,-80
1702,567,1,SB,0,3,True,Js 8c 2c 5h 3h,Jc Td,348,-348,9,0,348,-348
1703,567,2,BB,0,1,False,Js 8c 2c,Kc 6d,-170,170,7,0,170,-170
1704,568,0,BTN,0,3,True,4h Qs 6s Qd Kc,2d 8h,0,0,10,0,1520,-1520
1705,568,1,SB,0,3,True,4h Qs 6s Qd Kc,Qc Kh,2000,-2000,11,0,2000,-2000
1706,568,2,BB,0,3,True,4h Qs 6s Qd Kc,6h Td,-2000.0,2000.0,10,0.0,2000.0,-2000.0
1707,569,0,BTN,0,3,True,Qd 5s 6c 9c Jh,6h Ad,1325,-1325,9,1325,-10,-1315
1708,569,1,SB,0,0,False,,8s Qc,-10,10,2,0,-10,10
1709,569,2,BB,0,3,True,Qd 5s 6c 9c Jh,Td 6d,-1280,1280,9,0,1280,-1280
1710,570,0,BTN,0,3,True,Td 9c 8s 7h 6d,Jd Jc,74.0,-74.0,13,74.0,-149.0,75.0
1711,570,1,SB,0,3,True,Td 9c 8s 7h 6d,8c Kc,-88,88,13,44,-88,44
1712,570,2,BB,0,2,False,Td 9c 8s 7h,Ah Js,-328,328,13,438,-110,-328
1713,571,0,BTN,0,1,False,Qs 8c Ac,6d 9d,-50,50,5,-50,-10,60
1714,571,1,SB,0,0,False,,6s Td,-10,10,2,0,-10,10
1715,571,2,BB,0,3,True,Qs 8c Ac 6c 4h,Ks Qh,107,-107,11,0,-107,107
1716,572,0,BTN,0,1,False,Qc Td Ac,5s Kh,0,0,6,0,120,-120
1717,572,1,SB,0,0,False,,Qh 7c,-10,10,2,0,-10,10
1718,572,2,BB,0,1,False,Qc Td Ac,3d 4c,-20,20,5,0,20,-20
1719,573,0,BTN,0,1,False,4h 4c 9c,7c 2c,0,0,6,0,-20,20
1720,573,1,SB,0,0,False,,7d 8c,-10,10,2,0,-10,10
1721,573,2,BB,0,1,False,4h 4c 9c,7s 4s,20,-20,6,0,-20,20
1722,574,0,BTN,0,1,False,2h Kd Tc,As 2c,0,0,7,0,-120,120
1723,574,1,SB,0,0,False,,7c 5h,-10,10,2,0,-10,10
1724,574,2,BB,0,1,False,2h Kd Tc,Jc Qs,20,-20,6,0,-20,20
1725,575,0,BTN,0,2,False,Ks 3c Jc Ac,6d Th,0,0,8,0,-20,20
1726,575,1,SB,0,0,False,,4d Qh,-10,10,2,0,-10,10
1727,575,2,BB,0,3,False,Ks 3c Jc Ac 5s,As 2c,60,-60,11,0,-60,60
1728,576,0,BTN,0,3,True,Js 5d 4c 8d As,6s 8s,-50,50,11,-50,-1400,1450
1729,576,1,SB,0,0,False,,Jc 5s,-10,10,2,0,-10,10
1730,576,2,BB,0,3,True,Js 5d 4c 8d As,Jh Jd,2000.0,-2000.0,8,0.0,-2000.0,2000.0
1731,577,0,BTN,0,1,False,Ts Th 2s,Td 6h,0,0,5,0,20,-20
1732,577,1,SB,0,0,False,,4s Tc,-10,10,2,0,-10,10
1733,577,2,BB,0,3,True,Ts Th 2s 9s Jd,Qd 9h,-1280,1280,9,0,1280,-1280
1734,578,0,BTN,0,1,False,8h 3c 4s,9h Kd,-50,50,6,-50,100,-50
1735,578,1,SB,0,3,True,8h 3c 4s Kc 3s,8s As,-2000,2000,12,2088,-2000,-88
1736,578,2,BB,0,1,False,8h 3c 4s,Ks Qc,-20,20,6,-20,40,-20
1737,579,0,BTN,0,3,True,5h Qd 2d 7s 2c,6h 3c,0,0,10,0,-180,180
1738,579,1,SB,0,3,True,5h Qd 2d 7s 2c,Ad 8c,-250,250,9,0,-250,250
1739,579,2,BB,0,3,True,5h Qd 2d 7s 2c,Ah Ts,60,-60,10,0,-60,60
1740,580,0,BTN,0,1,False,Qc 4h Jh,7d 4d,0,0,5,0,20,-20
1741,580,1,SB,0,0,False,,Jc 8c,20,-20,3,0,20,-20
1742,580,2,BB,0,1,False,Qc 4h Jh,9h 2d,-20,20,5,0,20,-20
1743,581,0,BTN,0,3,True,8c Jd 9c Ac 8h,Ah 8d,2010,-2010,12,2010,-10,-2000
1744,581,1,SB,0,0,False,,7c 2s,-10,10,2,0,-10,10
1745,581,2,BB,0,3,True,8c Jd 9c Ac 8h,4c 9s,20,-20,9,0,-20,20
1746,582,0,BTN,0,0,False,,Kd 7c,0,0,4,0,-20,20
1747,582,1,SB,0,1,False,Qh Jc Jd,Tc 4h,-10,10,6,-120,-10,130
1748,582,2,BB,0,3,True,Qh Jc Jd 4s 8s,Ad Qs,151,-151,9,-141,-10,151
1749,583,0,BTN,0,3,True,8d 6s 9c 5s 4h,7d Qs,0,0,11,0,-1604,1604
1750,583,1,SB,0,1,False,8d 6s 9c,As 6c,-60,60,6,0,-60,60
1751,583,2,BB,0,3,True,8d 6s 9c 5s 4h,8h 3d,80,-80,9,0,-80,80
1752,584,0,BTN,0,1,False,5h 4h 4s,Th 9c,-50,50,5,-50,-10,60
1753,584,1,SB,0,0,False,,7c Td,-10,10,2,0,-10,10
1754,584,2,BB,0,1,False,5h 4h 4s,5s 6h,20,-20,6,0,-20,20
1755,585,0,BTN,0,3,True,8h 5s Qs 3h As,4c 7s,0,0,9,0,-20,20
1756,585,1,SB,0,0,False,,7h Jd,-10,10,2,0,-10,10
1757,585,2,BB,0,3,True,8h 5s Qs 3h As,9d Kh,20,-20,9,0,-20,20
1758,586,0,BTN,0,3,False,3s Kd 5h 4h 5c,Kh Js,96,-96,11,96,-10,-86
1759,586,1,SB,0,1,False,3s Kd 5h,8h 3h,-10,10,6,30,-10,-20
1760,586,2,BB,0,3,True,3s Kd 5h 4h 5c,8d 9s,-20,20,13,1714,-1694,-20
1761,587,0,BTN,0,1,False,8d Qs Qd,5c 9h,0,0,6,0,-20,20
1762,587,1,SB,0,0,False,,3c 2h,-10,10,2,0,-10,10
1763,587,2,BB,0,2,False,8d Qs Qd Qh,8h 7h,20,-20,8,0,-20,20
1764,588,0,BTN,0,1,False,Ts 4h 2h,2d Ad,60,-60,6,60,-10,-50
1765,588,1,SB,0,0,False,,5d Qh,-10,10,2,0,-10,10
1766,588,2,BB,0,3,True,Ts 4h 2h 3h 6s,7s 6c,-80,80,9,0,80,-80
1767,589,0,BTN,0,3,True,Jc 2h 4c 6h Jh,Qh 3s,0,0,11,0,-1280,1280
1768,589,1,SB,0,3,False,Jc 2h 4c 6h Jh,5s Ac,-250,250,10,0,-250,250
1769,589,2,BB,0,3,True,Jc 2h 4c 6h Jh,4h Qd,80,-80,9,0,-80,80
1770,590,0,BTN,0,1,False,Jd 2h Kd,5c 7d,0,0,5,0,20,-20
1771,590,1,SB,0,2,False,Jd 2h Kd 4h,Ks Qd,100,-100,7,0,100,-100
1772,590,2,BB,0,1,False,Jd 2h Kd,7s 8d,-20,20,5,0,20,-20
1773,591,0,BTN,0,0,False,,2c Ad,0,0,4,0,-20,20
1774,591,1,SB,0,0,False,,8c 5c,-60,60,4,0,-60,60
1775,591,2,BB,0,3,True,Qc Jd 6s Kh 5d,Td Tc,20,-20,9,0,-20,20
1776,592,0,BTN,0,1,False,Tc 9s 4h,Jh 3c,0,0,6,0,-20,20
1777,592,1,SB,0,0,False,,8h 5s,-10,10,2,0,-10,10
1778,592,2,BB,0,3,True,Tc 9s 4h Js 8c,7h 4d,46,-46,10,0,-46,46
1779,593,0,BTN,0,3,True,5h 5d Qc Qh 9s,7c Jh,0,0,9,0,0,0
1780,593,1,SB,0,3,True,5h 5d Qc Qh 9s,4d 3s,-10,10,9,30,-10,-20
1781,593,2,BB,0,3,True,5h 5d Qc Qh 9s,2h 6d,-20,20,12,40,-20,-20
1782,594,0,BTN,0,3,True,2h 5s 4d Jh 3h,5c 8c,0,0,9,0,20,-20
1783,594,1,SB,0,3,True,2h 5s 4d Jh 3h,Kh Ts,60,-60,9,0,60,-60
1784,594,2,BB,0,3,True,2h 5s 4d Jh 3h,9d Td,-20,20,9,0,20,-20
1785,595,0,BTN,0,3,False,2d 4d 6s Jh 3h,5c Qh,0,0,10,0,-320,320
1786,595,1,SB,0,0,False,,9d Ad,20,-20,3,0,20,-20
1787,595,2,BB,0,3,False,2d 4d 6s Jh 3h,3d 2s,320,-320,10,0,-320,320
1788,596,0,BTN,0,3,True,Jc 8h Th 7d 6d,3h 7h,0,0,9,0,20,-20
1789,596,1,SB,0,0,False,,6c Kh,-10,10,2,0,-10,10
1790,596,2,BB,0,3,True,Jc 8h Th 7d 6d,2c 5h,-20,20,9,0,20,-20
1791,597,0,BTN,0,2,False,Th 2c Jh 4d,8d 2d,0,0,9,0,-80,80
1792,597,1,SB,0,0,False,,6c Qh,-10,10,2,0,-10,10
1793,597,2,BB,0,2,False,Th 2c Jh 4d,Jd 2s,46,-46,9,0,-46,46
1794,598,0,BTN,0,2,False,Kd Tc 4h 9d,7s 9c,0,0,7,0,20,-20
1795,598,1,SB,0,0,False,,4d 5c,-10,10,2,0,-10,10
1796,598,2,BB,0,3,True,Kd Tc 4h 9d 2s,3c Ah,-240,240,10,0,240,-240
1797,599,0,BTN,0,0,False,,6s 2c,0,0,4,0,-20,20
1798,599,1,SB,0,0,False,,6d 7s,-10,10,2,0,-10,10
1799,599,2,BB,0,3,True,5h 4c Th 4s 2s,9c Ac,20,-20,9,0,-20,20
1800,600,0,BTN,0,2,False,7h 8d Th 3c,6s 6d,-50,50,7,-50,-10,60
1801,600,1,SB,0,3,True,7h 8d Th 3c Jc,7s Qd,-10,10,11,-1595,-10,1605
1802,600,2,BB,0,3,True,7h 8d Th 3c Jc,7d 6c,-20,20,12,-20,40,-20
1803,601,0,BTN,0,3,True,4h Kc Ks 4d 7s,Ac Ad,775,-775,10,775,-10,-765
1804,601,1,SB,0,3,True,4h Kc Ks 4d 7s,2c Qh,-10,10,10,1993,-10,-1983
1805,601,2,BB,0,1,False,4h Kc Ks,Qs Jh,-120,120,6,130,-10,-120
1806,602,0,BTN,0,3,True,5c 4h 3d Kd 2s,Qh 6c,0,0,9,0,1280,-1280
1807,602,1,SB,0,0,False,,Ah 2c,-10,10,2,0,-10,10
1808,602,2,BB,0,3,True,5c 4h 3d Kd 2s,8s 5d,-1280,1280,9,0,1280,-1280
1809,603,0,BTN,0,3,True,3d 4c 3h 6h 5s,Ad 5c,70,-70,9,70,-50,-20
1810,603,1,SB,0,2,False,3d 4c 3h 6h,9s Ts,-60,60,8,0,-60,60
1811,603,2,BB,0,3,False,3d 4c 3h 6h 5s,2h 6c,20,-20,10,0,-20,20
1812,604,0,BTN,0,3,True,8s Qh 2s Th 3h,Js Ah,100,-100,12,100,-50,-50
1813,604,1,SB,0,3,True,8s Qh 2s Th 3h,7c As,-88,88,13,176,-88,-88
1814,604,2,BB,0,3,True,8s Qh 2s Th 3h,6d Kh,-20,20,12,40,-20,-20
1815,605,0,BTN,0,2,False,9h Kc Ac 7s,Ah As,60,-60,8,60,-10,-50
1816,605,1,SB,0,1,False,9h Kc Ac,5d 4s,-10,10,6,130,-10,-120
1817,605,2,BB,0,0,False,,Ts 3s,-20,20,3,30,-10,-20
1818,606,0,BTN,0,3,False,Qs Qh Qc 4c 7h,Ks 5c,0,0,10,0,-20,20
1819,606,1,SB,0,0,False,,3h 9c,-10,10,2,0,-10,10
1820,606,2,BB,0,1,False,Qs Qh Qc,6d 7s,20,-20,6,0,-20,20
1821,607,0,BTN,0,3,True,7s 2s Th Tc Td,Qc Ac,100,-100,12,100,-50,-50
1822,607,1,SB,0,1,False,7s 2s Th,5h Jc,-10,10,6,30,-10,-20
1823,607,2,BB,0,3,True,7s 2s Th Tc Td,Js 6d,-20,20,12,40,-20,-20
1824,608,0,BTN,0,3,True,6h 6c 2s Ts 8d,Kd 7s,0,0,10,0,1920,-1920
1825,608,1,SB,0,3,True,6h 6c 2s Ts 8d,9d 9c,754,-754,11,-88,754,-666
1826,608,2,BB,0,2,False,6h 6c 2s Ts,Kh Jh,-20,20,8,-110,130,-20
1827,609,0,BTN,0,3,True,7h Tc Qs Jd As,Ks Qd,2010,-2010,12,2010,-10,-2000
1828,609,1,SB,0,3,True,7h Tc Qs Jd As,5d Qh,-10,10,11,2005,-10,-1995
1829,609,2,BB,0,3,True,7h Tc Qs Jd As,Ac Jh,-110,110,13,2020,-1910,-110
1830,610,0,BTN,0,2,False,5c 8d 9s Ts,3h 8h,0,0,8,0,-20,20
1831,610,1,SB,0,0,False,,Qd 3s,-10,10,2,0,-10,10
1832,610,2,BB,0,2,False,5c 8d 9s Ts,2d Th,20,-20,8,0,-20,20
1833,611,0,BTN,0,2,False,Qd 5s 2s Ah,Qh 8s,0,0,7,0,20,-20
1834,611,1,SB,0,2,False,Qd 5s 2s Ah,Js 7s,100,-100,7,0,100,-100
1835,611,2,BB,0,3,True,Qd 5s 2s Ah 8d,4c 6h,-40,40,9,0,40,-40
1836,612,0,BTN,0,2,False,4c 4h 3d 9c,Kc Jd,-230,230,7,-230,250,-20
1837,612,1,SB,0,3,True,4c 4h 3d 9c 9h,7d 7h,1328,-1328,10,-1308,1328,-20
1838,612,2,BB,0,3,True,4c 4h 3d 9c 9h,Qs 2h,-20,20,11,-470,490,-20
1839,613,0,BTN,0,3,True,6d 6c 5c 4c 9d,Ac Jc,2010,-2010,12,2010,-10,-2000
1840,613,1,SB,0,3,True,6d 6c 5c 4c 9d,Ts 4s,-10,10,11,1905,-10,-1895
1841,613,2,BB,0,3,False,6d 6c 5c 4c 9d,3d Kc,-395,395,12,405,-10,-395
1842,614,0,BTN,0,3,True,4d 7h 9d Qc 4s,Ah As,832,-832,14,832,-50,-782
1843,614,1,SB,0,2,False,4d 7h 9d Qc,Kd Tc,-10,10,9,505,-10,-495
1844,614,2,BB,0,1,False,4d 7h 9d,Kc 6c,-120,120,6,130,-10,-120
1845,615,0,BTN,0,3,True,2s 8d 7d 8s Jh,4s Jc,0,0,11,0,-1704,1704
1846,615,1,SB,0,3,True,2s 8d 7d 8s Jh,9c Js,-2000,2000,11,0,-2000,2000
1847,615,2,BB,0,2,False,2s 8d 7d 8s,Jd Qs,60,-60,9,0,-60,60
1848,616,0,BTN,0,3,False,Th 4h 2h 4s Ac,8h 2s,0,0,9,0,20,-20
1849,616,1,SB,0,3,False,Th 4h 2h 4s Ac,Qc Ad,60,-60,9,0,60,-60
1850,616,2,BB,0,3,False,Th 4h 2h 4s Ac,6c 7s,-80,80,10,0,80,-80
1851,617,0,BTN,0,0,False,,Tc 3c,0,0,3,0,20,-20
1852,617,1,SB,0,2,False,7d 6h 6c 9h,Ad Ks,60,-60,7,0,60,-60
1853,617,2,BB,0,0,False,,2s Td,-20,20,3,0,20,-20
1854,618,0,BTN,0,3,True,2h 7c Jh 7h Qs,7s Kh,0,0,10,0,-1520,1520
1855,618,1,SB,0,1,False,2h 7c Jh,Td Jd,-235,235,7,255,-235,-20
1856,618,2,BB,0,3,True,2h 7c Jh 7h Qs,4h Th,-20,20,12,1930,-1910,-20
1857,619,0,BTN,0,3,False,2d As Kc 2h 8h,3h Ad,0,0,9,0,20,-20
1858,619,1,SB,0,0,False,,Qd 8s,-10,10,2,0,-10,10
1859,619,2,BB,0,3,False,2d As Kc 2h 8h,4s 7s,-186,186,11,0,186,-186
1860,620,0,BTN,0,3,True,5s Ah 2s 2h 8d,Kh Ks,429,-429,13,429,-50,-379
1861,620,1,SB,0,3,True,5s Ah 2s 2h 8d,8h 9h,-2000,2000,11,2020,-2000,-20
1862,620,2,BB,0,0,False,,7s Qd,-20,20,3,30,-10,-20
1863,621,0,BTN,0,1,False,Kd Qh 8d,Kh 2h,60,-60,6,60,-10,-50
1864,621,1,SB,0,0,False,,3s 4d,-10,10,2,0,-10,10
1865,621,2,BB,0,2,False,Kd Qh 8d 4c,7c Jc,-20,20,7,0,20,-20
1866,622,0,BTN,0,3,True,4c Kd 6c 9c Ks,4s Ts,0,0,9,0,20,-20
1867,622,1,SB,0,3,True,4c Kd 6c 9c Ks,8h Th,60,-60,9,0,60,-60
1868,622,2,BB,0,3,True,4c Kd 6c 9c Ks,3d 8c,-20,20,9,0,20,-20
1869,623,0,BTN,0,2,False,Kd Ts 2s 2d,3d As,0,0,9,0,-40,40
1870,623,1,SB,0,0,False,,6h 9c,-10,10,2,0,-10,10
1871,623,2,BB,0,2,False,Kd Ts 2s 2d,2c 6s,20,-20,8,0,-20,20
1872,624,0,BTN,0,1,False,7c Ts Ah,8c Js,0,0,7,0,-120,120
1873,624,1,SB,0,0,False,,Jh 5c,-10,10,2,0,-10,10
1874,624,2,BB,0,3,True,7c Ts Ah 9c 4s,7h Kh,20,-20,9,0,-20,20
1875,625,0,BTN,0,3,True,4h 9s Kc 5d 9h,Jc 8c,-132,132,10,-132,-10,142
1876,625,1,SB,0,3,True,4h 9s Kc 5d 9h,5c 3c,232,-232,9,0,232,-232
1877,625,2,BB,0,2,False,4h 9s Kc 5d,Qc 2d,-20,20,7,0,20,-20
1878,626,0,BTN,0,3,True,8c As 3s 3h 6c,Qc 2c,0,0,9,0,40,-40
1879,626,1,SB,0,3,True,8c As 3s 3h 6c,9c Kh,60,-60,9,0,60,-60
1880,626,2,BB,0,3,True,8c As 3s 3h 6c,Kc 5s,-60,60,10,0,60,-60
1881,627,0,BTN,0,3,False,6c Ac Ts 5d 2h,7s 5h,0,0,9,0,20,-20
1882,627,1,SB,0,0,False,,2d 5c,-10,10,2,0,-10,10
1883,627,2,BB,0,3,False,6c Ac Ts 5d 2h,Js 9d,-20,20,9,0,20,-20
1884,628,0,BTN,0,3,True,9d 4d Ad 3d 3h,Qd 2d,0,0,9,0,-40,40
1885,628,1,SB,0,1,False,9d 4d Ad,5h Kh,-60,60,6,0,-60,60
1886,628,2,BB,0,2,False,9d 4d Ad 3d,9c 8h,80,-80,9,0,-80,80
1887,629,0,BTN,0,3,True,3c Qh 5h 3s Jd,Qd Jh,2275,-2275,14,2275,-275,-2000
1888,629,1,SB,0,2,False,3c Qh 5h 3s,Ac 9c,-240,240,9,0,-240,240
1889,629,2,BB,0,3,True,3c Qh 5h 3s Jd,7s Qs,232,-232,11,0,-232,232
1890,630,0,BTN,0,1,False,2c 4d 7h,9s Kh,-50,50,5,-50,-10,60
1891,630,1,SB,0,1,False,2c 4d 7h,2d 6h,-10,10,5,-20,-10,30
1892,630,2,BB,0,3,True,2c 4d 7h 2h Ad,As 4c,-1190,1190,12,-20,1210,-1190
1893,631,0,BTN,0,3,True,Jh 3s 8d 6s 5c,Tc Qd,-230,230,9,-230,250,-20
1894,631,1,SB,0,3,True,Jh 3s 8d 6s 5c,Qh Ac,-100,100,9,0,-100,100
1895,631,2,BB,0,3,True,Jh 3s 8d 6s 5c,2h 3h,170,-170,10,0,-170,170
1896,632,0,BTN,0,3,True,Jh 5d 9d 6c 4h,Qh Kd,-50,50,12,-50,-50,100
1897,632,1,SB,0,3,True,Jh 5d 9d 6c 4h,5s Ac,402,-402,11,-382,402,-20
1898,632,2,BB,0,3,True,Jh 5d 9d 6c 4h,6h 7d,40,-40,12,-20,-20,40
1899,633,0,BTN,0,0,False,,5s 9h,0,0,4,0,-20,20
1900,633,1,SB,0,3,False,6s 6h 2h Qh 7c,6d 7d,250,-250,9,0,250,-250
1901,633,2,BB,0,3,False,6s 6h 2h Qh 7c,Kh 8c,-320,320,9,0,320,-320
1902,634,0,BTN,0,3,True,Jc Ts 8d 6h Jh,9h 8h,-1755,1755,9,-1755,-10,1765
1903,634,1,SB,0,0,False,,6d Qh,-10,10,2,0,-10,10
1904,634,2,BB,0,3,True,Jc Ts 8d 6h Jh,Qd 9c,1904.7619047619046,-1904.7619047619048,10,0.0,-1904.7619047619048,1904.7619047619046
1905,635,0,BTN,0,2,False,3c 3s 2c Qs,7c Qc,96,-96,9,96,-10,-86
1906,635,1,SB,0,0,False,,2h Ad,-10,10,2,0,-10,10
1907,635,2,BB,0,1,False,3c 3s 2c,Jd 7d,-20,20,5,0,20,-20
1908,636,0,BTN,0,3,True,Js 6d 5d 4d 8c,2c Tc,0,0,10,0,-180,180
1909,636,1,SB,0,3,True,Js 6d 5d 4d 8c,Td Kh,-100,100,9,0,-100,100
1910,636,2,BB,0,3,True,Js 6d 5d 4d 8c,As Qh,40,-40,9,0,-40,40
1911,637,0,BTN,0,2,False,Jc As 6d 3c,8s Ad,60,-60,8,60,-10,-50
1912,637,1,SB,0,0,False,,5d 8h,-10,10,2,0,-10,10
1913,637,2,BB,0,3,True,Jc As 6d 3c 2s,Th 5s,20,-20,9,0,-20,20
1914,638,0,BTN,0,3,True,Kc 7c 4d Jd 5s,Jc Ad,-50,50,11,-50,-1400,1450
1915,638,1,SB,0,3,True,Kc 7c 4d Jd 5s,Qd 7d,-1442,1442,14,-1442,-1442,2884
1916,638,2,BB,0,3,True,Kc 7c 4d Jd 5s,Kd Tc,4000,-4000,15,-2000,-2000,4000
1917,639,0,BTN,0,3,True,7c Kh Qs 4c 7d,Ks 4s,1819.0476190476193,-1819.047619047619,8,1819.0476190476193,-10.0,-1809.047619047619
1918,639,1,SB,0,0,False,,Ts 8h,-10,10,2,0,-10,10
1919,639,2,BB,0,3,False,7c Kh Qs 4c 7d,7s 5c,20,-20,10,0,-20,20
1920,640,0,BTN,0,3,True,9s 3s 4s Ad 5d,6d Jh,0,0,10,0,60,-60
1921,640,1,SB,0,0,False,,Jd 4c,-10,10,2,0,-10,10
1922,640,2,BB,0,3,True,9s 3s 4s Ad 5d,4d 8h,-40,40,9,0,40,-40
1923,641,0,BTN,0,3,False,2s Qc 6h 3s 9c,4h Js,0,0,9,0,320,-320
1924,641,1,SB,0,0,False,,3h 6s,-10,10,2,0,-10,10
1925,641,2,BB,0,3,True,2s Qc 6h 3s 9c,Tc 2h,-1280,1280,9,0,1280,-1280
1926,642,0,BTN,0,2,False,5h Js 2s Td,Kd 5c,0,0,8,0,-20,20
1927,642,1,SB,0,0,False,,7s 9h,-10,10,2,0,-10,10
1928,642,2,BB,0,3,True,5h Js 2s Td 4s,2h 9c,20,-20,9,0,-20,20
1929,643,0,BTN,0,3,False,2h 7c 5c Kd 8s,7s Tc,0,0,10,0,-20,20
1930,643,1,SB,0,0,False,,4c 3d,-10,10,2,0,-10,10
1931,643,2,BB,0,3,False,2h 7c 5c Kd 8s,6s 4h,20,-20,10,0,-20,20
1932,644,0,BTN,0,3,True,8c Qh 7s Qc 6h,2d 7h,0,0,9,0,80,-80
1933,644,1,SB,0,0,False,,9d 5s,-10,10,2,0,-10,10
1934,644,2,BB,0,3,True,8c Qh 7s Qc 6h,4h 6c,-80,80,9,0,80,-80
1935,645,0,BTN,0,3,True,Ks Tc Kc 8c Jd,Jc 8s,0,0,9,0,20,-20
1936,645,1,SB,0,0,False,,9d 6c,-10,10,2,0,-10,10
1937,645,2,BB,0,3,True,Ks Tc Kc 8c Jd,4c 6d,-20,20,9,0,20,-20
1938,646,0,BTN,0,0,False,,9h 8c,-50,50,4,-50,-10,60
1939,646,1,SB,0,0,False,,Ks 2h,-10,10,2,0,-10,10
1940,646,2,BB,0,2,False,Qd Jc 3s 7d,Ts Th,20,-20,8,0,-20,20
1941,647,0,BTN,0,2,False,Tc 6c 7s Jh,4s 9c,0,0,7,0,20,-20
1942,647,1,SB,0,0,False,,2c Js,-10,10,2,0,-10,10
1943,647,2,BB,0,2,False,Tc 6c 7s Jh,3d 8c,-20,20,7,0,20,-20
1944,648,0,BTN,0,3,True,Ts 9d Jc 8c 3s,9s 3d,0,0,9,0,80,-80
1945,648,1,SB,0,3,True,Ts 9d Jc 8c 3s,Ac Jh,100,-100,9,0,100,-100
1946,648,2,BB,0,1,False,Ts 9d Jc,8s 4c,-20,20,5,0,20,-20
1947,649,0,BTN,0,2,False,3d 8d 4s Ts,7c 5c,-50,50,9,-50,100,-50
1948,649,1,SB,0,3,True,3d 8d 4s Ts 3s,8s 7s,348,-348,9,0,348,-348
1949,649,2,BB,0,2,False,3d 8d 4s Ts,Kd Jc,-80,80,7,0,80,-80
1950,650,0,BTN,0,2,False,5h Qs 3s Kh,9c 8d,0,0,9,0,-80,80
1951,650,1,SB,0,1,False,5h Qs 3s,Ad 7h,-60,60,6,0,-60,60
1952,650,2,BB,0,3,False,5h Qs 3s Kh Ts,Kd 5d,150,-150,12,0,-150,150
1953,651,0,BTN,0,3,True,Th 8h Qc 6d 4c,5c 2h,0,0,9,0,-20,20
1954,651,1,SB,0,0,False,,9s 5s,-10,10,2,0,-10,10
1955,651,2,BB,0,3,True,Th 8h Qc 6d 4c,Js 5h,20,-20,9,0,-20,20
1956,652,0,BTN,0,1,False,4s 5h 3d,Jd 4d,0,0,5,0,20,-20
1957,652,1,SB,0,0,False,,6s 5d,-10,10,2,0,-10,10
1958,652,2,BB,0,3,True,4s 5h 3d 3c 6h,8c 7s,742,-742,10,0,-742,742
1959,653,0,BTN,0,1,False,3s Kd 5d,6h Tc,0,0,6,0,-20,20
1960,653,1,SB,0,0,False,,4h 6s,-10,10,2,0,-10,10
1961,653,2,BB,0,2,False,3s Kd 5d 8s,8c 5s,20,-20,8,0,-20,20
1962,654,0,BTN,0,3,True,5d 6s Js Ac Qh,Tc Ts,60,-60,9,60,-10,-50
1963,654,1,SB,0,1,False,5d 6s Js,Ah 2s,-10,10,6,30,-10,-20
1964,654,2,BB,0,3,True,5d 6s Js Ac Qh,8d 4d,-470,470,13,490,-20,-470
1965,655,0,BTN,0,3,True,5h Jh 7d 3c 5c,Qd 6d,-88,88,13,-88,-88,176
1966,655,1,SB,0,2,False,5h Jh 7d 3c,Td Kh,-240,240,9,0,-240,240
1967,655,2,BB,0,2,False,5h Jh 7d 3c,6s 7s,140,-140,9,0,-140,140
1968,656,0,BTN,0,1,False,Kd 3c 4h,9s 8d,-50,50,5,-50,-10,60
1969,656,1,SB,0,2,False,Kd 3c 4h Ah,5d Qd,-240,240,9,0,-240,240
1970,656,2,BB,0,3,True,Kd 3c 4h Ah 3d,Kc 9h,107,-107,11,0,-107,107
1971,657,0,BTN,0,0,False,,3h 8c,0,0,4,0,-20,20
1972,657,1,SB,0,0,False,,4c Th,-10,10,2,0,-10,10
1973,657,2,BB,0,2,False,Kh 2s 6h Qc,Kc Jc,46,-46,9,0,-46,46
1974,658,0,BTN,0,0,False,,5s 4h,0,0,4,0,-20,20
1975,658,1,SB,0,0,False,,4s 9d,-10,10,2,0,-10,10
1976,658,2,BB,0,3,True,9s 7d Kh 8h Kd,Ks Td,2000,-2000,10,0,-2000,2000
1977,659,0,BTN,0,0,False,,4s 2s,0,0,4,0,-20,20
1978,659,1,SB,0,0,False,,7c 3d,-10,10,2,0,-10,10
1979,659,2,BB,0,1,False,Jh Js Jc,Kc 8s,20,-20,6,0,-20,20
1980,660,0,BTN,0,3,True,As Ah 8d 6c Qc,Js 5c,0,0,10,0,-1280,1280
1981,660,1,SB,0,3,True,As Ah 8d 6c Qc,5h 5s,-400,400,10,0,-400,400
1982,660,2,BB,0,2,False,As Ah 8d 6c,7h Qh,-80,80,7,0,80,-80
1983,661,0,BTN,0,3,True,Jd 4c 9c 4d 9s,Kh 6s,0,0,9,0,20,-20
1984,661,1,SB,0,3,True,Jd 4c 9c 4d 9s,Qs 8c,-10,10,9,30,-10,-20
1985,661,2,BB,0,3,True,Jd 4c 9c 4d 9s,Ts 2d,-20,20,12,40,-20,-20
1986,662,0,BTN,0,3,True,4s Kh 5s Ac 5d,2h 3d,0,0,10,0,-1280,1280
1987,662,1,SB,0,0,False,,4h 2c,-10,10,2,0,-10,10
1988,662,2,BB,0,3,True,4s Kh 5s Ac 5d,7c 5h,800,-800,10,0,-800,800
1989,663,0,BTN,0,3,True,7c 9h 8s 7s Ad,8c Qc,-823,823,10,-823,-10,833
1990,663,1,SB,0,0,False,,6d 3s,-10,10,2,0,-10,10
1991,663,2,BB,0,3,False,7c 9h 8s 7s Ad,Ah Qs,20,-20,10,0,-20,20
1992,664,0,BTN,0,0,False,,2s Qc,0,0,3,0,20,-20
1993,664,1,SB,0,3,True,Th 5d 3c Qd Ah,Js Jh,150,-150,9,0,150,-150
1994,664,2,BB,0,0,False,,8c 3h,-20,20,3,0,20,-20
1995,665,0,BTN,0,3,True,Ad 3s 5d 9s 7s,3d Th,0,0,9,0,-80,80
1996,665,1,SB,0,0,False,,2c 7h,-10,10,2,0,-10,10
1997,665,2,BB,0,1,False,Ad 3s 5d,7d 8s,20,-20,6,0,-20,20
1998,666,0,BTN,0,3,True,4h 3s 9c Ts Jd,Th 6h,348,-348,11,348,-10,-338
1999,666,1,SB,0,0,False,,4c 2c,-10,10,2,0,-10,10
2000,666,2,BB,0,2,False,4h 3s 9c Ts,2d 2s,-20,20,7,0,20,-20
2001,667,0,BTN,0,2,False,Kd 5s 6c Kc,2c 3c,0,0,7,0,20,-20
2002,667,1,SB,0,3,True,Kd 5s 6c Kc 2s,8h As,60,-60,9,0,60,-60
2003,667,2,BB,0,3,False,Kd 5s 6c Kc 2s,8c 9s,-320,320,10,0,320,-320
2004,668,0,BTN,0,3,False,Qh Jc 5c Qd 5h,6c Tc,-80,80,9,-80,100,-20
2005,668,1,SB,0,1,False,Qh Jc 5c,7h Ac,60,-60,5,0,60,-60
2006,668,2,BB,0,3,True,Qh Jc 5c Qd 5h,2c 6h,-20,20,9,0,20,-20
2007,669,0,BTN,0,3,True,5s Ks 7c Ah 8s,4h 4d,-545,545,10,-545,-10,555
2008,669,1,SB,0,0,False,,7s Th,-10,10,2,0,-10,10
2009,669,2,BB,0,3,True,5s Ks 7c Ah 8s,Js 5c,-1280,1280,9,0,1280,-1280
2010,670,0,BTN,0,2,False,5d 4c 4d Ks,7s 6c,0,0,9,0,-80,80
2011,670,1,SB,0,0,False,,8s Jd,-10,10,2,0,-10,10
2012,670,2,BB,0,3,True,5d 4c 4d Ks Kh,Ad 3s,80,-80,10,0,-80,80
2013,671,0,BTN,0,3,True,8c As 8h Js 9s,Tc 2c,0,0,11,0,-1704,1704
2014,671,1,SB,0,0,False,,Kh 4s,-10,10,2,0,-10,10
2015,671,2,BB,0,3,True,8c As 8h Js 9s,Jd Jh,432,-432,11,0,-432,432
2016,672,0,BTN,0,3,True,Ks Ts Jc 5c Ac,2c Jh,0,0,11,0,-1280,1280
2017,672,1,SB,0,0,False,,Jd 4c,-10,10,2,0,-10,10
2018,672,2,BB,0,3,True,Ks Ts Jc 5c Ac,5s Qd,186,-186,10,0,-186,186
2019,673,0,BTN,0,1,False,9d Jh 4h,3s Kh,0,0,6,0,-20,20
2020,673,1,SB,0,1,False,9d Jh 4h,Kd 7d,-60,60,6,0,-60,60
2021,673,2,BB,0,1,False,9d Jh 4h,Ts Js,20,-20,6,0,-20,20
2022,674,0,BTN,0,2,False,Qh 9h 2h Js,Jd 5s,0,0,7,0,20,-20
2023,674,1,SB,0,0,False,,4c Jh,-10,10,2,0,-10,10
2024,674,2,BB,0,2,False,Qh 9h 2h Js,7c Tc,-80,80,8,0,80,-80
2025,675,0,BTN,0,3,True,Jc Js Tc 5s 8h,As Kd,-1755,1755,9,-1755,-10,1765
2026,675,1,SB,0,3,True,Jc Js Tc 5s 8h,5h 8s,-10,10,10,-1895,-10,1905
2027,675,2,BB,0,3,True,Jc Js Tc 5s 8h,8c Jd,1147,-1147,12,-1127,-20,1147
2028,676,0,BTN,0,0,False,,4c 6h,0,0,4,0,-20,20
2029,676,1,SB,0,0,False,,5d 2h,-10,10,2,0,-10,10
2030,676,2,BB,0,3,True,4s 9d 6c 9c Kh,Tc Ah,20,-20,9,0,-20,20
2031,677,0,BTN,0,2,False,9c Qc 8s 4h,7h Jc,0,0,7,0,80,-80
2032,677,1,SB,0,3,True,9c Qc 8s 4h Th,9h Qs,-2000,2000,12,2020,-2000,-20
2033,677,2,BB,0,2,False,9c Qc 8s 4h,5d As,-20,20,8,-110,130,-20
2034,678,0,BTN,0,3,True,3h 8c 7h Qs 2s,9d 5c,0,0,9,0,40,-40
2035,678,1,SB,0,0,False,,Ad 2h,-10,10,2,0,-10,10
2036,678,2,BB,0,3,True,3h 8c 7h Qs 2s,Tc Jd,-20,20,9,0,20,-20
2037,679,0,BTN,0,3,True,Tc 2d Ks Ah 5d,6h Td,0,0,12,0,-1280,1280
2038,679,1,SB,0,0,False,,8h 2c,-10,10,2,0,-10,10
2039,679,2,BB,0,3,True,Tc 2d Ks Ah 5d,Ts 4s,20,-20,9,0,-20,20
2040,680,0,BTN,0,3,True,3s Ts 8s Ks 4d,Tc Th,312,-312,10,312,-10,-302
2041,680,1,SB,0,3,True,3s Ts 8s Ks 4d,8h 4h,-10,10,12,1818,-10,-1808
2042,680,2,BB,0,1,False,3s Ts 8s,Kh 7c,-20,20,8,40,-20,-20
2043,681,0,BTN,0,3,True,Ac 3c Ad Jh Qc,3s 7s,0,0,9,0,20,-20
2044,681,1,SB,0,0,False,,Ts 6c,-10,10,2,0,-10,10
2045,681,2,BB,0,3,True,Ac 3c Ad Jh Qc,8c 4h,-20,20,9,0,20,-20
2046,682,0,BTN,0,3,True,5h 5c Ks 4c 9c,5s 2h,0,0,9,0,1280,-1280
2047,682,1,SB,0,0,False,,Kd 6h,-10,10,2,0,-10,10
2048,682,2,BB,0,3,True,5h 5c Ks 4c 9c,Ac 9d,-2000,2000,10,0,2000,-2000
2049,683,0,BTN,0,3,True,Jh 9c Js Ks 6d,2c 9s,0,0,12,0,-1920,1920
2050,683,1,SB,0,0,False,,8c Ts,-10,10,2,0,-10,10
2051,683,2,BB,0,3,False,Jh 9c Js Ks 6d,Td Th,107,-107,12,0,-107,107
2052,684,0,BTN,0,2,False,Qs 4c 9d 3d,5d Ts,0,0,10,0,-480,480
2053,684,1,SB,0,1,False,Qs 4c 9d,As 8c,-100,100,6,0,-100,100
2054,684,2,BB,0,3,False,Qs 4c 9d 3d Js,Ah Qd,350,-350,12,0,-350,350
2055,685,0,BTN,0,1,False,8d 9d Jc,7s Qs,60,-60,6,60,-10,-50
2056,685,1,SB,0,0,False,,Th 7c,-10,10,2,0,-10,10
2057,685,2,BB,0,1,False,8d 9d Jc,5d 4s,-20,20,5,0,20,-20
2058,686,0,BTN,0,2,False,7c Ks 3s 9c,Td Th,-275,275,9,-275,550,-275
2059,686,1,SB,0,0,False,,Kh Js,-88,88,5,108,-88,-20
2060,686,2,BB,0,3,True,7c Ks 3s 9c 9d,4h 4c,-20,20,12,-1910,1930,-20
2061,687,0,BTN,0,3,True,5d 4h Qh Tc Ks,9c 4c,0,0,9,0,-80,80
2062,687,1,SB,0,0,False,,4s 8d,-10,10,2,0,-10,10
2063,687,2,BB,0,3,True,5d 4h Qh Tc Ks,5s 7s,80,-80,9,0,-80,80
2064,688,0,BTN,0,3,False,4s 9h Qc 6h 3d,Jc 6d,0,0,12,0,-320,320
2065,688,1,SB,0,1,False,4s 9h Qc,5d Ad,-100,100,6,0,-100,100
2066,688,2,BB,0,3,False,4s 9h Qc 6h 3d,9d Kc,46,-46,11,0,-46,46
2067,689,0,BTN,0,3,True,5s Ts 9c 3c 3d,Ac Th,2050,-2050,14,2050,-2000,-50
2068,689,1,SB,0,3,True,5s Ts 9c 3c 3d,5h Kh,60,-60,9,0,60,-60
2069,689,2,BB,0,1,False,5s Ts 9c,4c 7h,-20,20,5,0,20,-20
2070,690,0,BTN,0,3,True,8d Td Ad 5c 8c,Th Js,142,-142,10,142,-10,-132
2071,690,1,SB,0,0,False,,2s 9h,-10,10,2,0,-10,10
2072,690,2,BB,0,3,True,8d Td Ad 5c 8c,2c 6d,-20,20,9,0,20,-20
2073,691,0,BTN,0,3,True,Js 5h 7c Ac 9c,Jd 2d,0,0,10,0,0,0
2074,691,1,SB,0,3,True,Js 5h 7c Ac 9c,Ad 6d,0,0,13,0,0,0
2075,691,2,BB,0,3,True,Js 5h 7c Ac 9c,As 3s,0,0,10,0,0,0
2076,692,0,BTN,0,3,True,9s Ks 7s 8c 2h,9d 7h,0,0,10,0,120,-120
2077,692,1,SB,0,2,False,9s Ks 7s 8c,5c Ad,60,-60,7,0,60,-60
2078,692,2,BB,0,3,True,9s Ks 7s 8c 2h,3s 4h,-20,20,9,0,20,-20
2079,693,0,BTN,0,3,True,4c 3c 6s Qc Kd,8h 3d,0,0,9,0,20,-20
2080,693,1,SB,0,2,False,4c 3c 6s Qc,5d 4d,60,-60,7,0,60,-60
2081,693,2,BB,0,2,False,4c 3c 6s Qc,8d Th,-20,20,7,0,20,-20
2082,694,0,BTN,0,3,False,7h Jc 4d Qc Kh,7d 9s,0,0,9,0,20,-20
2083,694,1,SB,0,0,False,,Kc 5d,-10,10,2,0,-10,10
2084,694,2,BB,0,3,False,7h Jc 4d Qc Kh,9h 2d,-20,20,9,0,20,-20
2085,695,0,BTN,0,3,True,Kh 6h 9d Tc Ac,7h 9c,0,0,11,0,-320,320
2086,695,1,SB,0,0,False,,3h 8h,-10,10,2,0,-10,10
2087,695,2,BB,0,3,True,Kh 6h 9d Tc Ac,9h 8s,80,-80,10,0,-80,80
2088,696,0,BTN,0,3,True,6d 4s 3d Ad 5h,Kh Kc,-1755,1755,9,-1755,-10,1765
2089,696,1,SB,0,0,False,,8h Qs,-10,10,3,30,-10,-20
2090,696,2,BB,0,3,True,6d 4s 3d Ad 5h,4d 2d,2010,-2010,10,-2000,-10,2010
2091,697,0,BTN,0,3,False,6s 4d 3d 5d 7c,As 3s,-50,50,9,-50,-10,60
2092,697,1,SB,0,0,False,,6d 8h,-10,10,2,0,-10,10
2093,697,2,BB,0,3,True,6s 4d 3d 5d 7c,8c Ad,0,0,11,0,0,0
2094,698,0,BTN,0,0,False,,6s 8d,0,0,4,0,-20,20
2095,698,1,SB,0,0,False,,8c 3c,-10,10,2,0,-10,10
2096,698,2,BB,0,2,False,7s 5h 8s Qd,Qc 4c,-420,420,10,0,420,-420
2097,699,0,BTN,0,0,False,,4c 6s,0,0,4,0,-20,20
2098,699,1,SB,0,0,False,,3c 9s,-10,10,2,0,-10,10
2099,699,2,BB,0,2,False,Kd 8h Ks 8s,9h Kh,20,-20,8,0,-20,20
2100,700,0,BTN,0,0,False,,6s Th,0,0,4,0,-20,20
2101,700,1,SB,0,0,False,,4c 9h,-10,10,2,0,-10,10
2102,700,2,BB,0,3,True,Kc 7d Tc Qs Ts,6c 6h,20,-20,9,0,-20,20
2103,701,0,BTN,0,2,False,Kd Ah Qc Kc,5h Ts,0,0,8,0,-20,20
2104,701,1,SB,0,2,False,Kd Ah Qc Kc,4d 6d,-60,60,8,0,-60,60
2105,701,2,BB,0,1,False,Kd Ah Qc,7h Tc,20,-20,6,0,-20,20
2106,702,0,BTN,0,0,False,,6s 2h,0,0,4,0,-20,20
2107,702,1,SB,0,0,False,,4c 2c,-10,10,2,0,-10,10
2108,702,2,BB,0,3,True,7d Qh 8h 9s 6h,Kd As,20,-20,9,0,-20,20
2109,703,0,BTN,0,3,True,Ks 9c Td 4d 8s,5h Ac,-50,50,12,-50,100,-50
2110,703,1,SB,0,3,True,Ks 9c Td 4d 8s,8h Ah,100,-100,9,0,100,-100
2111,703,2,BB,0,3,True,Ks 9c Td 4d 8s,5d Jd,-20,20,9,0,20,-20
2112,704,0,BTN,0,3,False,9c Jd 9h 3s 8s,As 2d,0,0,10,0,-20,20
2113,704,1,SB,0,1,False,9c Jd 9h,Qs Kd,60,-60,5,0,60,-60
2114,704,2,BB,0,3,True,9c Jd 9h 3s 8s,3c 5s,20,-20,9,0,-20,20
2115,705,0,BTN,0,2,False,Kh 9d Ac 6s,Jd 2h,0,0,7,0,20,-20
2116,705,1,SB,0,0,False,,3c 6h,-10,10,2,0,-10,10
2117,705,2,BB,0,2,False,Kh 9d Ac 6s,Qh 4s,-20,20,7,0,20,-20
2118,706,0,BTN,0,3,True,8h 3h Jd 9c 4d,Ah 8c,142,-142,10,142,-10,-132
2119,706,1,SB,0,3,True,8h 3h Jd 9c 4d,Ts 6s,150,-150,9,0,150,-150
2120,706,2,BB,0,1,False,8h 3h Jd,6h 7h,20,-20,6,0,-20,20
2121,707,0,BTN,0,3,False,9s Kd 9d Ks 4s,5d Th,0,0,10,0,480,-480
2122,707,1,SB,0,3,True,9s Kd 9d Ks 4s,8h Ah,580,-580,9,0,580,-580
2123,707,2,BB,0,3,True,9s Kd 9d Ks 4s,Jc 7h,-320,320,9,0,320,-320
2124,708,0,BTN,0,3,True,Kc 5d 7c Jh 6h,8d 2d,0,0,11,0,-1920,1920
2125,708,1,SB,0,0,False,,Js 5h,-10,10,2,0,-10,10
2126,708,2,BB,0,3,True,Kc 5d 7c Jh 6h,Kh 7h,2000,-2000,11,0,-2000,2000
2127,709,0,BTN,0,1,False,6h Qd Ks,5s 3s,0,0,7,0,-120,120
2128,709,1,SB,0,0,False,,8s Td,-60,60,4,0,-60,60
2129,709,2,BB,0,2,False,6h Qd Ks 2s,Ad Ac,46,-46,9,0,-46,46
2130,710,0,BTN,0,2,False,Ts 4s 9h 5c,Td 3d,0,0,8,0,-40,40
2131,710,1,SB,0,1,False,Ts 4s 9h,Ah 8d,-60,60,6,0,-60,60
2132,710,2,BB,0,3,True,Ts 4s 9h 5c 7d,9s 8h,46,-46,10,0,-46,46
2133,711,0,BTN,0,3,True,Ts Ac 4d 8d Tc,Qs Kc,60,-60,9,60,-10,-50
2134,711,1,SB,0,1,False,Ts Ac 4d,Jh 8c,-10,10,6,30,-10,-20
2135,711,2,BB,0,1,False,Ts Ac 4d,Jd 2h,-20,20,8,40,-20,-20
2136,712,0,BTN,0,3,True,4d Ks 2h Ah Tc,7h Ad,1150.7142857142858,-1150.7142857142858,8,1150.7142857142858,-10.0,-1140.7142857142858
2137,712,1,SB,0,0,False,,6d 9h,-10,10,2,0,-10,10
2138,712,2,BB,0,3,True,4d Ks 2h Ah Tc,3c 4h,20,-20,9,0,-20,20
2139,713,0,BTN,0,3,True,8c Kd 3h 5d 5c,7d Ad,-1755,1755,9,-1755,-10,1765
2140,713,1,SB,0,3,True,8c Kd 3h 5d 5c,Qc 4s,-10,10,9,-1595,-10,1605
2141,713,2,BB,0,3,True,8c Kd 3h 5d 5c,9d Kc,660,-660,13,-640,-20,660
2142,714,0,BTN,0,3,True,5c Qs Td 7h 9d,5h 9c,0,0,9,0,20,-20
2143,714,1,SB,0,2,False,5c Qs Td 7h,4h Ah,100,-100,7,0,100,-100
2144,714,2,BB,0,3,True,5c Qs Td 7h 9d,Jh 4d,-20,20,9,0,20,-20
2145,715,0,BTN,0,3,True,Js Jh 7s Jc Qd,5d 3d,0,0,11,0,-1920,1920
2146,715,1,SB,0,0,False,,3c Ah,-10,10,2,0,-10,10
2147,715,2,BB,0,3,True,Js Jh 7s Jc Qd,As Kh,80,-80,9,0,-80,80
2148,716,0,BTN,0,2,False,As Kh 9c 2c,6h 8h,60,-60,8,60,-10,-50
2149,716,1,SB,0,3,False,As Kh 9c 2c Qs,Ah 3h,100,-100,9,0,100,-100
2150,716,2,BB,0,1,False,As Kh 9c,7d Tc,-20,20,5,0,20,-20
2151,717,0,BTN,0,0,False,,8c 5s,0,0,4,0,-20,20
2152,717,1,SB,0,3,True,2s 9h 3h Qc 6h,5h 4h,2000,-2000,12,0,2000,-2000
2153,717,2,BB,0,1,False,2s 9h 3h,Qh 6s,-20,20,5,0,20,-20
2154,718,0,BTN,0,2,False,6d 3c 7s Ad,Jd Ts,-50,50,9,-50,100,-50
2155,718,1,SB,0,2,False,6d 3c 7s Ad,Qh Ac,100,-100,7,0,100,-100
2156,718,2,BB,0,1,False,6d 3c 7s,4c 8d,-20,20,5,0,20,-20
2157,719,0,BTN,0,3,False,Qh Kd Qs 3s 5c,4d 3d,0,0,9,0,320,-320
2158,719,1,SB,0,3,False,Qh Kd Qs 3s 5c,Jh Qd,250,-250,9,0,250,-250
2159,719,2,BB,0,2,False,Qh Kd Qs 3s,4c Jd,-80,80,7,0,80,-80
2160,720,0,BTN,0,1,False,2h 3h 3d,Js 2c,0,0,7,0,-120,120
2161,720,1,SB,0,1,False,2h 3h 3d,8c Td,-60,60,6,0,-60,60
2162,720,2,BB,0,1,False,2h 3h 3d,4h 4s,20,-20,6,0,-20,20
2163,721,0,BTN,0,1,False,Qd Qh 7s,2d Kh,0,0,6,0,-20,20
2164,721,1,SB,0,0,False,,Jd 5c,-10,10,2,0,-10,10
2165,721,2,BB,0,3,True,Qd Qh 7s 8s 8d,7h 6h,-20,20,9,0,20,-20
2166,722,0,BTN,0,3,True,2d As 3h 4c 7s,Ts 7d,0,0,9,0,-20,20
2167,722,1,SB,0,3,True,2d As 3h 4c 7s,Tc 8s,-60,60,9,0,-60,60
2168,722,2,BB,0,3,True,2d As 3h 4c 7s,8d Jh,20,-20,9,0,-20,20
2169,723,0,BTN,0,3,True,6c Kc 5s 4h Jc,7h 7c,-671,671,13,-671,721,-50
2170,723,1,SB,0,3,True,6c Kc 5s 4h Jc,Jh 6s,-10,10,12,1818,-10,-1808
2171,723,2,BB,0,3,True,6c Kc 5s 4h Jc,2s 2c,-20,20,12,-1840,1860,-20
2172,724,0,BTN,0,1,False,Qh As 8h,6s 7s,-50,50,5,-50,-10,60
2173,724,1,SB,0,3,True,Qh As 8h 8c Ad,4h Kh,-1740,1740,12,0,-1740,1740
2174,724,2,BB,0,3,True,Qh As 8h 8c Ad,4s Ac,800,-800,10,0,-800,800
2175,725,0,BTN,0,3,True,Js 4c 6h 8h 7s,As 7h,232,-232,11,232,-10,-222
2176,725,1,SB,0,0,False,,6s 2h,-10,10,2,0,-10,10
2177,725,2,BB,0,3,True,Js 4c 6h 8h 7s,2d 4s,-320,320,9,0,320,-320
2178,726,0,BTN,0,3,False,Th 4h 2c 8s 5c,2d 7c,0,0,10,0,-20,20
2179,726,1,SB,0,2,False,Th 4h 2c 8s,Qc Kh,100,-100,7,0,100,-100
2180,726,2,BB,0,3,True,Th 4h 2c 8s 5c,6d 5h,150,-150,11,0,-150,150
2181,727,0,BTN,0,0,False,,Qs 2s,0,0,3,0,20,-20
2182,727,1,SB,0,0,False,,Ac As,20,-20,3,0,20,-20
2183,727,2,BB,0,3,True,9c 3s Th Ah Jh,7c 9d,-1920,1920,9,0,1920,-1920
2184,728,0,BTN,0,3,False,Kc 8c 9d 7c Td,Ad 8s,-50,50,13,-50,-50,100
2185,728,1,SB,0,3,False,Kc 8c 9d 7c Td,3s 3c,-250,250,10,0,-250,250
2186,728,2,BB,0,3,False,Kc 8c 9d 7c Td,7s Jd,20,-20,10,0,-20,20
2187,729,0,BTN,0,3,True,Kd 4s 6d 5c Jh,9d 9c,-1755,1755,9,-1755,-10,1765
2188,729,1,SB,0,3,True,Kd 4s 6d 5c Jh,4d 3h,-10,10,9,-1595,-10,1605
2189,729,2,BB,0,3,True,Kd 4s 6d 5c Jh,Kh 5s,712,-712,15,-533,-179,712
2190,730,0,BTN,0,2,False,7c 6c 7d Kh,8d 2d,0,0,7,0,20,-20
2191,730,1,SB,0,3,False,7c 6c 7d Kh Ac,Ks Tc,60,-60,9,0,60,-60
2192,730,2,BB,0,2,False,7c 6c 7d Kh,3d Jd,-20,20,7,0,20,-20
2193,731,0,BTN,0,3,True,6s Jd 7d Js 8c,2d 7s,0,0,10,0,1920,-1920
2194,731,1,SB,0,3,True,6s Jd 7d Js 8c,9c 9d,1253,-1253,11,0,1253,-1253
2195,731,2,BB,0,3,True,6s Jd 7d Js 8c,Kh As,-1280,1280,9,0,1280,-1280
2196,732,0,BTN,0,2,False,3s 5h Ac Td,9h Ah,60,-60,8,60,-10,-50
2197,732,1,SB,0,2,False,3s 5h Ac Td,8s Qd,-10,10,9,105,-10,-95
2198,732,2,BB,0,2,False,3s 5h Ac Td,4d 7s,-110,110,11,130,-20,-110
2199,733,0,BTN,0,3,True,5c 6c 3d 5h 3c,8c 8h,-1639,1639,10,-1639,-10,1649
2200,733,1,SB,0,2,False,5c 6c 3d 5h,9h Ts,-137,137,10,157,-137,-20
2201,733,2,BB,0,3,True,5c 6c 3d 5h 3c,5d 2d,1736,-1736,14,-1716,-20,1736
2202,734,0,BTN,0,1,False,4c 6h 7h,Qd 4h,0,0,7,0,-120,120
2203,734,1,SB,0,0,False,,Kd Jh,-720,720,6,0,-720,720
2204,734,2,BB,0,3,False,4c 6h 7h 6d Ts,Ac Ad,107,-107,12,0,-107,107
2205,735,0,BTN,0,2,False,Jc 7d Kc Jh,Th 6c,0,0,8,0,-20,20
2206,735,1,SB,0,0,False,,5h 6d,-10,10,2,0,-10,10
2207,735,2,BB,0,3,True,Jc 7d Kc Jh 9d,As 3h,20,-20,9,0,-20,20
2208,736,0,BTN,0,3,True,2c 3h 8d 7c Jh,8s 9h,0,0,9,0,1280,-1280
2209,736,1,SB,0,3,True,2c 3h 8d 7c Jh,Ad 8h,580,-580,9,0,580,-580
2210,736,2,BB,0,3,True,2c 3h 8d 7c Jh,3c Td,-1280,1280,9,0,1280,-1280
2211,737,0,BTN,0,3,True,6h Td 3s Jh 9c,9d Ac,60,-60,9,60,-10,-50
2212,737,1,SB,0,3,False,6h Td 3s Jh 9c,Jc 8s,-10,10,10,30,-10,-20
2213,737,2,BB,0,3,True,6h Td 3s Jh 9c,7h 5d,-20,20,12,-1694,1714,-20
2214,738,0,BTN,0,3,True,Ks 5d Qs 9c Jh,8c 6h,0,0,9,0,-20,20
2215,738,1,SB,0,0,False,,8s 3s,-10,10,2,0,-10,10
2216,738,2,BB,0,3,True,Ks 5d Qs 9c Jh,Jc 4h,40,-40,9,0,-40,40
2217,739,0,BTN,0,3,True,Kd 5s Ad 6c Ac,Jd Js,1882,-1882,16,1882,-50,-1832
2218,739,1,SB,0,3,True,Kd 5s Ad 6c Ac,Jc 3s,-10,10,10,1605,-10,-1595
2219,739,2,BB,0,3,True,Kd 5s Ad 6c Ac,5d 7s,-110,110,14,130,-20,-110
2220,740,0,BTN,0,3,True,4s Kc 3c 9h 5s,Qc 2c,0,0,11,0,0,0
2221,740,1,SB,0,0,False,,6d 7c,-10,10,2,0,-10,10
2222,740,2,BB,0,1,False,4s Kc 3c,7s 6h,20,-20,6,0,-20,20
2223,741,0,BTN,0,2,False,2h 7d 5c Qc,As Ac,199,-199,11,199,-50,-149
2224,741,1,SB,0,1,False,2h 7d 5c,8s Ad,-10,10,6,130,-10,-120
2225,741,2,BB,0,1,False,2h 7d 5c,9d Js,-120,120,6,130,-10,-120
2226,742,0,BTN,0,3,True,8s 5c 6h Ts Jd,Kh Th,-1323,1323,9,-1323,-10,1333
2227,742,1,SB,0,0,False,,5d 4s,-10,10,2,0,-10,10
2228,742,2,BB,0,3,True,8s 5c 6h Ts Jd,Td 6d,300,-300,11,0,-300,300
2229,743,0,BTN,0,3,True,3s 6d 7d 7s 4s,As Qc,-50,50,12,-50,-50,100
2230,743,1,SB,0,3,True,3s 6d 7d 7s 4s,Ks Qh,-90,90,10,0,-90,90
2231,743,2,BB,0,3,True,3s 6d 7d 7s 4s,4d 3h,20,-20,9,0,-20,20
2232,744,0,BTN,0,1,False,7h Th Ah,7s 5h,0,0,5,0,20,-20
2233,744,1,SB,0,0,False,,2h Td,-10,10,2,0,-10,10
2234,744,2,BB,0,1,False,7h Th Ah,6s 3h,-20,20,5,0,20,-20
2235,745,0,BTN,0,3,False,4h 4d 3s Jc Jd,6c Qh,0,0,9,0,20,-20
2236,745,1,SB,0,0,False,,Kc 7s,-10,10,2,0,-10,10
2237,745,2,BB,0,3,False,4h 4d 3s Jc Jd,Td 5s,-20,20,9,0,20,-20
2238,746,0,BTN,0,1,False,Qd 7d 5h,4d 6c,0,0,6,0,-20,20
2239,746,1,SB,0,0,False,,Tc 3c,-10,10,2,0,-10,10
2240,746,2,BB,0,3,True,Qd 7d 5h 8h Qc,7s Th,20,-20,9,0,-20,20
2241,747,0,BTN,0,2,False,Ah 2h Qc 2c,4h Td,0,0,7,0,20,-20
2242,747,1,SB,0,2,False,Ah 2h Qc 2c,Kd 2d,100,-100,7,0,100,-100
2243,747,2,BB,0,2,False,Ah 2h Qc 2c,9h Tc,-40,40,7,0,40,-40
2244,748,0,BTN,0,3,True,As 8h 5c Ad 4s,3s 7d,0,0,11,0,-1604,1604
2245,748,1,SB,0,1,False,As 8h 5c,Jd 5d,-60,60,6,0,-60,60
2246,748,2,BB,0,3,True,As 8h 5c Ad 4s,9s 8d,2000,-2000,10,0,-2000,2000
2247,749,0,BTN,0,2,False,Ts Tc 4s Qd,9h 7h,-215,215,7,-215,-10,225
2248,749,1,SB,0,2,False,Ts Tc 4s Qd,Ad 2d,-88,88,11,-88,-88,176
2249,749,2,BB,0,3,True,Ts Tc 4s Qd Th,Kc Qs,710,-710,13,-20,-690,710
2250,750,0,BTN,0,3,True,6c Jd 2c 5d 6s,Tc 7d,0,0,11,0,-1280,1280
2251,750,1,SB,0,0,False,,2h Kd,-10,10,2,0,-10,10
2252,750,2,BB,0,3,True,6c Jd 2c 5d 6s,8d 6h,200,-200,10,0,-200,200
2253,751,0,BTN,0,2,False,9h 3s 9c 6c,Jc Ts,-215,215,7,-215,-10,225
2254,751,1,SB,0,0,False,,8s 4s,-10,10,2,0,-10,10
2255,751,2,BB,0,1,False,9h 3s 9c,9d 2d,20,-20,6,0,-20,20
2256,752,0,BTN,0,3,True,Ts 8c 4s 2h 7s,5d 8d,0,0,9,0,320,-320
2257,752,1,SB,0,3,True,Ts 8c 4s 2h 7s,Qd Ah,100,-100,9,0,100,-100
2258,752,2,BB,0,3,True,Ts 8c 4s 2h 7s,Ac 5h,-320,320,9,0,320,-320
2259,753,0,BTN,0,3,True,6s 7h Kc Jh 4c,As 6h,-1451,1451,10,-1451,-10,1461
2260,753,1,SB,0,0,False,,7d 2s,-10,10,2,0,-10,10
2261,753,2,BB,0,1,False,6s 7h Kc,Jd 3s,-20,20,5,0,20,-20
2262,754,0,BTN,0,3,True,4h Th 3s Ks Jd,2c Qh,0,0,9,0,20,-20
2263,754,1,SB,0,0,False,,3c 8d,-10,10,2,0,-10,10
2264,754,2,BB,0,3,True,4h Th 3s Ks Jd,8s 5c,-20,20,9,0,20,-20
2265,755,0,BTN,0,3,True,3c 2s 2h As Qs,Ks 4h,0,0,9,0,20,-20
2266,755,1,SB,0,0,False,,Th 8d,-10,10,2,0,-10,10
2267,755,2,BB,0,1,False,3c 2s 2h,6c 7s,20,-20,6,0,-20,20
2268,756,0,BTN,0,3,False,5s Ah Ad As 6s,Kc 4d,0,0,9,0,20,-20
2269,756,1,SB,0,0,False,,Th Qs,20,-20,3,0,20,-20
2270,756,2,BB,0,3,False,5s Ah Ad As 6s,2d 3s,-20,20,9,0,20,-20
2271,757,0,BTN,0,1,False,5d 8h Td,4h 6d,0,0,5,0,20,-20
2272,757,1,SB,0,1,False,5d 8h Td,7c 9c,60,-60,5,0,60,-60
2273,757,2,BB,0,2,False,5d 8h Td Js,7h 3h,-80,80,8,0,80,-80
2274,758,0,BTN,0,3,True,Jc Kd 9h 8h 4h,Jd 9d,-2000,2000,17,-2000,4000,-2000
2275,758,1,SB,0,3,True,Jc Kd 9h 8h 4h,Jh 7h,-428.57142857142867,428.57142857142844,12,-1571.4285714285716,-428.57142857142867,2000.0
2276,758,2,BB,0,3,True,Jc Kd 9h 8h 4h,Kh 8s,-2000,2000,15,-2000,4000,-2000
2277,759,0,BTN,0,3,True,7s 7h Qh Js 2d,Ks Td,-545,545,10,-545,-10,555
2278,759,1,SB,0,3,True,7s 7h Qh Js 2d,Ts Qc,557,-557,10,0,557,-557
2279,759,2,BB,0,2,False,7s 7h Qh Js,Ah 5s,-920,920,9,0,920,-920
2280,760,0,BTN,0,3,True,7s 9c Qc Jd 5c,9h 8h,142,-142,10,142,-10,-132
2281,760,1,SB,0,0,False,,5d 2s,-10,10,2,0,-10,10
2282,760,2,BB,0,3,True,7s 9c Qc Jd 5c,4d Ad,-20,20,9,0,20,-20
2283,761,0,BTN,0,2,False,7h 8c 8s 8d,As Qd,96,-96,9,96,-10,-86
2284,761,1,SB,0,3,True,7h 8c 8s 8d 2c,Qc 9h,60,-60,9,0,60,-60
2285,761,2,BB,0,3,True,7h 8c 8s 8d 2c,6d Jh,-20,20,9,0,20,-20
2286,762,0,BTN,0,3,True,5d 2h Jc 3h Jh,4c Ac,1150.7142857142858,-1150.7142857142858,8,1150.7142857142858,-10.0,-1140.7142857142858
2287,762,1,SB,0,0,False,,3d Qd,20,-20,3,0,20,-20
2288,762,2,BB,0,1,False,5d 2h Jc,5h Th,20,-20,6,0,-20,20
2289,763,0,BTN,0,3,True,As Td 6h Th Kh,Qh 2d,0,0,11,0,-1704,1704
2290,763,1,SB,0,3,True,As Td 6h Th Kh,7c Ad,-1809.5238095238096,1809.5238095238096,10,0.0,-1809.5238095238096,1809.5238095238096
2291,763,2,BB,0,3,True,As Td 6h Th Kh,Kc Tc,2000,-2000,10,0,-2000,2000
2292,764,0,BTN,0,3,True,3c 5h 6d 8s Jh,8c As,346,-346,11,346,-10,-336
2293,764,1,SB,0,3,True,3c 5h 6d 8s Jh,Ts 7s,-150,150,9,0,-150,150
2294,764,2,BB,0,3,True,3c 5h 6d 8s Jh,5d Qc,20,-20,9,0,-20,20
2295,765,0,BTN,0,3,True,8d 8s 4c 5s Ah,Qs 3s,-50,50,13,-50,-275,325
2296,765,1,SB,0,3,True,8d 8s 4c 5s Ah,Kc Tc,-960,960,11,0,-960,960
2297,765,2,BB,0,3,True,8d 8s 4c 5s Ah,3d As,200,-200,10,0,-200,200
2298,766,0,BTN,0,1,False,Ah 8h 4s,Kc 4h,0,0,6,0,-20,20
2299,766,1,SB,0,0,False,,Th 5s,-10,10,2,0,-10,10
2300,766,2,BB,0,3,True,Ah 8h 4s Qd Js,8c 3s,20,-20,9,0,-20,20
2301,767,0,BTN,0,3,True,8h 5d Jd 7h 8s,4h Ac,-50,50,10,-50,2017,-1967
2302,767,1,SB,0,2,False,8h 5d Jd 7h,8d Ks,-100,100,8,0,-100,100
2303,767,2,BB,0,1,False,8h 5d Jd,8c Qh,-20,20,5,0,20,-20
2304,768,0,BTN,0,1,False,Th 8d Kd,4h Js,0,0,5,0,20,-20
2305,768,1,SB,0,2,False,Th 8d Kd 8c,Kc 9d,100,-100,7,0,100,-100
2306,768,2,BB,0,1,False,Th 8d Kd,5d 4s,-20,20,5,0,20,-20
2307,769,0,BTN,0,3,True,As 9d 5c 8c 4h,9s Ad,1819.0476190476193,-1819.047619047619,8,1819.0476190476193,-10.0,-1809.047619047619
2308,769,1,SB,0,3,True,As 9d 5c 8c 4h,6d 3c,-10,10,11,1605,-10,-1595
2309,769,2,BB,0,3,True,As 9d 5c 8c 4h,5d Ks,-1910,1910,14,1930,-20,-1910
2310,770,0,BTN,0,3,True,3s 7h 4d 5s Qd,Qs Ks,-875,875,9,-875,-10,885
2311,770,1,SB,0,2,False,3s 7h 4d 5s,4s 5c,-10,10,7,-20,-10,30
2312,770,2,BB,0,3,True,3s 7h 4d 5s Qd,8c 6h,1740,-1740,14,-870,-870,1740
2313,771,0,BTN,0,0,False,,6d 2s,0,0,4,0,-20,20
2314,771,1,SB,0,0,False,,2h 9h,-10,10,2,0,-10,10
2315,771,2,BB,0,3,False,Kc Qc 7h 3h Ad,Jh Qs,46,-46,11,0,-46,46
2316,772,0,BTN,0,2,False,5d 7c 7s 2s,9h Tc,96,-96,9,96,-10,-86
2317,772,1,SB,0,0,False,,8s 3s,-10,10,2,0,-10,10
2318,772,2,BB,0,1,False,5d 7c 7s,Jd 9s,20,-20,6,0,-20,20
2319,773,0,BTN,0,3,False,Kd Ah 6c 4d Ks,7h 6h,96,-96,11,96,-10,-86
2320,773,1,SB,0,0,False,,5s 4c,-10,10,2,0,-10,10
2321,773,2,BB,0,2,False,Kd Ah 6c 4d,7d 3d,-20,20,7,0,20,-20
2322,774,0,BTN,0,2,False,2h 7c Kh 4c,Th Jd,-275,275,8,-275,325,-50
2323,774,1,SB,0,3,True,2h 7c Kh 4c Jc,7h As,-1600,1600,11,0,-1600,1600
2324,774,2,BB,0,1,False,2h 7c Kh,Js 4h,-20,20,5,0,20,-20
2325,775,0,BTN,0,2,False,Kd 5h Ah 4d,7h Jd,0,0,9,0,-80,80
2326,775,1,SB,0,2,False,Kd 5h Ah 4d,Jh 6c,-10,10,7,-95,-10,105
2327,775,2,BB,0,2,False,Kd 5h Ah 4d,5d 4h,40,-40,10,-20,-20,40
2328,776,0,BTN,0,3,True,7d 4d Td Kd 4c,6h 6s,60,-60,9,60,-10,-50
2329,776,1,SB,0,3,True,7d 4d Td Kd 4c,Qc 3c,-88,88,10,108,-88,-20
2330,776,2,BB,0,3,True,7d 4d Td Kd 4c,8h 9c,-20,20,12,40,-20,-20
2331,777,0,BTN,0,3,False,3s 2h Jc Kd 9d,Ad 8h,-50,50,9,-50,-10,60
2332,777,1,SB,0,0,False,,3d 5c,-10,10,2,0,-10,10
2333,777,2,BB,0,2,False,3s 2h Jc Kd,9s 7c,-60,60,8,0,60,-60
2334,778,0,BTN,0,3,True,5d Ah 8d 4d As,Kh Tc,-50,50,12,-50,100,-50
2335,778,1,SB,0,2,False,5d Ah 8d 4d,6d 6c,100,-100,7,0,100,-100
2336,778,2,BB,0,1,False,5d Ah 8d,3h Qh,-20,20,5,0,20,-20
2337,779,0,BTN,0,2,False,9c Qh 9h Tc,2h 5s,0,0,8,0,-20,20
2338,779,1,SB,0,2,False,9c Qh 9h Tc,7d 8s,-100,100,8,0,-100,100
2339,779,2,BB,0,3,True,9c Qh 9h Tc Ad,5d Th,20,-20,9,0,-20,20
2340,780,0,BTN,0,3,True,2c 6h Ac As Ts,8s Ks,-50,50,12,-50,100,-50
2341,780,1,SB,0,3,True,2c 6h Ac As Ts,5d 5h,176,-176,13,-88,176,-88
2342,780,2,BB,0,3,True,2c 6h Ac As Ts,Kc Qs,-20,20,12,-20,40,-20
2343,781,0,BTN,0,3,True,Tc Kh 5c Kc Js,6c 6h,1545,-1545,10,1545,-10,-1535
2344,781,1,SB,0,3,True,Tc Kh 5c Kc Js,2c Th,-10,10,10,1905,-10,-1895
2345,781,2,BB,0,3,True,Tc Kh 5c Kc Js,Ac 8h,-1750,1750,12,1760,-10,-1750
2346,782,0,BTN,0,1,False,3h 9c Js,3s 4s,0,0,7,0,-120,120
2347,782,1,SB,0,1,False,3h 9c Js,2d Qd,-60,60,6,0,-60,60
2348,782,2,BB,0,1,False,3h 9c Js,7h Jh,20,-20,6,0,-20,20
2349,783,0,BTN,0,3,True,4h 4c 5d Ts 6h,8h Jc,0,0,9,0,20,-20
2350,783,1,SB,0,0,False,,7h Qd,-10,10,2,0,-10,10
2351,783,2,BB,0,3,True,4h 4c 5d Ts 6h,9d 8c,-40,40,9,0,40,-40
2352,784,0,BTN,0,3,True,6c 8c 8d 8s 9c,Kh 5s,0,0,10,0,1920,-1920
2353,784,1,SB,0,3,True,6c 8c 8d 8s 9c,6d Qd,232,-232,9,0,232,-232
2354,784,2,BB,0,3,True,6c 8c 8d 8s 9c,Kd Jd,-1280,1280,9,0,1280,-1280
2355,785,0,BTN,0,3,True,2d 9s 4h 6s 4c,3s 7c,0,0,9,0,20,-20
2356,785,1,SB,0,3,True,2d 9s 4h 6s 4c,Qd Kc,100,-100,9,0,100,-100
2357,785,2,BB,0,3,True,2d 9s 4h 6s 4c,3c Tc,-20,20,9,0,20,-20
2358,786,0,BTN,0,3,True,5d 4c 2d 9d 7h,2s 2c,198,-198,10,198,-10,-188
2359,786,1,SB,0,0,False,,Tc 3h,-10,10,2,0,-10,10
2360,786,2,BB,0,3,True,5d 4c 2d 9d 7h,Jh 4s,40,-40,9,0,-40,40
2361,787,0,BTN,0,1,False,3s Kh 2d,Th 9s,60,-60,6,60,-10,-50
2362,787,1,SB,0,0,False,,7c 2c,-10,10,2,0,-10,10
2363,787,2,BB,0,3,True,3s Kh 2d 9h Ts,4c 6c,-20,20,9,0,20,-20
2364,788,0,BTN,0,3,True,9h 5c Ks Ac Jh,Ts Qd,2050,-2050,12,2050,-2000,-50
2365,788,1,SB,0,3,True,9h 5c Ks Ac Jh,Ad 7d,1482,-1482,11,0,1482,-1482
2366,788,2,BB,0,3,True,9h 5c Ks Ac Jh,6c Jc,-320,320,9,0,320,-320
2367,789,0,BTN,0,3,False,3d 2c Tc 5c 2h,6s 4h,0,0,9,0,20,-20
2368,789,1,SB,0,0,False,,9h 2s,-10,10,2,0,-10,10
2369,789,2,BB,0,3,False,3d 2c Tc 5c 2h,9d 8s,-20,20,9,0,20,-20
2370,790,0,BTN,0,3,True,Kd 3s 9d 4d 6c,Ks Kc,962,-962,14,962,-912,-50
2371,790,1,SB,0,3,True,Kd 3s 9d 4d 6c,Qc Ac,-1879.4,1879.4,7,1899.4,-1879.4,-20.0
2372,790,2,BB,0,3,True,Kd 3s 9d 4d 6c,5h Qd,-20,20,10,1856,-1836,-20
2373,791,0,BTN,0,3,True,Ts 6d Kc 2s Ks,Jh 4c,0,0,11,0,-560,560
2374,791,1,SB,0,0,False,,8c 2c,-10,10,2,0,-10,10
2375,791,2,BB,0,3,True,Ts 6d Kc 2s Ks,6h 2d,80,-80,10,0,-80,80
2376,792,0,BTN,0,3,True,4h Jh 3c 3s 3d,9d 2h,0,0,10,0,0,0
2377,792,1,SB,0,0,False,,Ks 2c,-10,10,2,0,-10,10
2378,792,2,BB,0,3,True,4h Jh 3c 3s 3d,Kc Ts,0,0,9,0,0,0
2379,793,0,BTN,0,1,False,4c Qd 9d,7s 7c,-50,50,7,-50,-50,100
2380,793,1,SB,0,3,True,4c Qd 9d 5h Kh,Jh 3h,-10,10,11,-1808,-10,1818
2381,793,2,BB,0,3,True,4c Qd 9d 5h Kh,Qh 3d,386,-386,11,-366,-20,386
2382,794,0,BTN,0,3,True,Tc 2d 9c 4d Jd,Qd 6h,0,0,11,0,1280,-1280
2383,794,1,SB,0,3,True,Tc 2d 9c 4d Jd,Qc Js,2000,-2000,11,0,2000,-2000
2384,794,2,BB,0,3,True,Tc 2d 9c 4d Jd,7c Th,-600,600,11,0,600,-600
2385,795,0,BTN,0,3,True,7s Jh 9d Ks 6d,9c Th,-1755,1755,9,-1755,-10,1765
2386,795,1,SB,0,0,False,,2d Ts,-10,10,2,0,-10,10
2387,795,2,BB,0,3,False,7s Jh 9d Ks 6d,4c Jc,20,-20,10,0,-20,20
2388,796,0,BTN,0,1,False,2h Jd 9h,Ks Qc,60,-60,6,60,-10,-50
2389,796,1,SB,0,3,False,2h Jd 9h 4c 8s,7c Ts,-10,10,9,-20,-10,30
2390,796,2,BB,0,3,False,2h Jd 9h 4c 8s,8d 3d,-20,20,12,-20,40,-20
2391,797,0,BTN,0,1,False,7s Kd 4c,4s Qs,60,-60,6,60,-10,-50
2392,797,1,SB,0,0,False,,Ac 3h,-10,10,2,0,-10,10
2393,797,2,BB,0,3,True,7s Kd 4c Jd Th,9d 2s,-20,20,9,0,20,-20
2394,798,0,BTN,0,3,True,9c As 3d 4s 5d,2d Th,0,0,10,0,-380,380
2395,798,1,SB,0,0,False,,3s 6c,-10,10,2,0,-10,10
2396,798,2,BB,0,3,True,9c As 3d 4s 5d,Js 3c,80,-80,9,0,-80,80
2397,799,0,BTN,0,3,True,5h Js 2s Th Td,6c 9s,0,0,10,0,-80,80
2398,799,1,SB,0,0,False,,Kd 6s,-10,10,2,0,-10,10
2399,799,2,BB,0,3,True,5h Js 2s Th Td,4d Ah,20,-20,9,0,-20,20
2400,800,0,BTN,0,3,True,Kh 3h 3c 2s 2h,5c 4d,0,0,9,0,0,0
2401,800,1,SB,0,0,False,,6s 5d,-10,10,2,0,-10,10
2402,800,2,BB,0,3,True,Kh 3h 3c 2s 2h,Ts Qd,0,0,9,0,0,0
2403,801,0,BTN,0,3,True,Jh Th 9h 8d Ac,5h 4d,0,0,11,0,320,-320
2404,801,1,SB,0,0,False,,Ts 6c,-10,10,2,0,-10,10
2405,801,2,BB,0,3,True,Jh Th 9h 8d Ac,9d Kh,-186,186,11,0,186,-186
2406,802,0,BTN,0,3,True,Th 9c 4d 8s Qh,Jc 3h,0,0,10,0,80,-80
2407,802,1,SB,0,1,False,Th 9c 4d,5s 5d,-60,60,6,0,-60,60
2408,802,2,BB,0,3,True,Th 9c 4d 8s Qh,Ac 6h,-20,20,9,0,20,-20
2409,803,0,BTN,0,3,False,8d 4d 5h Td 2c,Ac 8s,142,-142,11,142,-10,-132
2410,803,1,SB,0,3,False,8d 4d 5h Td 2c,Th 6h,100,-100,9,0,100,-100
2411,803,2,BB,0,3,False,8d 4d 5h Td 2c,Qs Jd,-80,80,9,0,80,-80
2412,804,0,BTN,0,3,True,2s Kd 3s 7s Tc,4s Qh,0,0,11,0,-1704,1704
2413,804,1,SB,0,0,False,,7d Kc,-10,10,2,0,-10,10
2414,804,2,BB,0,3,True,2s Kd 3s 7s Tc,Ts Ks,2000,-2000,12,0,-2000,2000
2415,805,0,BTN,0,3,True,2c 6h Kh 3h 8c,Qd 5h,0,0,9,0,20,-20
2416,805,1,SB,0,3,True,2c 6h Kh 3h 8c,5s Qs,60,-60,9,0,60,-60
2417,805,2,BB,0,3,True,2c 6h Kh 3h 8c,4s Jc,-20,20,9,0,20,-20
2418,806,0,BTN,0,3,False,Ad Qd Td 8s 9h,Ks 8c,0,0,9,0,20,-20
2419,806,1,SB,0,3,False,Ad Qd Td 8s 9h,Jh 5h,60,-60,9,0,60,-60
2420,806,2,BB,0,3,False,Ad Qd Td 8s 9h,7d 3c,-20,20,9,0,20,-20
2421,807,0,BTN,0,3,False,Qh 2d Ad 4c 5s,Kc Ac,373,-373,14,373,-50,-323
2422,807,1,SB,0,2,False,Qh 2d Ad 4c,8h 9c,-88,88,12,572,-88,-484
2423,807,2,BB,0,1,False,Qh 2d Ad,Jh Ts,-20,20,8,40,-20,-20
2424,808,0,BTN,0,2,False,Jd 5h 3d Jc,6s 8c,0,0,8,0,480,-480
2425,808,1,SB,0,3,True,Jd 5h 3d Jc Ac,Ts Jh,139,-139,9,0,139,-139
2426,808,2,BB,0,2,False,Jd 5h 3d Jc,Kd 7c,-80,80,7,0,80,-80
2427,809,0,BTN,0,0,False,,7s Jd,0,0,4,0,-20,20
2428,809,1,SB,0,3,True,Ac 8s 2h Qh 9d,9c 4h,-10,10,10,-120,-10,130
2429,809,2,BB,0,3,True,Ac 8s 2h Qh 9d,Ks 4d,-20,20,12,-20,40,-20
2430,810,0,BTN,0,3,True,6d 9s Jd 4d Tc,2c 2h,60,-60,9,60,-10,-50
2431,810,1,SB,0,0,False,,4c Td,-10,10,2,0,-10,10
2432,810,2,BB,0,2,False,6d 9s Jd 4d,Qs 7c,-20,20,7,0,20,-20
2433,811,0,BTN,0,3,False,3c 6d 4h Qc Jh,Qs Ts,250,-250,11,250,-230,-20
2434,811,1,SB,0,3,True,3c 6d 4h Qc Jh,7h As,-60,60,9,0,-60,60
2435,811,2,BB,0,3,True,3c 6d 4h Qc Jh,4d 2h,20,-20,9,0,-20,20
2436,812,0,BTN,0,2,False,3d 5s 6c 7d,9h As,-215,215,7,-215,-10,225
2437,812,1,SB,0,2,False,3d 5s 6c 7d,5h 9c,-10,10,7,-95,-10,105
2438,812,2,BB,0,3,True,3d 5s 6c 7d Tc,3h 5d,172,-172,12,-20,-152,172
2439,813,0,BTN,0,3,True,5h 5c Qs 3d 3h,Ts Ah,96,-96,10,96,-10,-86
2440,813,1,SB,0,0,False,,Jd 4s,-10,10,2,0,-10,10
2441,813,2,BB,0,3,True,5h 5c Qs 3d 3h,Kd 8d,20,-20,9,0,-20,20
2442,814,0,BTN,0,3,True,Jc Qs Td 2c 7c,2s Th,0,0,9,0,0,0
2443,814,1,SB,0,0,False,,8d 2h,-10,10,2,0,-10,10
2444,814,2,BB,0,3,True,Jc Qs Td 2c 7c,2d 6h,0,0,9,0,0,0
2445,815,0,BTN,0,2,False,9c Js 4c 3h,Qs 6d,0,0,9,0,-120,120
2446,815,1,SB,0,0,False,,2d Ac,-10,10,2,0,-10,10
2447,815,2,BB,0,3,True,9c Js 4c 3h Ah,3c 4s,2000,-2000,13,0,-2000,2000
2448,816,0,BTN,0,2,False,Jh 6s 9c Tc,5c 6d,0,0,7,0,20,-20
2449,816,1,SB,0,0,False,,Th 2c,-10,10,2,0,-10,10
2450,816,2,BB,0,2,False,Jh 6s 9c Tc,4c Ah,-20,20,7,0,20,-20
2451,817,0,BTN,0,3,True,Jd 3d 5d 7d 5c,As 8s,-1825,1825,10,-1825,-10,1835
2452,817,1,SB,0,2,False,Jd 3d 5d 7d,7h 2c,-10,10,8,-495,-10,505
2453,817,2,BB,0,2,False,Jd 3d 5d 7d,Ks Ad,30,-30,7,-20,-10,30
2454,818,0,BTN,0,1,False,2s Kc 7h,Ah 7c,100,-100,8,100,-50,-50
2455,818,1,SB,0,0,False,,5s Jc,-10,10,2,0,-10,10
2456,818,2,BB,0,3,True,2s Kc 7h Td 8d,3c Js,0,0,9,0,0,0
2457,819,0,BTN,0,3,True,Jd 4d 3h 7c Ac,5h Tc,0,0,10,0,120,-120
2458,819,1,SB,0,3,True,Jd 4d 3h 7c Ac,Kd 8c,100,-100,9,0,100,-100
2459,819,2,BB,0,3,True,Jd 4d 3h 7c Ac,6c Qs,-20,20,9,0,20,-20
2460,820,0,BTN,0,3,True,Qd 3s Tc Ts 2c,2d Th,0,0,11,0,-1520,1520
2461,820,1,SB,0,0,False,,3c 4h,-10,10,2,0,-10,10
2462,820,2,BB,0,3,True,Qd 3s Tc Ts 2c,Qh 9c,2000,-2000,11,0,-2000,2000
2463,821,0,BTN,0,0,False,,4d 8s,0,0,4,0,-20,20
2464,821,1,SB,0,0,False,,3s Tc,-10,10,2,0,-10,10
2465,821,2,BB,0,3,True,6s 9h 6h Ks 5d,Th Ad,20,-20,9,0,-20,20
2466,822,0,BTN,0,3,True,Ts Qh 9s 8c 5h,Kd Td,96,-96,10,96,-10,-86
2467,822,1,SB,0,0,False,,Qs 4c,-10,10,2,0,-10,10
2468,822,2,BB,0,1,False,Ts Qh 9s,Ad 7d,-20,20,5,0,20,-20
2469,823,0,BTN,0,3,True,7h 5h 6h 5d 3h,Js 4d,0,0,11,0,1920,-1920
2470,823,1,SB,0,0,False,,Qc 9h,-60,60,4,0,-60,60
2471,823,2,BB,0,3,True,7h 5h 6h 5d 3h,Kd Ks,-80,80,9,0,80,-80
2472,824,0,BTN,0,3,True,2s Jh 7s 3s 4c,As 9c,70,-70,9,70,-50,-20
2473,824,1,SB,0,1,False,2s Jh 7s,Kh 6d,-10,10,6,30,-10,-20
2474,824,2,BB,0,3,True,2s Jh 7s 3s 4c,Qd 4s,40,-40,12,-20,-20,40
2475,825,0,BTN,0,3,True,4d Ah 3h 4c 7s,Js 8h,0,0,10,0,-120,120
2476,825,1,SB,0,0,False,,8s Qc,-10,10,2,0,-10,10
2477,825,2,BB,0,3,True,4d Ah 3h 4c 7s,Kc Jh,20,-20,9,0,-20,20
2478,826,0,BTN,0,3,False,2s 2h Td 2c 3c,7h 4c,0,0,9,0,20,-20
2479,826,1,SB,0,0,False,,6d Kc,-10,10,2,0,-10,10
2480,826,2,BB,0,3,False,2s 2h Td 2c 3c,5d 4d,-186,186,11,0,186,-186
2481,827,0,BTN,0,3,True,2d Js As 9d Ad,Jh Ah,2010,-2010,12,2010,-10,-2000
2482,827,1,SB,0,3,True,2d Js As 9d Ad,5c 8h,-10,10,11,1780,-10,-1770
2483,827,2,BB,0,1,False,2d Js As,6s 6h,-20,20,8,40,-20,-20
2484,828,0,BTN,0,3,True,3h 5s 8c 2d Qd,4h 5c,0,0,9,0,1080,-1080
2485,828,1,SB,0,3,True,3h 5s 8c 2d Qd,Ad Kd,150,-150,9,0,150,-150
2486,828,2,BB,0,2,False,3h 5s 8c 2d,Ks 4s,-120,120,7,0,120,-120
2487,829,0,BTN,0,1,False,6c 5d Kc,9s 5c,0,0,5,0,20,-20
2488,829,1,SB,0,0,False,,Qh 6d,-10,10,2,0,-10,10
2489,829,2,BB,0,1,False,6c 5d Kc,3d Td,-20,20,5,0,20,-20
2490,830,0,BTN,0,1,False,9h 2d 5s,Js 4s,0,0,5,0,20,-20
2491,830,1,SB,0,3,True,9h 2d 5s 6s Qc,4d Ac,60,-60,9,0,60,-60
2492,830,2,BB,0,1,False,9h 2d 5s,Kh 3d,-20,20,5,0,20,-20
2493,831,0,BTN,0,3,True,2h Jc 2s Jd 6h,Tc 6s,0,0,9,0,1280,-1280
2494,831,1,SB,0,0,False,,Js 3d,-10,10,2,0,-10,10
2495,831,2,BB,0,2,False,2h Jc 2s Jd,Ac 5h,-80,80,7,0,80,-80
2496,832,0,BTN,0,3,True,Qc Qs 5d Tc 3h,7s 7c,2010,-2010,12,2010,-10,-2000
2497,832,1,SB,0,3,True,Qc Qs 5d Tc 3h,2c 3d,-10,10,11,1605,-10,-1595
2498,832,2,BB,0,1,False,Qc Qs 5d,5c As,-20,20,6,30,-10,-20
2499,833,0,BTN,0,1,False,2h 9s 9d,6c Jd,0,0,6,0,-20,20
2500,833,1,SB,0,0,False,,3h 5c,-10,10,2,0,-10,10
2501,833,2,BB,0,1,False,2h 9s 9d,2c Ah,20,-20,6,0,-20,20
2502,834,0,BTN,0,3,True,9s 7d 6s Jd Ah,7c 3s,0,0,10,0,1920,-1920
2503,834,1,SB,0,0,False,,Ac 6h,-60,60,4,0,-60,60
2504,834,2,BB,0,3,True,9s 7d 6s Jd Ah,Kc As,-2000,2000,12,0,2000,-2000
2505,835,0,BTN,0,1,False,6c Ah Th,Jc 9d,-50,50,5,-50,-10,60
2506,835,1,SB,0,1,False,6c Ah Th,8d 6h,-10,10,5,-20,-10,30
2507,835,2,BB,0,3,False,6c Ah Th 7h 3h,3c Ts,-20,20,12,-20,40,-20
2508,836,0,BTN,0,3,True,7c 9s Td 4s 9h,7h 3h,0,0,11,0,180,-180
2509,836,1,SB,0,1,False,7c 9s Td,2s As,-60,60,6,0,-60,60
2510,836,2,BB,0,3,True,7c 9s Td 4s 9h,8h Kh,-40,40,9,0,40,-40
2511,837,0,BTN,0,1,False,Ah Jc Jh,6h 5s,0,0,5,0,20,-20
2512,837,1,SB,0,3,False,Ah Jc Jh Qs 6d,Th Qh,100,-100,9,0,100,-100
2513,837,2,BB,0,1,False,Ah Jc Jh,9c 8h,-20,20,5,0,20,-20
2514,838,0,BTN,0,3,False,Qd Qc 9s Jh Kc,4h 6h,0,0,10,0,-320,320
2515,838,1,SB,0,0,False,,2s 9c,-10,10,2,0,-10,10
2516,838,2,BB,0,2,False,Qd Qc 9s Jh,3h Ks,-80,80,7,0,80,-80
2517,839,0,BTN,0,3,True,6d 5h 2h Tc 3s,7s 6s,100,-100,12,100,-50,-50
2518,839,1,SB,0,2,False,6d 5h 2h Tc,Kd 5d,60,-60,7,0,60,-60
2519,839,2,BB,0,1,False,6d 5h 2h,Qs 8s,-20,20,5,0,20,-20
2520,840,0,BTN,0,2,False,Tc 9c Qs 9d,2h Ac,0,0,7,0,20,-20
2521,840,1,SB,0,0,False,,7h 9s,-10,10,2,0,-10,10
2522,840,2,BB,0,2,False,Tc 9c Qs 9d,3c 8d,-20,20,7,0,20,-20
2523,841,0,BTN,0,1,False,Jd Jh 9h,9c 6d,0,0,6,0,-20,20
2524,841,1,SB,0,0,False,,7c 3s,-10,10,2,0,-10,10
2525,841,2,BB,0,1,False,Jd Jh 9h,Kc 9d,20,-20,6,0,-20,20
2526,842,0,BTN,0,2,False,8d 6h 5c 7s,4d Kh,0,0,7,0,20,-20
2527,842,1,SB,0,2,False,8d 6h 5c 7s,7d Kd,60,-60,7,0,60,-60
2528,842,2,BB,0,2,False,8d 6h 5c 7s,Js 3h,-20,20,7,0,20,-20
2529,843,0,BTN,0,3,True,Ts 5s As 4c 2d,Kc 4s,0,0,11,0,-1280,1280
2530,843,1,SB,0,1,False,Ts 5s As,8d 8h,-60,60,6,0,-60,60
2531,843,2,BB,0,3,True,Ts 5s As 4c 2d,Tc 4h,432,-432,11,0,-432,432
2532,844,0,BTN,0,3,True,Qd 7c 8d 6h Qs,5h 7h,-50,50,12,-50,100,-50
2533,844,1,SB,0,0,False,,Kh 7s,-10,10,2,0,-10,10
2534,844,2,BB,0,1,False,Qd 7c 8d,3s 9d,-20,20,5,0,20,-20
2535,845,0,BTN,0,3,True,5c 2c Qh Tc 8h,4h 8s,0,0,10,0,1280,-1280
2536,845,1,SB,0,0,False,,8c 2s,-10,10,2,0,-10,10
2537,845,2,BB,0,3,True,5c 2c Qh Tc 8h,Kh 5s,-320,320,9,0,320,-320
2538,846,0,BTN,0,1,False,Qc 9d Ks,Kd 3h,0,0,6,0,-20,20
2539,846,1,SB,0,0,False,,7d 5s,-10,10,2,0,-10,10
2540,846,2,BB,0,3,True,Qc 9d Ks 3d 3c,8c 9h,20,-20,9,0,-20,20
2541,847,0,BTN,0,3,True,6c Kc 3d Ks 2c,4c Td,0,0,9,0,20,-20
2542,847,1,SB,0,0,False,,Qs 2d,-10,10,2,0,-10,10
2543,847,2,BB,0,3,False,6c Kc 3d Ks 2c,Th 9c,-186,186,11,0,186,-186
2544,848,0,BTN,0,3,True,3c Kc Js Th 2d,Ad 7c,-50,50,11,-50,2017,-1967
2545,848,1,SB,0,3,True,3c Kc Js Th 2d,Td Tc,2000.0,-2000.0,10,0.0,2000.0,-2000.0
2546,848,2,BB,0,3,True,3c Kc Js Th 2d,Ks 7h,-2000.0,2000.0,8,0.0,2000.0,-2000.0
2547,849,0,BTN,0,3,True,9h 8s Td As Ts,5c Th,0,0,11,0,-1520,1520
2548,849,1,SB,0,0,False,,9c 3d,-10,10,2,0,-10,10
2549,849,2,BB,0,3,True,9h 8s Td As Ts,7s 6d,2000,-2000,11,0,-2000,2000
2550,850,0,BTN,0,3,True,Qd Ad 4c Kd 3c,Qc 3h,0,0,9,0,20,-20
2551,850,1,SB,0,0,False,,Ts 3d,-10,10,2,0,-10,10
2552,850,2,BB,0,1,False,Qd Ad 4c,Js 9d,20,-20,6,0,-20,20
2553,851,0,BTN,0,3,True,Qc 5d 7c 5s 7d,5c Qs,0,0,10,0,1920,-1920
2554,851,1,SB,0,0,False,,Jc 7h,-10,10,2,0,-10,10
2555,851,2,BB,0,2,False,Qc 5d 7c 5s,Ah Tc,-80,80,7,0,80,-80
2556,852,0,BTN,0,1,False,6d 3s 8s,8d Js,0,0,5,0,20,-20
2557,852,1,SB,0,3,True,6d 3s 8s 9d Kc,3h 3c,-2000,2000,10,0,-2000,2000
2558,852,2,BB,0,3,True,6d 3s 8s 9d Kc,5d 7d,2000,-2000,12,0,-2000,2000
2559,853,0,BTN,0,2,False,Qc 3h 5h 3d,Jc 9h,60,-60,8,60,-10,-50
2560,853,1,SB,0,3,True,Qc 3h 5h 3d 6c,Js 4s,-88,88,13,176,-88,-88
2561,853,2,BB,0,3,True,Qc 3h 5h 3d 6c,7h 9d,-20,20,12,40,-20,-20
2562,854,0,BTN,0,1,False,Ts Kc 7c,5h 8c,0,0,7,0,-120,120
2563,854,1,SB,0,0,False,,Qc 8h,-10,10,2,0,-10,10
2564,854,2,BB,0,3,True,Ts Kc 7c 3d 2d,Jh Qd,20,-20,9,0,-20,20
2565,855,0,BTN,0,2,False,Qs Tc 7h 7d,9d 6d,60,-60,8,60,-10,-50
2566,855,1,SB,0,0,False,,5d 3s,-10,10,2,0,-10,10
2567,855,2,BB,0,3,False,Qs Tc 7h 7d 5c,9h 3d,-20,20,9,0,20,-20
2568,856,0,BTN,0,3,False,Ks Js 5h 8h 6s,4d 3c,0,0,9,0,320,-320
2569,856,1,SB,0,3,False,Ks Js 5h 8h 6s,Kd Jc,250,-250,9,0,250,-250
2570,856,2,BB,0,2,False,Ks Js 5h 8h,Qs 9d,-80,80,7,0,80,-80
2571,857,0,BTN,0,1,False,3c As 2c,Jd 5c,0,0,6,0,-20,20
2572,857,1,SB,0,0,False,,4h Th,-10,10,2,0,-10,10
2573,857,2,BB,0,3,True,3c As 2c 5h 2h,6s 3d,-320,320,9,0,320,-320
2574,858,0,BTN,0,1,False,8d 6d 5d,Ad 9d,60,-60,6,60,-10,-50
2575,858,1,SB,0,1,False,8d 6d 5d,Qd 2s,-10,10,7,130,-10,-120
2576,858,2,BB,0,1,False,8d 6d 5d,4s Kh,-20,20,8,40,-20,-20
2577,859,0,BTN,0,1,False,7s Th Ks,Kc Ad,60,-60,6,60,-10,-50
2578,859,1,SB,0,1,False,7s Th Ks,7d 3s,-10,10,6,30,-10,-20
2579,859,2,BB,0,3,True,7s Th Ks 4d 3h,6s 5d,-20,20,12,-1715,1735,-20
2580,860,0,BTN,0,3,True,Kc 5h 3c Jh 7s,Kh Qh,967.1428571428573,-967.1428571428571,8,967.1428571428573,-947.1428571428571,-20.0
2581,860,1,SB,0,1,False,Kc 5h 3c,Jc Qc,-235,235,7,255,-235,-20
2582,860,2,BB,0,3,True,Kc 5h 3c Jh 7s,2s 5d,-110,110,14,1952,-1842,-110
2583,861,0,BTN,0,1,False,5c Jd 8s,Ah Tc,-50,50,5,-50,-10,60
2584,861,1,SB,0,0,False,,6d 9s,-10,10,2,0,-10,10
2585,861,2,BB,0,3,True,5c Jd 8s 2d Ks,Ac 2s,60,-60,10,0,-60,60
2586,862,0,BTN,0,3,True,7d Kc 8s 9h 5h,2c 4c,0,0,9,0,-20,20
2587,862,1,SB,0,0,False,,3h 4d,-10,10,2,0,-10,10
2588,862,2,BB,0,1,False,7d Kc 8s,Th Qd,20,-20,6,0,-20,20
2589,863,0,BTN,0,3,False,4c 3c Qs 7s Qc,Jc 2h,0,0,10,0,-20,20
2590,863,1,SB,0,0,False,,Kc 2s,-10,10,2,0,-10,10
2591,863,2,BB,0,3,False,4c 3c Qs 7s Qc,Th 7d,20,-20,10,0,-20,20
2592,864,0,BTN,0,3,True,8s 4c Jd 3h Tc,5h Js,0,0,10,0,-120,120
2593,864,1,SB,0,0,False,,2d Kh,-10,10,2,0,-10,10
2594,864,2,BB,0,3,True,8s 4c Jd 3h Tc,7d Ks,20,-20,9,0,-20,20
2595,865,0,BTN,0,1,False,8c 4d Jh,Qc 8s,0,0,6,0,-20,20
2596,865,1,SB,0,0,False,,5s Kd,-10,10,2,0,-10,10
2597,865,2,BB,0,1,False,8c 4d Jh,3c Jc,20,-20,6,0,-20,20
2598,866,0,BTN,0,3,True,8h Kc 8c 4d Ac,4s 9h,0,0,9,0,20,-20
2599,866,1,SB,0,2,False,8h Kc 8c 4d,Tc Js,60,-60,7,0,60,-60
2600,866,2,BB,0,3,True,8h Kc 8c 4d Ac,7c Ts,-20,20,9,0,20,-20
2601,867,0,BTN,0,0,False,,9s 2s,0,0,4,0,-20,20
2602,867,1,SB,0,0,False,,Th 9c,-60,60,4,0,-60,60
2603,867,2,BB,0,3,True,2d Ac 4c Kc 3c,Tc Ts,2000,-2000,13,0,-2000,2000
2604,868,0,BTN,0,1,False,As Ac 5d,9h 6c,0,0,6,0,-20,20
2605,868,1,SB,0,0,False,,6d 3d,-10,10,2,0,-10,10
2606,868,2,BB,0,1,False,As Ac 5d,6h 5c,20,-20,6,0,-20,20
2607,869,0,BTN,0,3,False,Js Ac Jh Qc 8d,3s 3h,-50,50,13,-50,-275,325
2608,869,1,SB,0,2,False,Js Ac Jh Qc,Kc 3c,-100,100,8,0,-100,100
2609,869,2,BB,0,3,True,Js Ac Jh Qc 8d,Td Qs,432,-432,12,0,-432,432
2610,870,0,BTN,0,3,True,As 4d Js 3d 2d,8s Th,-132,132,10,-132,-10,142
2611,870,1,SB,0,0,False,,Td 3c,-10,10,2,0,-10,10
2612,870,2,BB,0,3,True,As 4d Js 3d 2d,9c Kh,-20,20,9,0,20,-20
2613,871,0,BTN,0,2,False,5c 9d 4c Qd,7s 6s,-215,215,7,-215,-10,225
2614,871,1,SB,0,0,False,,4h 2h,-10,10,2,0,-10,10
2615,871,2,BB,0,3,True,5c 9d 4c Qd 4s,8h 9h,-184,184,10,0,184,-184
2616,872,0,BTN,0,3,False,Th 4s 9s Kh 5h,9c Kd,142,-142,11,142,-10,-132
2617,872,1,SB,0,1,False,Th 4s 9s,Qh 8c,-10,10,6,30,-10,-20
2618,872,2,BB,0,2,False,Th 4s 9s Kh,Qs 7c,-40,40,13,80,-40,-40
2619,873,0,BTN,0,3,True,Th 7d 2d 3d Jc,Qs 3h,0,0,9,0,20,-20
2620,873,1,SB,0,0,False,,4s Kd,-10,10,2,0,-10,10
2621,873,2,BB,0,3,True,Th 7d 2d 3d Jc,5s 6d,-20,20,9,0,20,-20
2622,874,0,BTN,0,3,True,Kd 7h Js Jh Td,8c 5s,0,0,9,0,80,-80
2623,874,1,SB,0,3,True,Kd 7h Js Jh Td,9d 8d,232,-232,9,0,232,-232
2624,874,2,BB,0,3,True,Kd 7h Js Jh Td,Tc 5d,-80,80,9,0,80,-80
2625,875,0,BTN,0,3,True,6d 5d 7d 3s 5c,7h 9h,100,-100,12,100,-50,-50
2626,875,1,SB,0,3,True,6d 5d 7d 3s 5c,9s Kc,-88,88,13,176,-88,-88
2627,875,2,BB,0,3,True,6d 5d 7d 3s 5c,As Kh,-20,20,12,40,-20,-20
2628,876,0,BTN,0,3,True,9c 9h 8s Qd 5h,8d 7c,0,0,9,0,20,-20
2629,876,1,SB,0,0,False,,7s Jh,-10,10,2,0,-10,10
2630,876,2,BB,0,3,True,9c 9h 8s Qd 5h,6h 4s,-20,20,9,0,20,-20
2631,877,0,BTN,0,2,False,Kc Td Ad 4c,8d Jh,0,0,7,0,480,-480
2632,877,1,SB,0,3,True,Kc Td Ad 4c 4s,Qh Qd,60,-60,9,0,60,-60
2633,877,2,BB,0,0,False,,Js 6h,-20,20,3,0,20,-20
2634,878,0,BTN,0,2,False,6d 4d 3d 3c,Qh 6s,0,0,9,0,-120,120
2635,878,1,SB,0,0,False,,Kc 2c,-60,60,4,0,-60,60
2636,878,2,BB,0,3,True,6d 4d 3d 3c Ac,Ts Th,46,-46,10,0,-46,46
2637,879,0,BTN,0,3,True,2h Kc Js 5s 5d,2s 3h,0,0,11,0,-320,320
2638,879,1,SB,0,2,False,2h Kc Js 5s,Ac 6d,-60,60,8,0,-60,60
2639,879,2,BB,0,3,True,2h Kc Js 5s 5d,5h 7d,80,-80,10,0,-80,80
2640,880,0,BTN,0,2,False,9s 5h 6h 3h,Jc 4s,0,0,8,0,-20,20
2641,880,1,SB,0,0,False,,2h 8c,-10,10,2,0,-10,10
2642,880,2,BB,0,3,True,9s 5h 6h 3h 9c,6s 4c,20,-20,9,0,-20,20
2643,881,0,BTN,0,1,False,Ah 2d Qd,6d Jd,60,-60,6,60,-10,-50
2644,881,1,SB,0,0,False,,4h Jc,-10,10,2,0,-10,10
2645,881,2,BB,0,3,True,Ah 2d Qd 5s 6h,5c Ts,20,-20,9,0,-20,20
2646,882,0,BTN,0,1,False,7h 9c 5d,6d 4s,0,0,5,0,20,-20
2647,882,1,SB,0,3,False,7h 9c 5d 7s 8c,Qh 6h,60,-60,9,0,60,-60
2648,882,2,BB,0,1,False,7h 9c 5d,Th 2d,-20,20,5,0,20,-20
2649,883,0,BTN,0,1,False,Jc 8h 6h,3d 3s,-50,50,5,-50,-10,60
2650,883,1,SB,0,0,False,,Qc 4h,-10,10,2,0,-10,10
2651,883,2,BB,0,1,False,Jc 8h 6h,5h Jd,20,-20,6,0,-20,20
2652,884,0,BTN,0,2,False,6h As 5c 5d,Jd 9s,60,-60,8,60,-10,-50
2653,884,1,SB,0,3,False,6h As 5c 5d 8h,7d 2s,-10,10,9,-20,-10,30
2654,884,2,BB,0,3,True,6h As 5c 5d 8h,8s 9c,30,-30,9,-20,-10,30
2655,885,0,BTN,0,3,True,3s Js 9s 8c 3c,2h 2s,-1807.142857142857,1807.1428571428573,9,-1807.142857142857,1857.1428571428573,-50.0
2656,885,1,SB,0,0,False,,6s Jh,-10,10,2,0,-10,10
2657,885,2,BB,0,2,False,3s Js 9s 8c,7d 3h,-80,80,7,0,80,-80
2658,886,0,BTN,0,0,False,,9h 6s,0,0,4,0,-20,20
2659,886,1,SB,0,0,False,,Ts 7d,-10,10,2,0,-10,10
2660,886,2,BB,0,3,True,Jh 8s Jc Qs Ac,4h 4d,80,-80,10,0,-80,80
2661,887,0,BTN,0,3,True,As Tc 3s 7c 5h,5d Js,0,0,9,0,-20,20
2662,887,1,SB,0,0,False,,4h Qs,-10,10,2,0,-10,10
2663,887,2,BB,0,3,True,As Tc 3s 7c 5h,8h Qh,20,-20,9,0,-20,20
2664,888,0,BTN,0,0,False,,As 3d,0,0,3,0,20,-20
2665,888,1,SB,0,3,True,4s 6h Th 6c 3s,Kd Kc,2000,-2000,12,0,2000,-2000
2666,888,2,BB,0,3,True,4s 6h Th 6c 3s,Ts 9c,-1809.5238095238096,1809.5238095238096,8,0.0,1809.5238095238096,-1809.5238095238096
2667,889,0,BTN,0,3,True,5d 4s Ah Kc 3c,Qc 8d,0,0,9,0,1280,-1280
2668,889,1,SB,0,0,False,,4c 5h,-10,10,2,0,-10,10
2669,889,2,BB,0,2,False,5d 4s Ah Kc,4d Jd,-80,80,7,0,80,-80
2670,890,0,BTN,0,1,False,7c 6s 5s,5c Jh,0,0,6,0,-20,20
2671,890,1,SB,0,0,False,,5d 2s,-10,10,2,0,-10,10
2672,890,2,BB,0,1,False,7c 6s 5s,9s 8h,20,-20,6,0,-20,20
2673,891,0,BTN,0,2,False,Jh Ah Kd 8d,2h Ad,0,0,7,0,80,-80
2674,891,1,SB,0,3,True,Jh Ah Kd 8d 2c,Qd Th,139,-139,9,0,139,-139
2675,891,2,BB,0,1,False,Jh Ah Kd,Tc 2s,-20,20,5,0,20,-20
2676,892,0,BTN,0,1,False,Jc 7s 7h,4h 4c,70,-70,6,70,-50,-20
2677,892,1,SB,0,0,False,,Ks 8h,20,-20,3,0,20,-20
2678,892,2,BB,0,3,True,Jc 7s 7h 5d 3s,5s Ts,20,-20,9,0,-20,20
2679,893,0,BTN,0,0,False,,5s 2d,0,0,3,0,20,-20
2680,893,1,SB,0,1,False,9h 6d Qc,Ah Ac,60,-60,5,0,60,-60
2681,893,2,BB,0,0,False,,Ts 5d,-20,20,3,0,20,-20
2682,894,0,BTN,0,1,False,Td Qs Ts,6s Ac,-50,50,5,-50,-10,60
2683,894,1,SB,0,0,False,,9h 3d,-10,10,2,0,-10,10
2684,894,2,BB,0,3,True,Td Qs Ts 6h 9c,3h Ad,-80,80,9,0,80,-80
2685,895,0,BTN,0,2,False,6s Kd Kh 8d,As Jc,-275,275,8,-275,325,-50
2686,895,1,SB,0,2,False,6s Kd Kh 8d,6c 6h,-235,235,9,255,-235,-20
2687,895,2,BB,0,3,True,6s Kd Kh 8d Jh,3h 5c,-20,20,11,-1694,1714,-20
2688,896,0,BTN,0,3,True,Js Qh 5c 7d 3h,Tc 2h,0,0,9,0,-20,20
2689,896,1,SB,0,0,False,,8s 2c,-10,10,2,0,-10,10
2690,896,2,BB,0,3,True,Js Qh 5c 7d 3h,3d Ac,20,-20,9,0,-20,20
2691,897,0,BTN,0,3,True,Tc 2h 9d 2s Ac,7s 4d,0,0,9,0,20,-20
2692,897,1,SB,0,0,False,,Qc 3d,-10,10,2,0,-10,10
2693,897,2,BB,0,3,True,Tc 2h 9d 2s Ac,4h 8c,-20,20,9,0,20,-20
2694,898,0,BTN,0,3,True,Qs 7s 3d 5d 2d,5h As,-50,50,12,-50,-50,100
2695,898,1,SB,0,2,False,Qs 7s 3d 5d,Ad Tc,-100,100,8,0,-100,100
2696,898,2,BB,0,3,True,Qs 7s 3d 5d 2d,8c 7h,20,-20,9,0,-20,20
2697,899,0,BTN,0,1,False,5d 9h Jh,Ah 5s,60,-60,6,60,-10,-50
2698,899,1,SB,0,0,False,,7d 5h,-10,10,2,0,-10,10
2699,899,2,BB,0,1,False,5d 9h Jh,6h 3c,-20,20,5,0,20,-20
2700,900,0,BTN,0,1,False,As Qh 6s,2c 7d,0,0,7,0,-120,120
2701,900,1,SB,0,0,False,,4h 3c,-10,10,2,0,-10,10
2702,900,2,BB,0,3,True,As Qh 6s 4s 5d,Kh Td,-20,20,9,0,20,-20
2703,901,0,BTN,0,2,False,7s 4c 9s 6h,Ks 6d,0,0,7,0,80,-80
2704,901,1,SB,0,2,False,7s 4c 9s 6h,7d 2h,-10,10,8,30,-10,-20
2705,901,2,BB,0,2,False,7s 4c 9s 6h,Jc Th,-20,20,8,30,-10,-20
2706,902,0,BTN,0,3,True,6c 8d Kc 2c 7d,As Qd,96,-96,10,96,-10,-86
2707,902,1,SB,0,0,False,,9s 2d,-10,10,2,0,-10,10
2708,902,2,BB,0,3,True,6c 8d Kc 2c 7d,3s Jd,-20,20,9,0,20,-20
2709,903,0,BTN,0,3,True,7c 7h 5s 4c 7s,9s 3s,0,0,10,0,1800,-1800
2710,903,1,SB,0,3,True,7c 7h 5s 4c 7s,Qd Ah,60,-60,9,0,60,-60
2711,903,2,BB,0,3,False,7c 7h 5s 4c 7s,Qs Ts,-240,240,10,0,240,-240
2712,904,0,BTN,0,1,False,6h 8c Jc,Qc 6d,0,0,5,0,20,-20
2713,904,1,SB,0,0,False,,9h 6s,-10,10,2,0,-10,10
2714,904,2,BB,0,1,False,6h 8c Jc,5h Ts,-20,20,5,0,20,-20
2715,905,0,BTN,0,1,False,8s Kd 2h,4h 4c,-50,50,7,-50,-50,100
2716,905,1,SB,0,1,False,8s Kd 2h,6c 5c,-100,100,6,0,-100,100
2717,905,2,BB,0,1,False,8s Kd 2h,Kh 9h,20,-20,6,0,-20,20
2718,906,0,BTN,0,1,False,5d Js 3h,5c 7h,0,0,6,0,-20,20
2719,906,1,SB,0,0,False,,4c 9c,-10,10,2,0,-10,10
2720,906,2,BB,0,3,True,5d Js 3h Kc 3d,5h 9d,20,-20,9,0,-20,20
2721,907,0,BTN,0,3,False,Tc Jc 5s 6c 8s,3d 9s,0,0,9,0,20,-20
2722,907,1,SB,0,1,False,Tc Jc 5s,Ks 8h,60,-60,5,0,60,-60
2723,907,2,BB,0,3,False,Tc Jc 5s 6c 8s,3s 7h,-20,20,9,0,20,-20
2724,908,0,BTN,0,3,False,Kh 8h 4c Jh 6d,Ks Kd,96,-96,11,96,-10,-86
2725,908,1,SB,0,0,False,,Td 7d,-10,10,3,30,-10,-20
2726,908,2,BB,0,0,False,,Ts 2h,-20,20,3,30,-10,-20
2727,909,0,BTN,0,3,True,Jd 8d Qc Js 8s,Qd Kd,2050,-2050,14,2050,-50,-2000
2728,909,1,SB,0,3,True,Jd 8d Qc Js 8s,As 6c,-88,88,13,1628,-88,-1540
2729,909,2,BB,0,3,True,Jd 8d Qc Js 8s,Ac Td,-1370,1370,14,1390,-20,-1370
2730,910,0,BTN,0,2,False,Kc Ts Qd Jd,7h 6h,-50,50,9,-50,100,-50
2731,910,1,SB,0,3,True,Kc Ts Qd Jd Jh,Ah 7d,2000,-2000,11,0,2000,-2000
2732,910,2,BB,0,3,True,Kc Ts Qd Jd Jh,Jc 6s,-320,320,9,0,320,-320
2733,911,0,BTN,0,3,True,4d 5h 4c 2h Jc,Jh Qh,2010,-2010,10,2010,-10,-2000
2734,911,1,SB,0,0,False,,5c Th,-10,10,2,0,-10,10
2735,911,2,BB,0,3,True,4d 5h 4c 2h Jc,5d Kc,1700,-1700,10,0,-1700,1700
2736,912,0,BTN,0,0,False,,Qh 6s,0,0,4,0,-20,20
2737,912,1,SB,0,0,False,,2d Ts,-10,10,2,0,-10,10
2738,912,2,BB,0,1,False,8s 7c 7s,9d 9h,20,-20,6,0,-20,20
2739,913,0,BTN,0,3,True,3c 7d 5c 2d Kd,4h 7c,0,0,9,0,20,-20
2740,913,1,SB,0,0,False,,Td 2c,-10,10,2,0,-10,10
2741,913,2,BB,0,3,True,3c 7d 5c 2d Kd,2s 9h,-20,20,9,0,20,-20
2742,914,0,BTN,0,1,False,Ts 6d Tc,3c Qc,-50,50,5,-50,-10,60
2743,914,1,SB,0,1,False,Ts 6d Tc,4d Kd,-60,60,6,0,-60,60
2744,914,2,BB,0,3,True,Ts 6d Tc 5c 4c,6h 9s,107,-107,11,0,-107,107
2745,915,0,BTN,0,2,False,6s 9s 3c 4h,Ad Jd,-275,275,8,-275,325,-50
2746,915,1,SB,0,3,True,6s 9s 3c 4h Jh,Th Td,-1308,1308,10,1328,-1308,-20
2747,915,2,BB,0,3,True,6s 9s 3c 4h Jh,7h 6d,-1910,1910,10,-20,1930,-1910
2748,916,0,BTN,0,2,False,5d 3s Kc 8h,Qc Th,-275,275,8,-275,325,-50
2749,916,1,SB,0,2,False,5d 3s Kc 8h,Jc Ks,60,-60,7,0,60,-60
2750,916,2,BB,0,1,False,5d 3s Kc,Jd 2s,-20,20,5,0,20,-20
2751,917,0,BTN,0,2,False,Ks Ad 2c Qh,5s 3h,0,0,8,0,-20,20
2752,917,1,SB,0,0,False,,Tc 4s,-10,10,2,0,-10,10
2753,917,2,BB,0,3,False,Ks Ad 2c Qh 9s,Jc Th,46,-46,11,0,-46,46
2754,918,0,BTN,0,3,True,Tc Ac 9c Qc 9h,8s Ah,-950,950,9,-950,970,-20
2755,918,1,SB,0,3,True,Tc Ac 9c Qc 9h,Qs 9s,2000,-2000,11,0,2000,-2000
2756,918,2,BB,0,1,False,Tc Ac 9c,2c 4d,-20,20,5,0,20,-20
2757,919,0,BTN,0,1,False,5s Qc Qd,Td 9d,60,-60,6,60,-10,-50
2758,919,1,SB,0,0,False,,7c 2c,-10,10,2,0,-10,10
2759,919,2,BB,0,3,True,5s Qc Qd 3h Ts,3c 9h,20,-20,9,0,-20,20
2760,920,0,BTN,0,1,False,7d Jh 7h,Js 4c,0,0,6,0,-20,20
2761,920,1,SB,0,0,False,,8d 9s,-10,10,2,0,-10,10
2762,920,2,BB,0,3,True,7d Jh 7h Tc 3c,6h Ad,-320,320,9,0,320,-320
2763,921,0,BTN,0,1,False,8h Qh 3d,6d Ah,-50,50,5,-50,-10,60
2764,921,1,SB,0,3,True,8h Qh 3d 5c Jh,Qd 9h,2000,-2000,10,0,2000,-2000
2765,921,2,BB,0,2,False,8h Qh 3d 5c,7d 8d,-80,80,7,0,80,-80
2766,922,0,BTN,0,3,True,3s 7c Jd 2s 7d,4s Ts,0,0,9,0,-20,20
2767,922,1,SB,0,0,False,,9h 5c,-10,10,2,0,-10,10
2768,922,2,BB,0,3,True,3s 7c Jd 2s 7d,Kd 5h,20,-20,9,0,-20,20
2769,923,0,BTN,0,1,False,2s As Kc,Jd 7d,-50,50,6,-50,100,-50
2770,923,1,SB,0,3,False,2s As Kc 4h Ks,Kd 5d,1043,-1043,12,-781,1043,-262
2771,923,2,BB,0,1,False,2s As Kc,Jc Tc,-20,20,6,-20,40,-20
2772,924,0,BTN,0,3,True,Qd Jc 6s 5s Ac,6d 4d,0,0,11,0,1604,-1604
2773,924,1,SB,0,0,False,,7h Qs,-10,10,2,0,-10,10
2774,924,2,BB,0,3,True,Qd Jc 6s 5s Ac,2d Qh,-980.0,980.0,8,0.0,980.0,-980.0
2775,925,0,BTN,0,3,True,Th Ad 8h Ks 3h,6s Ac,133,-133,10,133,-10,-123
2776,925,1,SB,0,0,False,,4h 5c,-10,10,2,0,-10,10
2777,925,2,BB,0,3,True,Th Ad 8h Ks 3h,3d 2s,20,-20,9,0,-20,20
2778,926,0,BTN,0,3,True,6h 7c Ad Tc 4c,3c Jd,0,0,9,0,-20,20
2779,926,1,SB,0,0,False,,2s 5h,-10,10,2,0,-10,10
2780,926,2,BB,0,3,True,6h 7c Ad Tc 4c,Qd 9d,20,-20,9,0,-20,20
2781,927,0,BTN,0,1,False,Kh Jc Ks,5d 9h,0,0,5,0,20,-20
2782,927,1,SB,0,3,False,Kh Jc Ks 6s Ac,8d Kc,60,-60,9,0,60,-60
2783,927,2,BB,0,1,False,Kh Jc Ks,4c 7c,-20,20,5,0,20,-20
2784,928,0,BTN,0,3,True,Kh 4d 7d 3d 7s,Ah 8d,-1755,1755,9,-1755,-10,1765
2785,928,1,SB,0,2,False,Kh 4d 7d 3d,6c 4c,-250,250,8,0,-250,250
2786,928,2,BB,0,3,True,Kh 4d 7d 3d 7s,7c 3h,2000,-2000,11,0,-2000,2000
2787,929,0,BTN,0,3,False,Qs 4h Td Kh Jc,Qd Ad,593,-593,16,593,-149,-444
2788,929,1,SB,0,3,True,Qs 4h Td Kh Jc,3s 3d,-88,88,13,1628,-88,-1540
2789,929,2,BB,0,2,False,Qs 4h Td Kh,7h 7s,-110,110,11,130,-20,-110
2790,930,0,BTN,0,1,False,Qs Kd 7d,6d 4s,0,0,6,0,-20,20
2791,930,1,SB,0,0,False,,4c 9c,-10,10,2,0,-10,10
2792,930,2,BB,0,3,True,Qs Kd 7d 6c 3h,9s 7s,20,-20,9,0,-20,20
2793,931,0,BTN,0,3,True,Qh Td 2h Qs Ac,4d 4h,100,-100,12,100,-50,-50
2794,931,1,SB,0,0,False,,9d 7s,-10,10,2,0,-10,10
2795,931,2,BB,0,3,True,Qh Td 2h Qs Ac,8c 3d,-20,20,9,0,20,-20
2796,932,0,BTN,0,3,True,4h Th Jh 3d 3h,6h 2s,0,0,10,0,1520,-1520
2797,932,1,SB,0,3,True,4h Th Jh 3d 3h,5h Kh,557,-557,10,0,557,-557
2798,932,2,BB,0,3,True,4h Th Jh 3d 3h,Jc 2d,-1280,1280,9,0,1280,-1280
2799,933,0,BTN,0,3,True,4c Ad 3s 4d As,Ac 4s,2010,-2010,12,2010,-10,-2000
2800,933,1,SB,0,0,False,,3h 8d,-10,10,2,0,-10,10
2801,933,2,BB,0,3,False,4c Ad 3s 4d As,Ks Jh,20,-20,10,0,-20,20
2802,934,0,BTN,0,3,True,3c Ts Kd 6s Tc,8c Qc,-50,50,12,-50,25,25
2803,934,1,SB,0,1,False,3c Ts Kd,6h 5h,60,-60,5,0,60,-60
2804,934,2,BB,0,3,True,3c Ts Kd 6s Tc,6d 7c,0,0,9,0,0,0
2805,935,0,BTN,0,3,True,Tc Qh 6c 7s Ac,3s Jh,0,0,10,0,-1520,1520
2806,935,1,SB,0,2,False,Tc Qh 6c 7s,6h Kh,-100,100,8,0,-100,100
2807,935,2,BB,0,3,True,Tc Qh 6c 7s Ac,Td 3c,320,-320,9,0,-320,320
2808,936,0,BTN,0,3,True,Th 7c As Kh Qh,Js Ah,2010,-2010,12,2010,-10,-2000
2809,936,1,SB,0,3,True,Th 7c As Kh Qh,9c Qd,-88,88,13,1918,-88,-1830
2810,936,2,BB,0,2,False,Th 7c As Kh,6c Ac,-260,260,11,280,-20,-260
2811,937,0,BTN,0,3,True,5c As 3s 6h 2c,6c 8h,0,0,11,0,-1604,1604
2812,937,1,SB,0,3,True,5c As 3s 6h 2c,Ac Jh,-2000,2000,11,0,-2000,2000
2813,937,2,BB,0,3,True,5c As 3s 6h 2c,Ah 5h,1300.0,-1300.0,8,0.0,-1300.0,1300.0
2814,938,0,BTN,0,3,True,9h Td 2c 4s Tc,Ad Qd,390,-390,10,390,-10,-380
2815,938,1,SB,0,3,True,9h Td 2c 4s Tc,Ts 2s,-10,10,9,105,-10,-95
2816,938,2,BB,0,3,True,9h Td 2c 4s Tc,Js 8s,-575,575,11,585,-10,-575
2817,939,0,BTN,0,3,True,5h 2c Qh 4d 7s,9c 2s,0,0,10,0,320,-320
2818,939,1,SB,0,0,False,,3s 5s,-10,10,2,0,-10,10
2819,939,2,BB,0,3,True,5h 2c Qh 4d 7s,Jh Th,-80,80,9,0,80,-80
2820,940,0,BTN,0,3,True,5s Kd 7s 6s Qs,7d 4s,0,0,9,0,40,-40
2821,940,1,SB,0,3,True,5s Kd 7s 6s Qs,Ah 6c,60,-60,9,0,60,-60
2822,940,2,BB,0,3,True,5s Kd 7s 6s Qs,4h Ac,-20,20,9,0,20,-20
2823,941,0,BTN,0,2,False,Kd 2d 3d 6d,3h 2h,0,0,8,0,-20,20
2824,941,1,SB,0,2,False,Kd 2d 3d 6d,Ts Jh,-60,60,8,0,-60,60
2825,941,2,BB,0,3,True,Kd 2d 3d 6d 7d,6h 4d,20,-20,9,0,-20,20
2826,942,0,BTN,0,3,True,Ts 3c Kh Kd Qd,5s 9h,0,0,11,0,-1704,1704
2827,942,1,SB,0,2,False,Ts 3c Kh Kd,Td Js,-240,240,9,0,-240,240
2828,942,2,BB,0,3,True,Ts 3c Kh Kd Qd,7c Kc,2000,-2000,12,0,-2000,2000
2829,943,0,BTN,0,2,False,2d 5c Jc 7d,Th Qh,96,-96,9,96,-10,-86
2830,943,1,SB,0,0,False,,6h 2s,-10,10,2,0,-10,10
2831,943,2,BB,0,3,True,2d 5c Jc 7d Kh,Kc 6s,186,-186,11,0,-186,186
2832,944,0,BTN,0,3,True,Ks 4d 3s 7s Qh,3d Qs,0,0,9,0,20,-20
2833,944,1,SB,0,3,True,Ks 4d 3s 7s Qh,5c Ad,60,-60,9,0,60,-60
2834,944,2,BB,0,3,True,Ks 4d 3s 7s Qh,2d Jd,-186,186,11,0,186,-186
2835,945,0,BTN,0,1,False,7h Ts 6h,Kh Js,-380,380,7,-380,-10,390
2836,945,1,SB,0,3,False,7h Ts 6h Ah 2c,2d 2h,157,-157,11,-137,157,-20
2837,945,2,BB,0,3,False,7h Ts 6h Ah 2c,Td 6c,239,-239,13,-179,-60,239
2838,946,0,BTN,0,3,True,Kc Jh Kd Tc Th,8h 3d,0,0,10,0,1920,-1920
2839,946,1,SB,0,3,True,Kc Jh Kd Tc Th,Kh Qd,232,-232,9,0,232,-232
2840,946,2,BB,0,3,True,Kc Jh Kd Tc Th,Qh 6s,-1280,1280,9,0,1280,-1280
2841,947,0,BTN,0,1,False,As Qs Ah,8h 7h,60,-60,6,60,-10,-50
2842,947,1,SB,0,3,True,As Qs Ah 4s Ts,Ks 3c,-10,10,9,-20,-10,30
2843,947,2,BB,0,3,False,As Qs Ah 4s Ts,5h 4d,-20,20,12,-20,40,-20
2844,948,0,BTN,0,3,True,8d 2d 3d 8s 6h,Ad 6s,-2000,2000,10,-2000,-10,2010
2845,948,1,SB,0,0,False,,4s Qd,-10,10,2,0,-10,10
2846,948,2,BB,0,3,False,8d 2d 3d 8s 6h,8c 2c,107,-107,12,0,-107,107
2847,949,0,BTN,0,2,False,3s 4h 2h 8h,5d Jd,-215,215,7,-215,-10,225
2848,949,1,SB,0,0,False,,2d Ac,-10,10,2,0,-10,10
2849,949,2,BB,0,3,True,3s 4h 2h 8h 7c,6h 4d,80,-80,9,0,-80,80
2850,950,0,BTN,0,3,True,Qd Jh 5d Tc 9s,8d 7h,0,0,10,0,1704,-1704
2851,950,1,SB,0,3,True,Qd Jh 5d Tc 9s,Ad Ah,857.1428571428573,-857.1428571428571,10,0.0,857.1428571428573,-857.1428571428571
2852,950,2,BB,0,3,True,Qd Jh 5d Tc 9s,Jd 6d,-857.1428571428571,857.1428571428573,10,0.0,857.1428571428573,-857.1428571428571
2853,951,0,BTN,0,2,False,3h 9h 9d Kh,7c Js,0,0,7,0,20,-20
2854,951,1,SB,0,2,False,3h 9h 9d Kh,5c Kc,176,-176,10,-88,176,-88
2855,951,2,BB,0,2,False,3h 9h 9d Kh,6s Jc,-20,20,9,-20,40,-20
2856,952,0,BTN,0,1,False,2d 4s 2s,7d 4d,0,0,6,0,-20,20
2857,952,1,SB,0,0,False,,8d 3d,-10,10,2,0,-10,10
2858,952,2,BB,0,1,False,2d 4s 2s,7h Ad,20,-20,6,0,-20,20
2859,953,0,BTN,0,3,True,Ah 5s Ts 9d 2s,9s Ac,2275,-2275,14,2275,-275,-2000
2860,953,1,SB,0,3,True,Ah 5s Ts 9d 2s,3s Ks,2020,-2020,12,-2000,2020,-20
2861,953,2,BB,0,3,True,Ah 5s Ts 9d 2s,5d Qh,-20,20,12,-1910,1930,-20
2862,954,0,BTN,0,3,False,Kh Kd 6d Js As,6h Jh,199,-199,14,199,-50,-149
2863,954,1,SB,0,3,True,Kh Kd 6d Js As,7s 9s,0,0,9,0,0,0
2864,954,2,BB,0,3,True,Kh Kd 6d Js As,5d 9d,0,0,9,0,0,0
2865,955,0,BTN,0,0,False,,Ks 8s,-50,50,4,-50,-10,60
2866,955,1,SB,0,3,True,Kd 3c 2d Js 7h,2c Kc,2080.0,-2080.0,10,-560.0,2080.0,-1520.0
2867,955,2,BB,0,3,True,Kd 3c 2d Js 7h,Qs Qh,-1714.2857142857142,1714.2857142857144,13,-928.5714285714287,2642.857142857143,-1714.2857142857142
2868,956,0,BTN,0,3,True,6h 5h As 7s 8c,4s Ad,5,-5,12,5,-10,5
2869,956,1,SB,0,0,False,,2s 4c,-10,10,2,0,-10,10
2870,956,2,BB,0,3,True,6h 5h As 7s 8c,Qc 4h,0,0,12,0,0,0
2871,957,0,BTN,0,3,True,Kh 9s 5d Qc 2s,3h Qs,0,0,11,0,-1604,1604
2872,957,1,SB,0,0,False,,7s Kd,-10,10,2,0,-10,10
2873,957,2,BB,0,3,True,Kh 9s 5d Qc 2s,9c Qd,2000,-2000,10,0,-2000,2000
2874,958,0,BTN,0,3,True,8s Jc 5d 2h Js,9h 3d,0,0,10,0,1520,-1520
2875,958,1,SB,0,0,False,,9c 5h,-10,10,2,0,-10,10
2876,958,2,BB,0,2,False,8s Jc 5d 2h,5c 6h,-560,560,9,0,560,-560
2877,959,0,BTN,0,3,True,6c As 5c 6d 9c,4d 2h,0,0,9,0,-20,20
2878,959,1,SB,0,0,False,,Ts 8d,-10,10,2,0,-10,10
2879,959,2,BB,0,3,True,6c As 5c 6d 9c,Ks 2c,20,-20,9,0,-20,20
2880,960,0,BTN,0,3,True,Ad 5h 8c 4c 3s,5d 6h,0,0,11,0,-1704,1704
2881,960,1,SB,0,0,False,,5c Ks,-10,10,2,0,-10,10
2882,960,2,BB,0,3,True,Ad 5h 8c 4c 3s,Ah Td,2000,-2000,12,0,-2000,2000
2883,961,0,BTN,0,1,False,Kc 2s Td,2d 5s,0,0,5,0,20,-20
2884,961,1,SB,0,0,False,,Kh 7d,-10,10,2,0,-10,10
2885,961,2,BB,0,3,True,Kc 2s Td Jh 9s,4s Js,-1280,1280,9,0,1280,-1280
2886,962,0,BTN,0,2,False,4h 4s 9c Kh,Ks 5d,0,0,10,0,-480,480
2887,962,1,SB,0,0,False,,Js 6h,-10,10,2,0,-10,10
2888,962,2,BB,0,3,True,4h 4s 9c Kh Qc,Ah 9h,80,-80,10,0,-80,80
2889,963,0,BTN,0,1,False,3d 8c Qs,6d 8s,0,0,5,0,20,-20
2890,963,1,SB,0,3,False,3d 8c Qs 9c 9s,8h Qh,60,-60,9,0,60,-60
2891,963,2,BB,0,1,False,3d 8c Qs,7d 4h,-20,20,5,0,20,-20
2892,964,0,BTN,0,2,False,5s 5d 6h 8h,Qd 9s,-275,275,8,-275,325,-50
2893,964,1,SB,0,0,False,,Jd 5c,-10,10,2,0,-10,10
2894,964,2,BB,0,1,False,5s 5d 6h,Kh 2d,-20,20,5,0,20,-20
2895,965,0,BTN,0,3,True,9h 2s Qd As 9c,8h 4s,0,0,9,0,-20,20
2896,965,1,SB,0,0,False,,Tc 3c,-10,10,2,0,-10,10
2897,965,2,BB,0,1,False,9h 2s Qd,Jd Td,20,-20,6,0,-20,20
2898,966,0,BTN,0,3,False,3d 2h 8h 9s 3c,7h 4s,0,0,9,0,20,-20
2899,966,1,SB,0,0,False,,2d Ks,-10,10,2,0,-10,10
2900,966,2,BB,0,3,False,3d 2h 8h 9s 3c,Qs Th,-150,150,11,0,150,-150
2901,967,0,BTN,0,3,False,3d 7s 2s 9d Jh,Jc Kh,100,-100,14,100,-50,-50
2902,967,1,SB,0,3,False,3d 7s 2s 9d Jh,6s 5c,-10,10,10,30,-10,-20
2903,967,2,BB,0,3,False,3d 7s 2s 9d Jh,4c 6h,-20,20,14,40,-20,-20
2904,968,0,BTN,0,3,True,4c 9d Td Js 5c,Th 2h,0,0,9,0,20,-20
2905,968,1,SB,0,2,False,4c 9d Td Js,Kd 8c,100,-100,7,0,100,-100
2906,968,2,BB,0,3,True,4c 9d Td Js 5c,6c 7s,-20,20,9,0,20,-20
2907,969,0,BTN,0,3,True,7c 2s 9c Jd 9d,Ts Th,-1425.7142857142858,1425.7142857142858,9,-1425.7142857142858,1445.7142857142858,-20.0
2908,969,1,SB,0,3,True,7c 2s 9c Jd 9d,Ac Ah,4000,-4000,14,-2000,4000,-2000
2909,969,2,BB,0,3,True,7c 2s 9c Jd 9d,Jc Qc,-240,240,13,-1440,1680,-240
2910,970,0,BTN,0,1,False,Ks 4c Th,3d 4d,0,0,5,0,20,-20
2911,970,1,SB,0,3,True,Ks 4c Th 9c Qs,9h Ts,1392,-1392,10,0,1392,-1392
2912,970,2,BB,0,1,False,Ks 4c Th,9d 5s,-20,20,5,0,20,-20
2913,971,0,BTN,0,3,True,3h Qs 4s 8d As,2c 5c,0,0,9,0,20,-20
2914,971,1,SB,0,2,False,3h Qs 4s 8d,9c Tc,60,-60,7,0,60,-60
2915,971,2,BB,0,3,True,3h Qs 4s 8d As,Td 2s,-20,20,9,0,20,-20
2916,972,0,BTN,0,0,False,,3s 9d,0,0,4,0,-20,20
2917,972,1,SB,0,0,False,,3h 5c,-10,10,2,0,-10,10
2918,972,2,BB,0,3,True,Kh 3c 2d 7c Js,Kc Qh,600,-600,11,0,-600,600
2919,973,0,BTN,0,1,False,2h Kd Qs,9h Ah,-50,50,6,-50,100,-50
2920,973,1,SB,0,3,True,2h Kd Qs 3h 2c,Ks Qd,1328,-1328,10,-1308,1328,-20
2921,973,2,BB,0,3,True,2h Kd Qs 3h 2c,8d Tc,-20,20,10,-1910,1930,-20
2922,974,0,BTN,0,3,True,Kh Jd Kd 4c Jh,Ac Qc,-1755,1755,9,-1755,-10,1765
2923,974,1,SB,0,3,True,Kh Jd Kd 4c Jh,8c 5c,-88,88,12,-1540,-88,1628
2924,974,2,BB,0,3,True,Kh Jd Kd 4c Jh,Jc Qd,2020,-2020,13,-2000,-20,2020
2925,975,0,BTN,0,3,True,2d Jh Js 3c 7d,9h 4d,0,0,10,0,120,-120
2926,975,1,SB,0,0,False,,Qh 5c,-10,10,2,0,-10,10
2927,975,2,BB,0,3,True,2d Jh Js 3c 7d,Qs 4s,-20,20,9,0,20,-20
2928,976,0,BTN,0,2,False,Qd 5h Js 6d,8d Ad,60,-60,8,60,-10,-50
2929,976,1,SB,0,2,False,Qd 5h Js 6d,9c 3d,-10,10,9,130,-10,-120
2930,976,2,BB,0,3,False,Qd 5h Js 6d Td,4c 3h,-20,20,14,40,-20,-20
2931,977,0,BTN,0,3,True,9c Th Ks Ah Kc,3d 5d,0,0,9,0,1280,-1280
2932,977,1,SB,0,0,False,,Kd 2c,-10,10,2,0,-10,10
2933,977,2,BB,0,3,True,9c Th Ks Ah Kc,9h 5c,-1280,1280,9,0,1280,-1280
2934,978,0,BTN,0,1,False,Qh 8d 7h,Jh Tc,60,-60,6,60,-10,-50
2935,978,1,SB,0,0,False,,Qd Td,20,-20,3,0,20,-20
2936,978,2,BB,0,1,False,Qh 8d 7h,5h 2d,-20,20,5,0,20,-20
2937,979,0,BTN,0,3,False,Tc Js 6h Kd 8d,9d 7s,0,0,9,0,320,-320
2938,979,1,SB,0,0,False,,2c Jc,-10,10,2,0,-10,10
2939,979,2,BB,0,2,False,Tc Js 6h Kd,3s Ac,-80,80,7,0,80,-80
2940,980,0,BTN,0,0,False,,3h 8d,0,0,4,0,-20,20
2941,980,1,SB,0,0,False,,3d Tc,-10,10,2,0,-10,10
2942,980,2,BB,0,3,True,9d 7c Ah 7d 5d,Ks Jd,20,-20,9,0,-20,20
2943,981,0,BTN,0,3,True,5h 8d 8h Ah 8s,8c Js,2010,-2010,13,2010,-10,-2000
2944,981,1,SB,0,0,False,,6d Qc,-10,10,2,0,-10,10
2945,981,2,BB,0,3,True,5h 8d 8h Ah 8s,2h 2c,60,-60,10,0,-60,60
2946,982,0,BTN,0,3,False,7h 9c 8d 3c 5d,9h 8c,898,-898,12,898,-10,-888
2947,982,1,SB,0,0,False,,3d As,-10,10,2,0,-10,10
2948,982,2,BB,0,3,True,7h 9c 8d 3c 5d,Kd Th,-186,186,11,0,186,-186
2949,983,0,BTN,0,3,True,Ad Jd 5s Jh 4s,6h Ts,0,0,9,0,-20,20
2950,983,1,SB,0,0,False,,8s 3h,-10,10,2,0,-10,10
2951,983,2,BB,0,1,False,Ad Jd 5s,8d 9s,20,-20,6,0,-20,20
2952,984,0,BTN,0,1,False,6s 7h 9h,Ah 9c,60,-60,6,60,-10,-50
2953,984,1,SB,0,1,False,6s 7h 9h,Qd 6c,-10,10,7,130,-10,-120
2954,984,2,BB,0,1,False,6s 7h 9h,4h Ks,-20,20,8,40,-20,-20
2955,985,0,BTN,0,2,False,Td 3h Qs Jd,9d 4c,0,0,8,0,-20,20
2956,985,1,SB,0,2,False,Td 3h Qs Jd,Kd 8c,-100,100,8,0,-100,100
2957,985,2,BB,0,3,True,Td 3h Qs Jd 2s,Jc 5c,20,-20,9,0,-20,20
2958,986,0,BTN,0,3,True,5h Ks 6h Th Qh,Qd Ac,-1755,1755,9,-1755,-10,1765
2959,986,1,SB,0,0,False,,4d 3c,-10,10,2,0,-10,10
2960,986,2,BB,0,3,False,5h Ks 6h Th Qh,Ah Qc,20,-20,10,0,-20,20
2961,987,0,BTN,0,1,False,Ah 8s Kh,4d 3h,0,0,6,0,-20,20
2962,987,1,SB,0,0,False,,6c 3d,-10,10,2,0,-10,10
2963,987,2,BB,0,3,True,Ah 8s Kh 5d 4c,7h Qh,20,-20,9,0,-20,20
2964,988,0,BTN,0,3,False,3c 2d 5s 4s 7c,Kc 6s,0,0,10,0,-20,20
2965,988,1,SB,0,3,True,3c 2d 5s 4s 7c,3s Qh,-10,10,11,1905,-10,-1895
2966,988,2,BB,0,3,True,3c 2d 5s 4s 7c,7d 4h,-470,470,14,490,-20,-470
2967,989,0,BTN,0,3,True,2h 5s Th 5d Ad,4c 6c,0,0,9,0,-20,20
2968,989,1,SB,0,0,False,,3c 7h,-10,10,2,0,-10,10
2969,989,2,BB,0,3,True,2h 5s Th 5d Ad,3h 9s,20,-20,9,0,-20,20
2970,990,0,BTN,0,0,False,,9c 7d,0,0,3,0,20,-20
2971,990,1,SB,0,3,True,Jh 6d 5s Jd Qh,Ah Kd,100,-100,9,0,100,-100
2972,990,2,BB,0,0,False,,4s 2h,-20,20,3,0,20,-20
2973,991,0,BTN,0,0,False,,7s Qh,0,0,4,0,-20,20
2974,991,1,SB,0,0,False,,4h 7c,-10,10,2,0,-10,10
2975,991,2,BB,0,1,False,2c Qd 3s,Ts Td,20,-20,6,0,-20,20
2976,992,0,BTN,0,1,False,8s Qc 2c,6d Jd,-50,50,5,-50,-10,60
2977,992,1,SB,0,3,True,8s Qc 2c 5h 9c,Qd Ts,2000,-2000,10,0,2000,-2000
2978,992,2,BB,0,1,False,8s Qc 2c,7c 8d,-20,20,5,0,20,-20
2979,993,0,BTN,0,1,False,Qc 6c 3c,8c 7h,0,0,5,0,20,-20
2980,993,1,SB,0,2,False,Qc 6c 3c Js,Qs Ah,60,-60,7,0,60,-60
2981,993,2,BB,0,1,False,Qc 6c 3c,5d Kh,-20,20,5,0,20,-20
2982,994,0,BTN,0,3,True,8h As Jh 7c 2c,9d 6h,0,0,10,0,1704,-1704
2983,994,1,SB,0,3,True,8h As Jh 7c 2c,Js Jc,1809.5238095238096,-1809.5238095238096,10,0.0,1809.5238095238096,-1809.5238095238096
2984,994,2,BB,0,3,True,8h As Jh 7c 2c,Ad 7d,-1809.5238095238096,1809.5238095238096,8,0.0,1809.5238095238096,-1809.5238095238096
2985,995,0,BTN,0,3,True,Kc 8c 8h 7c Ad,4h 2c,0,0,9,0,-20,20
2986,995,1,SB,0,0,False,,5c 4d,-10,10,2,0,-10,10
2987,995,2,BB,0,3,True,Kc 8c 8h 7c Ad,Jd 9h,20,-20,9,0,-20,20
2988,996,0,BTN,0,3,True,Kd Ks 4h 7h 3d,4s Ah,532,-532,12,532,-10,-522
2989,996,1,SB,0,0,False,,6d 2c,-10,10,2,0,-10,10
2990,996,2,BB,0,3,True,Kd Ks 4h 7h 3d,6h Qs,20,-20,9,0,-20,20
2991,997,0,BTN,0,3,True,6s 8d 4d 3h 2s,8c 7s,0,0,10,0,-80,80
2992,997,1,SB,0,0,False,,3d 7d,-10,10,2,0,-10,10
2993,997,2,BB,0,3,True,6s 8d 4d 3h 2s,5d 9d,46,-46,10,0,-46,46
2994,998,0,BTN,0,3,True,6s Jc 3c 5c Td,5s 4d,0,0,9,0,-20,20
2995,998,1,SB,0,3,True,6s Jc 3c 5c Td,8h 7h,-150,150,9,0,-150,150
2996,998,2,BB,0,1,False,6s Jc 3c,3s 7s,20,-20,6,0,-20,20
2997,999,0,BTN,0,3,True,5c 8h 6h 2h 8c,3s Kc,0,0,9,0,-20,20
2998,999,1,SB,0,0,False,,Jd 3h,-10,10,2,0,-10,10
2999,999,2,BB,0,1,False,5c 8h 6h,2c Qc,20,-20,6,0,-20,20
3000,1000,0,BTN,0,1,False,Kd 4c 5h,As 8c,-50,50,5,-50,-10,60
3001,1000,1,SB,0,3,True,Kd 4c 5h Qh 4h,7h Th,-2000,2000,11,0,-2000,2000
3002,1000,2,BB,0,3,True,Kd 4c 5h Qh 4h,8h Ah,2000,-2000,12,0,-2000,2000
3003,1001,0,BTN,0,3,True,5c Qc 9c Ks 5h,8s 4s,0,0,9,0,80,-80
3004,1001,1,SB,0,3,True,5c Qc 9c Ks 5h,7c Ad,150,-150,9,0,150,-150
3005,1001,2,BB,0,3,True,5c Qc 9c Ks 5h,Tc 2d,-80,80,9,0,80,-80
3006,1002,0,BTN,0,3,True,9c 5h Kh 9h Jh,9d Tc,898,-898,11,898,-10,-888
3007,1002,1,SB,0,0,False,,3d Qh,-10,10,2,0,-10,10
3008,1002,2,BB,0,3,True,9c 5h Kh 9h Jh,Qd Js,-320,320,10,0,320,-320
3009,1003,0,BTN,0,0,False,,Td Kc,-50,50,4,-50,70,-20
3010,1003,1,SB,0,3,True,4d 8h 5h Js 2h,Ks Kh,2000,-2000,12,0,2000,-2000
3011,1003,2,BB,0,0,False,,7c 5d,-20,20,3,0,20,-20
3012,1004,0,BTN,0,0,False,,2d 9h,0,0,4,0,-20,20
3013,1004,1,SB,0,0,False,,8c 3s,-10,10,2,0,-10,10
3014,1004,2,BB,0,3,True,Ah 4d 9s Ts Tc,Qh Kd,20,-20,9,0,-20,20
3015,1005,0,BTN,0,2,False,Js 3h 2d Ks,9d 8d,-380,380,8,-380,-10,390
3016,1005,1,SB,0,0,False,,9s 3c,-10,10,2,0,-10,10
3017,1005,2,BB,0,3,True,Js 3h 2d Ks Th,Kd 3d,2000,-2000,12,0,-2000,2000
3018,1006,0,BTN,0,3,True,4d Jh Qd Jd 8s,Ac 7s,-1910,1910,9,-1910,1930,-20
3019,1006,1,SB,0,3,False,4d Jh Qd Jd 8s,Ks Jc,250,-250,9,0,250,-250
3020,1006,2,BB,0,1,False,4d Jh Qd,Tc 3d,-20,20,5,0,20,-20
3021,1007,0,BTN,0,3,True,3s Qd 3d Ks 8h,7h 2c,0,0,11,0,1704,-1704
3022,1007,1,SB,0,0,False,,3c 6h,-10,10,2,0,-10,10
3023,1007,2,BB,0,3,True,3s Qd 3d Ks 8h,Qs Js,-2000,2000,12,0,2000,-2000
3024,1008,0,BTN,0,3,True,2h Td 6d Qs 3d,6h Tc,0,0,9,0,20,-20
3025,1008,1,SB,0,3,True,2h Td 6d Qs 3d,8c Ah,60,-60,9,0,60,-60
3026,1008,2,BB,0,2,False,2h Td 6d Qs,9d 5c,-20,20,7,0,20,-20
3027,1009,0,BTN,0,3,True,6h 7c 9c Ks Qd,Jd 2c,0,0,9,0,80,-80
3028,1009,1,SB,0,3,True,6h 7c 9c Ks Qd,8d 6d,60,-60,9,0,60,-60
3029,1009,2,BB,0,1,False,6h 7c 9c,Ah 3s,-20,20,5,0,20,-20
3030,1010,0,BTN,0,2,False,4h Kd 9h Js,7s Ks,60,-60,8,60,-10,-50
3031,1010,1,SB,0,1,False,4h Kd 9h,5d 9d,-10,10,6,30,-10,-20
3032,1010,2,BB,0,3,True,4h Kd 9h Js Qc,7c 3h,-20,20,13,1714,-1694,-20
3033,1011,0,BTN,0,2,False,9h Ac 9c 7d,3d 9d,0,0,7,0,20,-20
3034,1011,1,SB,0,3,True,9h Ac 9c 7d Th,Js 7s,100,-100,9,0,100,-100
3035,1011,2,BB,0,2,False,9h Ac 9c 7d,3c 8h,-20,20,7,0,20,-20
3036,1012,0,BTN,0,1,False,3h 6h Kh,5d Tc,0,0,7,0,-120,120
3037,1012,1,SB,0,1,False,3h 6h Kh,Ac 9d,-60,60,6,0,-60,60
3038,1012,2,BB,0,3,True,3h 6h Kh 9s Ah,Qd Kc,1523.8095238095239,-1523.8095238095239,10,0.0,-1523.8095238095239,1523.8095238095239
3039,1013,0,BTN,0,2,False,Ac 5d Js 2c,Qs 6s,-380,380,8,-380,-10,390
3040,1013,1,SB,0,0,False,,Qh 2d,-10,10,2,0,-10,10
3041,1013,2,BB,0,3,True,Ac 5d Js 2c 8h,5h 6h,20,-20,9,0,-20,20
3042,1014,0,BTN,0,3,False,9s 7h Qd As 3d,9d Jd,70,-70,10,70,-50,-20
3043,1014,1,SB,0,1,False,9s 7h Qd,Js 6d,-10,10,6,30,-10,-20
3044,1014,2,BB,0,3,True,9s 7h Qd As 3d,Tc 2h,-20,20,12,40,-20,-20
3045,1015,0,BTN,0,3,False,Qs As 7c Td 4h,5s Kd,0,0,11,0,-80,80
3046,1015,1,SB,0,0,False,,3c Ks,-10,10,2,0,-10,10
3047,1015,2,BB,0,3,True,Qs As 7c Td 4h,Th 8h,60,-60,10,0,-60,60
3048,1016,0,BTN,0,2,False,4d Js 2c 3s,2s 4c,0,0,7,0,40,-40
3049,1016,1,SB,0,0,False,,4s Tc,-10,10,2,0,-10,10
3050,1016,2,BB,0,2,False,4d Js 2c 3s,Th Qd,-20,20,7,0,20,-20
3051,1017,0,BTN,0,1,False,Js As 4c,9c 5c,0,0,5,0,20,-20
3052,1017,1,SB,0,2,False,Js As 4c Qs,6d 6c,-100,100,8,0,-100,100
3053,1017,2,BB,0,1,False,Js As 4c,Qh 7h,-20,20,5,0,20,-20
3054,1018,0,BTN,0,0,False,,Ts 3c,0,0,3,0,20,-20
3055,1018,1,SB,0,2,False,Jh 5h 7s 4c,Qd Qh,60,-60,7,0,60,-60
3056,1018,2,BB,0,2,False,Jh 5h 7s 4c,9c 8d,-480,480,7,0,480,-480
3057,1019,0,BTN,0,2,False,Jc 3d 4d Jh,4s 6d,0,0,10,0,-180,180
3058,1019,1,SB,0,0,False,,5c 6h,-10,10,2,0,-10,10
3059,1019,2,BB,0,2,False,Jc 3d 4d Jh,6s 6c,20,-20,8,0,-20,20
3060,1020,0,BTN,0,0,False,,4s Ts,0,0,3,0,20,-20
3061,1020,1,SB,0,2,False,4d Qh 6d 8h,Jc Js,-240,240,9,0,-240,240
3062,1020,2,BB,0,0,False,,9d 6s,-20,20,3,0,20,-20
3063,1021,0,BTN,0,3,True,6c Jc Th Qh Ac,4s 8d,0,0,10,0,0,0
3064,1021,1,SB,0,0,False,,6h 3h,-10,10,2,0,-10,10
3065,1021,2,BB,0,3,True,6c Jc Th Qh Ac,9c 6s,0,0,9,0,0,0
3066,1022,0,BTN,0,3,True,7d 9c 8h 2c 5h,Jd 2s,0,0,11,0,1280,-1280
3067,1022,1,SB,0,0,False,,6h 2h,-10,10,2,0,-10,10
3068,1022,2,BB,0,3,True,7d 9c 8h 2c 5h,Qc 7c,-600,600,11,0,600,-600
3069,1023,0,BTN,0,2,False,5d 2h Jh 8h,Th 8c,0,0,7,0,20,-20
3070,1023,1,SB,0,3,False,5d 2h Jh 8h Ks,Qh 3h,100,-100,9,0,100,-100
3071,1023,2,BB,0,2,False,5d 2h Jh 8h,3d 9c,-20,20,7,0,20,-20
3072,1024,0,BTN,0,3,True,6d 9h 7c 3d Kh,6s 4h,0,0,11,0,1604,-1604
3073,1024,1,SB,0,3,True,6d 9h 7c 3d Kh,Td 8h,2000,-2000,11,0,2000,-2000
3074,1024,2,BB,0,3,True,6d 9h 7c 3d Kh,5s 7h,-1280,1280,9,0,1280,-1280
3075,1025,0,BTN,0,2,False,6h 4h 3c Qs,7d 5c,0,0,8,0,120,-120
3076,1025,1,SB,0,3,True,6h 4h 3c Qs 7s,Qc 2c,100,-100,9,0,100,-100
3077,1025,2,BB,0,1,False,6h 4h 3c,Ac Js,20,-20,6,0,-20,20
3078,1026,0,BTN,0,1,False,6h 7h 9h,Ks Ac,-380,380,7,-380,-10,390
3079,1026,1,SB,0,0,False,,As 2s,-88,88,5,108,-88,-20
3080,1026,2,BB,0,3,True,6h 7h 9h 7s 3c,8h 6s,185,-185,12,-20,-165,185
3081,1027,0,BTN,0,3,True,4c Jd Ah 5s 5d,Qc Js,-1522.6190476190477,1522.6190476190477,8,-1522.6190476190477,-10.0,1532.6190476190477
3082,1027,1,SB,0,0,False,,5h Th,-10,10,2,0,-10,10
3083,1027,2,BB,0,3,True,4c Jd Ah 5s 5d,2s As,-2000,2000,11,0,2000,-2000
3084,1028,0,BTN,0,1,False,3s 7s Ad,3c 8s,0,0,5,0,120,-120
3085,1028,1,SB,0,3,True,3s 7s Ad 6c Qs,Th Tc,240,-240,10,0,240,-240
3086,1028,2,BB,0,0,False,,Jc 6s,-20,20,3,0,20,-20
3087,1029,0,BTN,0,3,True,3h 5c 2d 9s Qh,Jc Jh,1055.2380952380954,-1055.2380952380952,8,1055.2380952380954,-10.0,-1045.2380952380952
3088,1029,1,SB,0,3,True,3h 5c 2d 9s Qh,6c Td,-10,10,11,-1808,-10,1818
3089,1029,2,BB,0,3,True,3h 5c 2d 9s Qh,Ac Qd,80,-80,13,-60,-20,80
3090,1030,0,BTN,0,2,False,Js 6h 9d Td,6c Tc,-78,78,7,-78,-10,88
3091,1030,1,SB,0,0,False,,4h 9c,-10,10,2,0,-10,10
3092,1030,2,BB,0,3,True,Js 6h 9d Td 7c,Ks Th,1700,-1700,10,0,-1700,1700
3093,1031,0,BTN,0,3,True,9c 6c 9h Ts 4h,As Kd,60,-60,9,60,-10,-50
3094,1031,1,SB,0,1,False,9c 6c 9h,9d 3s,-10,10,6,30,-10,-20
3095,1031,2,BB,0,3,True,9c 6c 9h Ts 4h,7h 2d,-20,20,10,-1910,1930,-20
3096,1032,0,BTN,0,3,True,As Jd 6c 7d Qs,3d Tc,0,0,11,0,-1704,1704
3097,1032,1,SB,0,3,True,As Jd 6c 7d Qs,Ah 6h,-2000,2000,11,0,-2000,2000
3098,1032,2,BB,0,2,False,As Jd 6c 7d,6s 6d,-80,80,7,0,80,-80
3099,1033,0,BTN,0,2,False,4c Tc 7c Ks,5s 5h,-275,275,8,-275,325,-50
3100,1033,1,SB,0,3,True,4c Tc 7c Ks 4h,7d 9c,-10,10,9,30,-10,-20
3101,1033,2,BB,0,3,True,4c Tc 7c Ks 4h,Qs 5d,-20,20,10,-1910,1930,-20
3102,1034,0,BTN,0,3,False,4s Ac Qd 2h 7h,9c 6h,0,0,9,0,20,-20
3103,1034,1,SB,0,0,False,,7c Js,-10,10,2,0,-10,10
3104,1034,2,BB,0,3,False,4s Ac Qd 2h 7h,Ts 9d,-20,20,9,0,20,-20
3105,1035,0,BTN,0,3,True,2h 2s 8h Ad 7d,9d 9c,631,-631,13,631,-50,-581
3106,1035,1,SB,0,3,True,2h 2s 8h Ad 7d,Js 7s,-88,88,14,1734,-88,-1646
3107,1035,2,BB,0,2,False,2h 2s 8h Ad,Qc Kh,-110,110,11,130,-20,-110
3108,1036,0,BTN,0,0,False,,Td Kc,-50,50,4,-50,70,-20
3109,1036,1,SB,0,3,True,Kd Qh Ah 8d Tc,Ac Ad,580,-580,9,0,580,-580
3110,1036,2,BB,0,0,False,,Ts 3h,-20,20,3,0,20,-20
3111,1037,0,BTN,0,1,False,3h Ks 2s,4h Ad,-50,50,7,-50,-50,100
3112,1037,1,SB,0,1,False,3h Ks 2s,Jh Th,-100,100,6,0,-100,100
3113,1037,2,BB,0,3,False,3h Ks 2s 6h Qs,9s Kc,46,-46,11,0,-46,46
3114,1038,0,BTN,0,3,True,Jh Kh 3s 7s Th,2h 8c,0,0,9,0,-40,40
3115,1038,1,SB,0,0,False,,2s Tc,-10,10,2,0,-10,10
3116,1038,2,BB,0,3,True,Jh Kh 3s 7s Th,9c Td,20,-20,9,0,-20,20
3117,1039,0,BTN,0,3,True,6s Jc 4h 5d Kd,5s Kc,0,0,11,0,-1520,1520
3118,1039,1,SB,0,0,False,,4d Ts,-10,10,2,0,-10,10
3119,1039,2,BB,0,2,False,6s Jc 4h 5d,8h 7h,-60,60,8,0,60,-60
3120,1040,0,BTN,0,3,True,6h Td 4c Qc 2d,Js 9h,-215,215,9,-215,-10,225
3121,1040,1,SB,0,3,True,6h Td 4c Qc 2d,2c Kc,108,-108,10,-88,108,-20
3122,1040,2,BB,0,3,True,6h Td 4c Qc 2d,Ad 2h,40,-40,12,-20,-20,40
3123,1041,0,BTN,0,3,True,Jc 8c 4c 7d Th,6c 9s,0,0,10,0,-80,80
3124,1041,1,SB,0,0,False,,4h 3h,-10,10,2,0,-10,10
3125,1041,2,BB,0,3,True,Jc 8c 4c 7d Th,7h Qs,20,-20,9,0,-20,20
3126,1042,0,BTN,0,1,False,9d 4h Qh,2s Ts,0,0,5,0,20,-20
3127,1042,1,SB,0,2,False,9d 4h Qh 6s,Qd 8d,100,-100,7,0,100,-100
3128,1042,2,BB,0,1,False,9d 4h Qh,5h Jc,-20,20,5,0,20,-20
3129,1043,0,BTN,0,1,False,5d Th 7s,6c Kc,-50,50,6,-50,100,-50
3130,1043,1,SB,0,3,False,5d Th 7s 3s 2s,Ts Jd,150,-150,9,0,150,-150
3131,1043,2,BB,0,1,False,5d Th 7s,Kd 4h,-20,20,5,0,20,-20
3132,1044,0,BTN,0,3,False,Jc Qc Td Ts 6c,9c 2h,0,0,10,0,-80,80
3133,1044,1,SB,0,3,False,Jc Qc Td Ts 6c,As 8c,-250,250,10,0,-250,250
3134,1044,2,BB,0,3,True,Jc Qc Td Ts 6c,8h Jd,560,-560,10,0,-560,560
3135,1045,0,BTN,0,2,False,2c Ad Ks 6d,3h 6s,0,0,8,0,480,-480
3136,1045,1,SB,0,0,False,,4s Kc,-10,10,2,0,-10,10
3137,1045,2,BB,0,2,False,2c Ad Ks 6d,Jc 7c,-80,80,7,0,80,-80
3138,1046,0,BTN,0,2,False,9h As Qh 3c,Kc 8h,-50,50,8,-50,325,-275
3139,1046,1,SB,0,3,False,9h As Qh 3c 3d,9d Ad,150,-150,9,0,150,-150
3140,1046,2,BB,0,3,False,9h As Qh 3c 3d,Jd Th,-320,320,9,0,320,-320
3141,1047,0,BTN,0,2,False,Ac Ts Kd Qd,3s 3h,-215,215,7,-215,-10,225
3142,1047,1,SB,0,0,False,,2c As,-10,10,2,0,-10,10
3143,1047,2,BB,0,3,True,Ac Ts Kd Qd 5c,Jc Kc,-940.0,940.0,8,0.0,940.0,-940.0
3144,1048,0,BTN,0,3,True,Ad 2h 8s 3d Td,Jd Ks,-1755,1755,9,-1755,-10,1765
3145,1048,1,SB,0,3,True,Ad 2h 8s 3d Td,4h Ac,1233,-1233,10,-1213,1233,-20
3146,1048,2,BB,0,1,False,Ad 2h 8s,5d Ah,-290,290,8,-20,310,-290
3147,1049,0,BTN,0,1,False,9c 9d 5d,4s 3c,0,0,5,0,20,-20
3148,1049,1,SB,0,2,False,9c 9d 5d Jd,Ts Qc,60,-60,7,0,60,-60
3149,1049,2,BB,0,1,False,9c 9d 5d,3d 7c,-20,20,5,0,20,-20
3150,1050,0,BTN,0,1,False,2c 9d 8h,8d 6d,-380,380,7,-380,-10,390
3151,1050,1,SB,0,1,False,2c 9d 8h,6s Qs,-60,60,6,0,-60,60
3152,1050,2,BB,0,2,False,2c 9d 8h Jd,2h 8c,46,-46,9,0,-46,46
3153,1051,0,BTN,0,1,False,8d 4s 6c,8s 9h,0,0,5,0,20,-20
3154,1051,1,SB,0,3,True,8d 4s 6c 4h 8h,As 5s,100,-100,9,0,100,-100
3155,1051,2,BB,0,1,False,8d 4s 6c,9d 5h,-20,20,5,0,20,-20
3156,1052,0,BTN,0,2,False,Jd 4s Qc 4h,Tc Kh,96,-96,9,96,-10,-86
3157,1052,1,SB,0,0,False,,8s 3d,-10,10,2,0,-10,10
3158,1052,2,BB,0,3,True,Jd 4s Qc 4h 2d,6d 9c,20,-20,9,0,-20,20
3159,1053,0,BTN,0,2,False,8d 2h Tc 9s,8s Ah,-275,275,9,-275,-50,325
3160,1053,1,SB,0,0,False,,Jc 7h,-10,10,2,0,-10,10
3161,1053,2,BB,0,3,True,8d 2h Tc 9s 5s,Jd Td,-2000,2000,11,0,2000,-2000
3162,1054,0,BTN,0,1,False,6d As Jd,9s 9h,-50,50,5,-50,70,-20
3163,1054,1,SB,0,3,True,6d As Jd 7d 5s,Kd Jc,1328,-1328,10,-1308,1328,-20
3164,1054,2,BB,0,3,True,6d As Jd 7d 5s,2s 7c,-20,20,10,-1910,1930,-20
3165,1055,0,BTN,0,3,True,5d Ad 5s 7s 7d,2s 9d,0,0,9,0,0,0
3166,1055,1,SB,0,0,False,,4c 8h,-10,10,2,0,-10,10
3167,1055,2,BB,0,3,True,5d Ad 5s 7s 7d,Tc Jc,0,0,9,0,0,0
3168,1056,0,BTN,0,3,True,Kc 4d Kh 8c 7h,4h 6c,0,0,9,0,-20,20
3169,1056,1,SB,0,0,False,,9c 2s,-10,10,2,0,-10,10
3170,1056,2,BB,0,3,True,Kc 4d Kh 8c 7h,5d Qh,20,-20,9,0,-20,20
3171,1057,0,BTN,0,3,True,Ks 8c Ts Tc 4h,8d 7c,0,0,11,0,-1704,1704
3172,1057,1,SB,0,3,True,Ks 8c Ts Tc 4h,Qs Ah,-1992,1992,12,0,-1992,1992
3173,1057,2,BB,0,3,True,Ks 8c Ts Tc 4h,8s Kh,2000,-2000,10,0,-2000,2000
3174,1058,0,BTN,0,1,False,Ks 5h 6h,9s 3c,0,0,5,0,20,-20
3175,1058,1,SB,0,0,False,,Kc 9d,20,-20,3,0,20,-20
3176,1058,2,BB,0,1,False,Ks 5h 6h,9h 2s,-20,20,5,0,20,-20
3177,1059,0,BTN,0,2,False,Kd 3s 3c 9c,Jh 5h,60,-60,8,60,-10,-50
3178,1059,1,SB,0,0,False,,2s Tc,-10,10,2,0,-10,10
3179,1059,2,BB,0,3,True,Kd 3s 3c 9c 9d,4d 2h,0,0,9,0,0,0
3180,1060,0,BTN,0,3,True,2h As 5c 4h Kd,4d Jc,0,0,10,0,-80,80
3181,1060,1,SB,0,3,False,2h As 5c 4h Kd,Js Qh,-60,60,10,0,-60,60
3182,1060,2,BB,0,1,False,2h As 5c,6c Ks,20,-20,6,0,-20,20
3183,1061,0,BTN,0,3,True,2s Jc 2d 2h 6c,Js Td,430.0,-430.0,9,430.0,-380.0,-50.0
3184,1061,1,SB,0,2,False,2s Jc 2d 2h,Jd 5d,60,-60,7,0,60,-60
3185,1061,2,BB,0,1,False,2s Jc 2d,4s 7h,-20,20,5,0,20,-20
3186,1062,0,BTN,0,0,False,,3s 9s,0,0,4,0,-20,20
3187,1062,1,SB,0,0,False,,7c 9d,-10,10,2,0,-10,10
3188,1062,2,BB,0,2,False,5s 6h Jh 8d,Ac Kh,-20,20,7,0,20,-20
3189,1063,0,BTN,0,1,False,5s Jc 2d,7c Kh,0,0,6,0,-20,20
3190,1063,1,SB,0,1,False,5s Jc 2d,3s Qh,-10,10,5,-20,-10,30
3191,1063,2,BB,0,3,False,5s Jc 2d 4c Td,8s Jh,80,-80,12,-20,-60,80
3192,1064,0,BTN,0,0,False,,4d Ts,0,0,4,0,-20,20
3193,1064,1,SB,0,0,False,,8d 5c,-10,10,2,0,-10,10
3194,1064,2,BB,0,3,True,3d 6d 7d 2s Ac,4s Kd,20,-20,9,0,-20,20
3195,1065,0,BTN,0,3,True,Qs 6h Jh 5c 8s,7d 6s,0,0,9,0,1280,-1280
3196,1065,1,SB,0,0,False,,3h Qd,-10,10,2,0,-10,10
3197,1065,2,BB,0,3,True,Qs 6h Jh 5c 8s,3d 6c,-1280,1280,9,0,1280,-1280
3198,1066,0,BTN,0,3,True,6c Ac 3d 9c 9d,9h 6d,0,0,12,0,-1920,1920
3199,1066,1,SB,0,2,False,6c Ac 3d 9c,4h 4s,-240,240,9,0,-240,240
3200,1066,2,BB,0,3,True,6c Ac 3d 9c 9d,Js Ad,1500,-1500,12,0,-1500,1500
3201,1067,0,BTN,0,3,False,Kd Ad Jc 8c Qh,7s 7c,-50,50,9,-50,-10,60
3202,1067,1,SB,0,2,False,Kd Ad Jc 8c,Ts 6h,-10,10,8,30,-10,-20
3203,1067,2,BB,0,3,True,Kd Ad Jc 8c Qh,Th 5s,10,-10,15,-20,10,10
3204,1068,0,BTN,0,3,False,4s Td 8d 5s Qs,Ks Jh,-50,50,12,-50,100,-50
3205,1068,1,SB,0,3,False,4s Td 8d 5s Qs,Js 7s,108,-108,10,-88,108,-20
3206,1068,2,BB,0,3,False,4s Td 8d 5s Qs,3h 6s,-20,20,12,-20,40,-20
3207,1069,0,BTN,0,3,True,4h 2d Td 2h 6d,7s 7c,-875,875,9,-875,-10,885
3208,1069,1,SB,0,3,True,4h 2d Td 2h 6d,Kd 4c,-10,10,12,-1822,-10,1832
3209,1069,2,BB,0,3,True,4h 2d Td 2h 6d,2c 5s,-20,20,11,1714,-1694,-20
3210,1070,0,BTN,0,3,True,4h 6s Ks 3s Qs,9h Kd,-359,359,10,-359,-10,369
3211,1070,1,SB,0,1,False,4h 6s Ks,3d 7c,-10,10,6,30,-10,-20
3212,1070,2,BB,0,3,True,4h 6s Ks 3s Qs,8c 7s,2020,-2020,14,-2000,-20,2020
3213,1071,0,BTN,0,3,False,Qd Th Ks Kc 2h,5h 8c,0,0,12,0,-720,720
3214,1071,1,SB,0,0,False,,Jd 3c,-10,10,2,0,-10,10
3215,1071,2,BB,0,2,False,Qd Th Ks Kc,8d 8h,-80,80,7,0,80,-80
3216,1072,0,BTN,0,3,False,7s 8s 7h Ks 8d,Ts 8c,60,-60,10,60,-10,-50
3217,1072,1,SB,0,0,False,,4s Jc,-10,10,2,0,-10,10
3218,1072,2,BB,0,3,True,7s 8s 7h Ks 8d,6c Tc,0,0,9,0,0,0
3219,1073,0,BTN,0,1,False,3h 8d 6c,7c Ts,0,0,5,0,20,-20
3220,1073,1,SB,0,0,False,,Td 6s,-10,10,2,0,-10,10
3221,1073,2,BB,0,1,False,3h 8d 6c,Jd 5c,-20,20,5,0,20,-20
3222,1074,0,BTN,0,2,False,4h 8h 7s 6h,Qc Jc,-132,132,8,-132,-10,142
3223,1074,1,SB,0,0,False,,3h 2s,-10,10,2,0,-10,10
3224,1074,2,BB,0,2,False,4h 8h 7s 6h,5s Ac,20,-20,8,0,-20,20
3225,1075,0,BTN,0,3,True,5d Qd 3c As 2s,Th Jc,-50,50,9,-50,-10,60
3226,1075,1,SB,0,3,True,5d Qd 3c As 2s,Qc 9s,60,-60,9,0,60,-60
3227,1075,2,BB,0,3,True,5d Qd 3c As 2s,Ts 3d,-1280,1280,9,0,1280,-1280
3228,1076,0,BTN,0,0,False,,9c 5d,0,0,4,0,-20,20
3229,1076,1,SB,0,0,False,,3h 7c,-10,10,2,0,-10,10
3230,1076,2,BB,0,1,False,6d 2c 7s,Qd Js,-20,20,5,0,20,-20
3231,1077,0,BTN,0,3,True,Ac Qh Ks Qc 2c,7s Ah,1437.1428571428573,-1437.142857142857,8,1437.1428571428573,-10.0,-1427.142857142857
3232,1077,1,SB,0,0,False,,8h 3d,-10,10,2,0,-10,10
3233,1077,2,BB,0,3,True,Ac Qh Ks Qc 2c,Jc Kd,46,-46,10,0,-46,46
3234,1078,0,BTN,0,3,False,Kh 4s 7s 3s 8h,Kc 9d,60,-60,10,60,-10,-50
3235,1078,1,SB,0,1,False,Kh 4s 7s,2h 7d,-10,10,6,30,-10,-20
3236,1078,2,BB,0,1,False,Kh 4s 7s,2s Qc,-20,20,6,30,-10,-20
3237,1079,0,BTN,0,1,False,Qh Qc 6h,4h 2s,0,0,5,0,20,-20
3238,1079,1,SB,0,0,False,,Qs 9d,20,-20,3,0,20,-20
3239,1079,2,BB,0,1,False,Qh Qc 6h,9c 4d,-20,20,5,0,20,-20
3240,1080,0,BTN,0,2,False,8h 9s Ad 4h,7d 4s,0,0,7,0,20,-20
3241,1080,1,SB,0,0,False,,4d Jh,-10,10,2,0,-10,10
3242,1080,2,BB,0,2,False,8h 9s Ad 4h,5d 2h,-20,20,7,0,20,-20
3243,1081,0,BTN,0,3,True,2h 3h 2c Ks 3c,4h 8s,0,0,10,0,0,0
3244,1081,1,SB,0,0,False,,7d Qs,-10,10,2,0,-10,10
3245,1081,2,BB,0,3,True,2h 3h 2c Ks 3c,Jd Qc,0,0,9,0,0,0
3246,1082,0,BTN,0,2,False,Qc Jh 2d 7d,3d Ah,0,0,7,0,80,-80
3247,1082,1,SB,0,3,False,Qc Jh 2d 7d 9h,Jd 5d,100,-100,9,0,100,-100
3248,1082,2,BB,0,1,False,Qc Jh 2d,Ac 4d,-20,20,5,0,20,-20
3249,1083,0,BTN,0,2,False,4d Kh 7h Jc,8h 3s,0,0,7,0,40,-40
3250,1083,1,SB,0,0,False,,8d 4c,-10,10,2,0,-10,10
3251,1083,2,BB,0,2,False,4d Kh 7h Jc,3c 6h,-20,20,7,0,20,-20
3252,1084,0,BTN,0,3,True,Jd 8s 4c Ad Js,Tc 5h,0,0,9,0,1280,-1280
3253,1084,1,SB,0,3,True,Jd 8s 4c Ad Js,Ts As,139,-139,9,0,139,-139
3254,1084,2,BB,0,1,False,Jd 8s 4c,6d Kc,-20,20,5,0,20,-20
3255,1085,0,BTN,0,3,True,Qc 6s 2s Jh Kd,Ks 9h,1297,-1297,12,1297,-10,-1287
3256,1085,1,SB,0,3,False,Qc 6s 2s Jh Kd,3d 6h,-10,10,10,50,-10,-40
3257,1085,2,BB,0,3,False,Qc 6s 2s Jh Kd,9c As,-20,20,14,40,-20,-20
3258,1086,0,BTN,0,3,False,Qc 8c Jh Js Qh,Td 2h,0,0,9,0,40,-40
3259,1086,1,SB,0,3,True,Qc 8c Jh Js Qh,4h Ac,232,-232,9,0,232,-232
3260,1086,2,BB,0,3,True,Qc 8c Jh Js Qh,6d Th,-80,80,9,0,80,-80
3261,1087,0,BTN,0,3,False,Ad Jc 2s 5d 7h,Kc 2d,0,0,10,0,-20,20
3262,1087,1,SB,0,2,False,Ad Jc 2s 5d,9d 6d,100,-100,7,0,100,-100
3263,1087,2,BB,0,3,True,Ad Jc 2s 5d 7h,Qh 7c,20,-20,9,0,-20,20
3264,1088,0,BTN,0,3,True,9h Jh Kc 3s Qh,Ah Jc,1375,-1375,11,1375,-10,-1365
3265,1088,1,SB,0,3,True,9h Jh Kc 3s Qh,3d Ts,-10,10,11,1905,-10,-1895
3266,1088,2,BB,0,3,True,9h Jh Kc 3s Qh,9d 6h,-470,470,13,490,-20,-470
3267,1089,0,BTN,0,1,False,4c Th 9h,Tc 8h,0,0,5,0,20,-20
3268,1089,1,SB,0,2,False,4c Th 9h 5h,Qd Ad,100,-100,7,0,100,-100
3269,1089,2,BB,0,1,False,4c Th 9h,2s Jh,-20,20,5,0,20,-20
3270,1090,0,BTN,0,1,False,6h Ad 7h,Tc Jc,-50,50,6,-50,100,-50
3271,1090,1,SB,0,0,False,,7s Kc,-10,10,2,0,-10,10
3272,1090,2,BB,0,1,False,6h Ad 7h,3h 9d,-20,20,5,0,20,-20
3273,1091,0,BTN,0,1,False,Kc 7d Ad,6s Qc,0,0,5,0,20,-20
3274,1091,1,SB,0,1,False,Kc 7d Ad,Ks 8c,60,-60,5,0,60,-60
3275,1091,2,BB,0,1,False,Kc 7d Ad,9c 3s,-20,20,5,0,20,-20
3276,1092,0,BTN,0,2,False,7c 2s 6s Ts,Js Kc,60,-60,8,60,-10,-50
3277,1092,1,SB,0,3,False,7c 2s 6s Ts Jc,6c 3d,-10,10,10,30,-10,-20
3278,1092,2,BB,0,3,False,7c 2s 6s Ts Jc,5c Kd,-20,20,14,40,-20,-20
3279,1093,0,BTN,0,3,True,Ad 6h 3d 6d 9d,7c 7s,-1175,1175,10,-1175,1225,-50
3280,1093,1,SB,0,2,False,Ad 6h 3d 6d,8s As,-1132,1132,11,1220,-1132,-88
3281,1093,2,BB,0,3,True,Ad 6h 3d 6d 9d,8c 7d,-20,20,12,-1910,1930,-20
3282,1094,0,BTN,0,0,False,,Th 5h,0,0,4,0,-20,20
3283,1094,1,SB,0,0,False,,4c Ts,-10,10,2,0,-10,10
3284,1094,2,BB,0,3,False,6h 2h As 6d Td,Js 7c,-20,20,9,0,20,-20
3285,1095,0,BTN,0,3,False,9h 4h 3c 7s 7c,Kh 5h,-359,359,10,-359,-10,369
3286,1095,1,SB,0,2,False,9h 4h 3c 7s,Qd Td,-100,100,8,0,-100,100
3287,1095,2,BB,0,1,False,9h 4h 3c,4c 5s,20,-20,6,0,-20,20
3288,1096,0,BTN,0,3,True,Js 4d Ts 3s As,5h Kc,0,0,9,0,-1280,1280
3289,1096,1,SB,0,0,False,,3h Th,-10,10,2,0,-10,10
3290,1096,2,BB,0,2,False,Js 4d Ts 3s,8s Ah,-80,80,7,0,80,-80
3291,1097,0,BTN,0,3,True,Kh Jd 9h 7s 2d,Kc 5d,0,0,11,0,-240,240
3292,1097,1,SB,0,0,False,,Qd 7c,-10,10,2,0,-10,10
3293,1097,2,BB,0,3,True,Kh Jd 9h 7s 2d,9d 4h,240,-240,9,0,-240,240
3294,1098,0,BTN,0,3,True,Td 5d 7d As Th,Qd Kc,-1639,1639,10,-1639,-10,1649
3295,1098,1,SB,0,3,True,Td 5d 7d As Th,Jd 4s,-10,10,9,-395,-10,405
3296,1098,2,BB,0,3,True,Td 5d 7d As Th,Ac 3s,172,-172,12,-152,-20,172
3297,1099,0,BTN,0,3,True,Kh 4h 7c 9h 8s,8c 2h,0,0,10,0,120,-120
3298,1099,1,SB,0,3,True,Kh 4h 7c 9h 8s,2c 2s,60,-60,9,0,60,-60
3299,1099,2,BB,0,3,True,Kh 4h 7c 9h 8s,Qd 3h,-20,20,9,0,20,-20
3300,1100,0,BTN,0,3,True,Ah 8s 5d 6d 8d,Tc 3c,0,0,12,0,-720,720
3301,1100,1,SB,0,0,False,,7h Kd,-10,10,2,0,-10,10
3302,1100,2,BB,0,3,True,Ah 8s 5d 6d 8d,Qh Kh,40,-40,9,0,-40,40
3303,1101,0,BTN,0,1,False,4c 9s 3h,5s 4d,0,0,5,0,20,-20
3304,1101,1,SB,0,0,False,,3s Jh,-10,10,2,0,-10,10
3305,1101,2,BB,0,1,False,4c 9s 3h,2c Qs,-20,20,5,0,20,-20
3306,1102,0,BTN,0,3,True,6c 2c Kh 8d Qs,8c 8h,2010.0,-2010.0,8,2010.0,-10.0,-2000.0
3307,1102,1,SB,0,3,True,6c 2c Kh 8d Qs,3d Qh,-10,10,10,1905,-10,-1895
3308,1102,2,BB,0,3,True,6c 2c Kh 8d Qs,5s Ks,-2000,2000,14,2020,-20,-2000
3309,1103,0,BTN,0,3,True,6s 2s As Qc 9s,2d 5d,0,0,9,0,-20,20
3310,1103,1,SB,0,0,False,,4h 2c,-10,10,2,0,-10,10
3311,1103,2,BB,0,3,True,6s 2s As Qc 9s,9c Tc,20,-20,9,0,-20,20
3312,1104,0,BTN,0,0,False,,3s 9d,0,0,4,0,-20,20
3313,1104,1,SB,0,0,False,,4h Th,-10,10,2,0,-10,10
3314,1104,2,BB,0,2,False,5c 8h 9h 5h,3d Qs,-20,20,7,0,20,-20
3315,1105,0,BTN,0,3,True,Kd 9s 8d Kh 2d,Qc Qd,1532.6190476190477,-1532.6190476190477,8,1532.6190476190477,-10.0,-1522.6190476190477
3316,1105,1,SB,0,3,True,Kd 9s 8d Kh 2d,7d 5c,-10,10,11,1605,-10,-1595
3317,1105,2,BB,0,3,True,Kd 9s 8d Kh 2d,As 8h,-1865,1865,14,1885,-20,-1865
3318,1106,0,BTN,0,1,False,As Ac 2c,7s Th,0,0,6,0,-20,20
3319,1106,1,SB,0,3,True,As Ac 2c 4s Js,8h 9s,-250,250,9,0,-250,250
3320,1106,2,BB,0,1,False,As Ac 2c,Kd 5s,20,-20,6,0,-20,20
3321,1107,0,BTN,0,3,True,Jh 7d 8c 9h 2s,3d 2d,0,0,10,0,1520,-1520
3322,1107,1,SB,0,0,False,,Jc 5d,-10,10,2,0,-10,10
3323,1107,2,BB,0,3,True,Jh 7d 8c 9h 2s,9s Qc,-1280,1280,9,0,1280,-1280
3324,1108,0,BTN,0,3,True,Td 4c 4d Qh 7c,Ad 5d,-1967,1967,11,-1967,-50,2017
3325,1108,1,SB,0,1,False,Td 4c 4d,Kc 6c,-60,60,6,0,-60,60
3326,1108,2,BB,0,3,False,Td 4c 4d Qh 7c,Th 5s,46,-46,11,0,-46,46
3327,1109,0,BTN,0,3,True,Qs 8h 4c 4h 8d,3c 5h,0,0,11,0,-1704,1704
3328,1109,1,SB,0,0,False,,Qh Td,-60,60,4,0,-60,60
3329,1109,2,BB,0,3,True,Qs 8h 4c 4h 8d,Ah Ad,1200.0,-1200.0,8,0.0,-1200.0,1200.0
3330,1110,0,BTN,0,3,True,7c Ac Tc 3s 5c,Jc 2c,0,0,10,0,-1520,1520
3331,1110,1,SB,0,0,False,,2s Qc,-10,10,2,0,-10,10
3332,1110,2,BB,0,3,True,7c Ac Tc 3s 5c,9d Kc,1700,-1700,11,0,-1700,1700
3333,1111,0,BTN,0,3,False,8d Tc 7c 5s Jd,6h Ad,-132,132,10,-132,-10,142
3334,1111,1,SB,0,0,False,,4d 7d,-10,10,2,0,-10,10
3335,1111,2,BB,0,2,False,8d Tc 7c 5s,Qc 9d,-20,20,7,0,20,-20
3336,1112,0,BTN,0,1,False,Jc Ad Td,8c Ts,-50,50,5,-50,-10,60
3337,1112,1,SB,0,0,False,,2s 7s,-10,10,2,0,-10,10
3338,1112,2,BB,0,2,False,Jc Ad Td 3c,8s Ah,20,-20,8,0,-20,20
3339,1113,0,BTN,0,3,True,5h Ah 5d 8h 5s,4h Jd,0,0,9,0,0,0
3340,1113,1,SB,0,0,False,,2s 3d,-10,10,2,0,-10,10
3341,1113,2,BB,0,1,False,5h Ah 5d,7d 6h,20,-20,6,0,-20,20
3342,1114,0,BTN,0,1,False,8h 2d Kc,8d 3h,0,0,5,0,20,-20
3343,1114,1,SB,0,0,False,,8c 4c,-10,10,2,0,-10,10
3344,1114,2,BB,0,1,False,8h 2d Kc,6h 9d,-20,20,5,0,20,-20
3345,1115,0,BTN,0,3,False,Kd 3c 6d 9s Tc,As 2h,0,0,9,0,20,-20
3346,1115,1,SB,0,3,False,Kd 3c 6d 9s Tc,Js Th,150,-150,9,0,150,-150
3347,1115,2,BB,0,3,False,Kd 3c 6d 9s Tc,7h Qd,-20,20,9,0,20,-20
3348,1116,0,BTN,0,1,False,As 6s 4h,9h 6d,0,0,5,0,20,-20
3349,1116,1,SB,0,0,False,,Ah 7s,20,-20,3,0,20,-20
3350,1116,2,BB,0,1,False,As 6s 4h,5d 2c,-20,20,5,0,20,-20
3351,1117,0,BTN,0,1,False,Qh Jc 6s,2s Kc,0,0,6,0,-20,20
3352,1117,1,SB,0,0,False,,2h 7h,-10,10,2,0,-10,10
3353,1117,2,BB,0,1,False,Qh Jc 6s,6c 7c,20,-20,6,0,-20,20
3354,1118,0,BTN,0,3,True,Ad 6s 2s Tc Ks,6c 9d,0,0,9,0,-20,20
3355,1118,1,SB,0,0,False,,7d 9s,-10,10,2,0,-10,10
3356,1118,2,BB,0,3,True,Ad 6s 2s Tc Ks,Qs 5c,20,-20,9,0,-20,20
3357,1119,0,BTN,0,3,True,3h 9c Qc 5c 9s,Td Ad,-50,50,9,-50,-10,60
3358,1119,1,SB,0,3,True,3h 9c Qc 5c 9s,4c 6d,-10,10,10,-120,-10,130
3359,1119,2,BB,0,3,True,3h 9c Qc 5c 9s,4s 3c,40,-40,12,-20,-20,40
3360,1120,0,BTN,0,2,False,Kh 3c 4d Jh,9c Kd,60,-60,8,60,-10,-50
3361,1120,1,SB,0,1,False,Kh 3c 4d,5h 3s,-10,10,6,30,-10,-20
3362,1120,2,BB,0,1,False,Kh 3c 4d,9h 7d,-20,20,8,40,-20,-20
3363,1121,0,BTN,0,3,True,7c Ad Th 8h 8d,Jd 2s,0,0,12,0,0,0
3364,1121,1,SB,0,0,False,,3h Kc,-10,10,2,0,-10,10
3365,1121,2,BB,0,1,False,7c Ad Th,6h Kh,-20,20,5,0,20,-20
3366,1122,0,BTN,0,3,True,4h 7c Jd 9d Qh,Kc Ac,-275,275,11,-275,1788,-1513
3367,1122,1,SB,0,3,True,4h 7c Jd 9d Qh,6s Js,1562,-1562,13,-781,1562,-781
3368,1122,2,BB,0,3,True,4h 7c Jd 9d Qh,8h 8c,-605,605,12,-605,1210,-605
3369,1123,0,BTN,0,1,False,4s Th 9c,7c 2s,0,0,6,0,-20,20
3370,1123,1,SB,0,1,False,4s Th 9c,5d Kd,-60,60,6,0,-60,60
3371,1123,2,BB,0,3,False,4s Th 9c 6h 3h,Ts Qh,46,-46,11,0,-46,46
3372,1124,0,BTN,0,1,False,8d 4h As,2s Ad,0,0,5,0,20,-20
3373,1124,1,SB,0,0,False,,8c 7d,-10,10,2,0,-10,10
3374,1124,2,BB,0,1,False,8d 4h As,2d Jh,-20,20,5,0,20,-20
3375,1125,0,BTN,0,3,True,Td 9h 8h Ac 3s,Js 6h,0,0,10,0,1920,-1920
3376,1125,1,SB,0,0,False,,Jc 7d,-10,10,2,0,-10,10
3377,1125,2,BB,0,2,False,Td 9h 8h Ac,Qs 6c,-80,80,7,0,80,-80
3378,1126,0,BTN,0,0,False,,7d Ts,0,0,4,0,-20,20
3379,1126,1,SB,0,0,False,,Td 7c,-10,10,2,0,-10,10
3380,1126,2,BB,0,3,True,2d 7s 4c 3d 6d,Ks 3s,-1523.8095238095239,1523.8095238095239,10,0.0,1523.8095238095239,-1523.8095238095239
3381,1127,0,BTN,0,0,False,,Qh 9d,-50,50,4,-50,-10,60
3382,1127,1,SB,0,0,False,,2d 7s,-10,10,2,0,-10,10
3383,1127,2,BB,0,3,True,Qc 7d 3h 8c 6c,Ac As,1067,-1067,12,0,-1067,1067
3384,1128,0,BTN,0,1,False,Kh Ks Tc,Ad 4c,-50,50,7,-50,-50,100
3385,1128,1,SB,0,1,False,Kh Ks Tc,8c 6c,-100,100,6,0,-100,100
3386,1128,2,BB,0,1,False,Kh Ks Tc,7s Td,20,-20,6,0,-20,20
3387,1129,0,BTN,0,1,False,Qh 9h Ks,6c Jh,0,0,5,0,20,-20
3388,1129,1,SB,0,1,False,Qh 9h Ks,Js 9c,60,-60,5,0,60,-60
3389,1129,2,BB,0,1,False,Qh 9h Ks,2c 5c,-20,20,5,0,20,-20
3390,1130,0,BTN,0,3,True,6s 5d Ts Jc 2s,5c 8d,0,0,10,0,-1920,1920
3391,1130,1,SB,0,3,True,6s 5d Ts Jc 2s,Jh 7h,-2000,2000,12,0,-2000,2000
3392,1130,2,BB,0,3,True,6s 5d Ts Jc 2s,2d 2c,2000,-2000,12,0,-2000,2000
3393,1131,0,BTN,0,3,True,Qh Qd 9h Qc Js,Jd Ks,298,-298,14,298,-149,-149
3394,1131,1,SB,0,3,True,Qh Qd 9h Qc Js,4c 4h,-1950,1950,12,1970,-1950,-20
3395,1131,2,BB,0,3,True,Qh Qd 9h Qc Js,Th 8s,-110,110,14,220,-110,-110
3396,1132,0,BTN,0,1,False,8s 7c 2s,9d Ks,60,-60,6,60,-10,-50
3397,1132,1,SB,0,3,True,8s 7c 2s 7h 3c,2h Td,-10,10,9,30,-10,-20
3398,1132,2,BB,0,3,True,8s 7c 2s 7h 3c,Tc 5c,-20,20,9,30,-10,-20
3399,1133,0,BTN,0,1,False,As 2s Kc,9d 6c,0,0,6,0,-20,20
3400,1133,1,SB,0,0,False,,7d Tc,-10,10,2,0,-10,10
3401,1133,2,BB,0,2,False,As 2s Kc 4h,6d Ks,20,-20,8,0,-20,20
3402,1134,0,BTN,0,1,False,2s Td Qs,6s 8c,0,0,5,0,20,-20
3403,1134,1,SB,0,1,False,2s Td Qs,Ks 4s,60,-60,5,0,60,-60
3404,1134,2,BB,0,3,True,2s Td Qs 5c 2c,7h 4h,-20,20,9,0,20,-20
3405,1135,0,BTN,0,3,True,2d 3d 5d 6c 9s,8s Ts,-132,132,10,-132,-10,142
3406,1135,1,SB,0,3,False,2d 3d 5d 6c 9s,6d 9d,250,-250,9,0,250,-250
3407,1135,2,BB,0,2,False,2d 3d 5d 6c,As Th,-80,80,7,0,80,-80
3408,1136,0,BTN,0,3,True,Jc Qh Tc 9h Kh,Qs 9c,74,-74,13,74,75,-149
3409,1136,1,SB,0,3,False,Jc Qh Tc 9h Kh,8d 8c,-60,60,10,0,-60,60
3410,1136,2,BB,0,2,False,Jc Qh Tc 9h,3c As,-20,20,7,0,20,-20
3411,1137,0,BTN,0,3,True,Kd 3d Ks 8d 2s,3h Jc,0,0,10,0,1520,-1520
3412,1137,1,SB,0,3,True,Kd 3d Ks 8d 2s,Kc 3c,2000,-2000,12,0,2000,-2000
3413,1137,2,BB,0,1,False,Kd 3d Ks,5d 4d,-170,170,7,0,170,-170
3414,1138,0,BTN,0,0,False,,6c 9d,0,0,4,0,-20,20
3415,1138,1,SB,0,0,False,,4s 2d,-10,10,2,0,-10,10
3416,1138,2,BB,0,3,False,Ah 3c 3h 9s Ts,Ks Tc,20,-20,10,0,-20,20
3417,1139,0,BTN,0,3,True,6d 7c Ac Th Qd,3h Jc,0,0,11,0,-1604,1604
3418,1139,1,SB,0,0,False,,7s Kd,-10,10,2,0,-10,10
3419,1139,2,BB,0,3,True,6d 7c Ac Th Qd,Tc 7d,742,-742,10,0,-742,742
3420,1140,0,BTN,0,1,False,2c Kc Ts,Ks Th,100,-100,8,100,-50,-50
3421,1140,1,SB,0,2,False,2c Kc Ts Ad,7h 6h,60,-60,7,0,60,-60
3422,1140,2,BB,0,3,True,2c Kc Ts Ad Kd,8c 4h,20,-20,9,0,-20,20
3423,1141,0,BTN,0,3,True,8h Jc As Js Ac,Th 3h,0,0,9,0,0,0
3424,1141,1,SB,0,0,False,,2c 4s,-10,10,2,0,-10,10
3425,1141,2,BB,0,3,True,8h Jc As Js Ac,6c 5d,0,0,9,0,0,0
3426,1142,0,BTN,0,3,True,2d 5c 8c Jh Qc,7h 6h,-338,338,11,-338,-10,348
3427,1142,1,SB,0,0,False,,7c Td,-10,10,2,0,-10,10
3428,1142,2,BB,0,3,True,2d 5c 8c Jh Qc,3d 2c,20,-20,9,0,-20,20
3429,1143,0,BTN,0,1,False,2s 9h Kd,8s 3h,0,0,5,0,20,-20
3430,1143,1,SB,0,0,False,,9c 4h,-10,10,2,0,-10,10
3431,1143,2,BB,0,1,False,2s 9h Kd,7d 8c,-20,20,5,0,20,-20
3432,1144,0,BTN,0,3,True,8c 4h 7h 4c Ah,Js Jd,-1936,1936,13,-1936,-1936,3872
3433,1144,1,SB,0,0,False,,7c As,-88,88,5,108,-88,-20
3434,1144,2,BB,0,3,True,8c 4h 7h 4c Ah,9s 4s,4000,-4000,16,-2000,-2000,4000
3435,1145,0,BTN,0,1,False,3h 6h Jh,3s Th,0,0,6,0,-20,20
3436,1145,1,SB,0,0,False,,9d 7c,-10,10,2,0,-10,10
3437,1145,2,BB,0,1,False,3h 6h Jh,5h 8h,20,-20,6,0,-20,20
3438,1146,0,BTN,0,1,False,Kd 6c Ks,2h 9d,0,0,5,0,20,-20
3439,1146,1,SB,0,2,False,Kd 6c Ks 9h,Kh 4h,100,-100,7,0,100,-100
3440,1146,2,BB,0,1,False,Kd 6c Ks,8d Ts,-20,20,5,0,20,-20
3441,1147,0,BTN,0,3,True,Jd 9d 9h Js Qc,2c 9c,0,0,10,0,-80,80
3442,1147,1,SB,0,0,False,,5d Ks,-10,10,2,0,-10,10
3443,1147,2,BB,0,3,True,Jd 9d 9h Js Qc,7s Qs,46,-46,10,0,-46,46
3444,1148,0,BTN,0,3,False,2s Th 5c Ac 5d,9d 8d,-50,50,13,-50,-50,100
3445,1148,1,SB,0,0,False,,7h 8s,-10,10,2,0,-10,10
3446,1148,2,BB,0,3,False,2s Th 5c Ac 5d,7c 5h,20,-20,10,0,-20,20
3447,1149,0,BTN,0,3,True,Jc 7d 7h Ad 8c,Qd 5d,-1967,1967,10,-1967,2017,-50
3448,1149,1,SB,0,3,True,Jc 7d 7h Ad 8c,Js Kh,139,-139,9,0,139,-139
3449,1149,2,BB,0,1,False,Jc 7d 7h,Kc 9h,-170,170,7,0,170,-170
3450,1150,0,BTN,0,3,True,4d 8c Ks 4c 9d,8h Ts,232,-232,11,232,-10,-222
3451,1150,1,SB,0,0,False,,9h 4s,-10,10,2,0,-10,10
3452,1150,2,BB,0,3,True,4d 8c Ks 4c 9d,Ac 3d,-320,320,9,0,320,-320
3453,1151,0,BTN,0,0,False,,5c 4d,0,0,4,0,-20,20
3454,1151,1,SB,0,0,False,,3s 8h,-10,10,2,0,-10,10
3455,1151,2,BB,0,3,True,8c 3c Qs 7c As,Qd 3d,2000,-2000,10,0,-2000,2000
3456,1152,0,BTN,0,3,False,4c 8s Ts 5d 3s,2h Jd,0,0,11,0,-480,480
3457,1152,1,SB,0,3,False,4c 8s Ts 5d 3s,Qs Ad,-90,90,11,0,-90,90
3458,1152,2,BB,0,3,True,4c 8s Ts 5d 3s,4d 3c,186,-186,10,0,-186,186
3459,1153,0,BTN,0,1,False,7s Jc 5d,Ac Th,-50,50,5,-50,70,-20
3460,1153,1,SB,0,2,False,7s Jc 5d 8c,9s Js,100,-100,7,0,100,-100
3461,1153,2,BB,0,1,False,7s Jc 5d,4h Td,-20,20,5,0,20,-20
3462,1154,0,BTN,0,0,False,,7d Jc,0,0,4,0,-20,20
3463,1154,1,SB,0,3,False,Ks Td 5d 4d 2h,Tc 9d,350,-350,12,-262,350,-88
3464,1154,2,BB,0,1,False,Ks Td 5d,Ah Qc,-20,20,6,-20,40,-20
3465,1155,0,BTN,0,2,False,2s 4d Kd Jh,Ad 7c,-215,215,7,-215,-10,225
3466,1155,1,SB,0,0,False,,6d Th,-10,10,2,0,-10,10
3467,1155,2,BB,0,1,False,2s 4d Kd,Kc 7d,20,-20,6,0,-20,20
3468,1156,0,BTN,0,0,False,,6d 9c,0,0,4,0,-20,20
3469,1156,1,SB,0,3,True,9d 8s 4s 6h 4d,8d 7s,150,-150,9,0,150,-150
3470,1156,2,BB,0,2,False,9d 8s 4s 6h,Ac Td,-80,80,7,0,80,-80
3471,1157,0,BTN,0,3,True,Ts Jd 7d Ac 5s,Qd Jh,-2000,2000,15,-2000,-2000,4000
3472,1157,1,SB,0,3,True,Ts Jd 7d Ac 5s,As 8s,-2000,2000,11,0,-2000,2000
3473,1157,2,BB,0,3,True,Ts Jd 7d Ac 5s,Ad Th,2000,-2000,12,0,-2000,2000
3474,1158,0,BTN,0,1,False,Qd Td Tc,9h 3s,0,0,5,0,20,-20
3475,1158,1,SB,0,3,True,Qd Td Tc 7h Ac,8h Ad,1392,-1392,10,0,1392,-1392
3476,1158,2,BB,0,1,False,Qd Td Tc,7c 4s,-20,20,5,0,20,-20
3477,1159,0,BTN,0,1,False,8d Kh Jh,Td 6h,0,0,6,0,-20,20
3478,1159,1,SB,0,0,False,,9s 2c,-10,10,2,0,-10,10
3479,1159,2,BB,0,1,False,8d Kh Jh,8s Jc,20,-20,6,0,-20,20
3480,1160,0,BTN,0,1,False,Ad Th 7h,Js 2d,0,0,5,0,20,-20
3481,1160,1,SB,0,0,False,,7s Tc,-10,10,2,0,-10,10
3482,1160,2,BB,0,1,False,Ad Th 7h,9c 6s,-20,20,5,0,20,-20
3483,1161,0,BTN,0,3,True,5h 6s Tc Kd 4d,7c 8h,0,0,10,0,1520,-1520
3484,1161,1,SB,0,0,False,,Td 3h,-10,10,2,0,-10,10
3485,1161,2,BB,0,3,True,5h 6s Tc Kd 4d,2s 6c,-1280,1280,9,0,1280,-1280
3486,1162,0,BTN,0,2,False,5s Ac Th 4h,2h 4c,0,0,10,0,-480,480
3487,1162,1,SB,0,0,False,,Kh 6s,-10,10,2,0,-10,10
3488,1162,2,BB,0,3,True,5s Ac Th 4h 8c,Jh Ah,432,-432,12,0,-432,432
3489,1163,0,BTN,0,2,False,Qh As Th 9d,3d Kc,0,0,7,0,20,-20
3490,1163,1,SB,0,3,True,Qh As Th 9d Js,6s 6c,60,-60,9,0,60,-60
3491,1163,2,BB,0,1,False,Qh As Th,2c 7h,-20,20,5,0,20,-20
3492,1164,0,BTN,0,3,True,Ks 8d 5s 2h Jc,4h Qs,0,0,11,0,1604,-1604
3493,1164,1,SB,0,0,False,,2s Kd,-10,10,2,0,-10,10
3494,1164,2,BB,0,3,True,Ks 8d 5s 2h Jc,Kc 6s,-2000,2000,10,0,2000,-2000
3495,1165,0,BTN,0,2,False,6h 7s Jd 9c,Qd 7h,0,0,7,0,20,-20
3496,1165,1,SB,0,0,False,,8s 5d,-10,10,2,0,-10,10
3497,1165,2,BB,0,2,False,6h 7s Jd 9c,Qc 5c,-20,20,7,0,20,-20
3498,1166,0,BTN,0,3,True,9c Ts 8h Js 3c,6s Tc,0,0,10,0,1920,-1920
3499,1166,1,SB,0,3,True,9c Ts 8h Js 3c,Qh Jh,1392,-1392,10,0,1392,-1392
3500,1166,2,BB,0,1,False,9c Ts 8h,Ks 7d,-170,170,7,0,170,-170
3501,1167,0,BTN,0,3,False,5c As Qd Tc 6c,Jc 4s,0,0,9,0,80,-80
3502,1167,1,SB,0,0,False,,Ts 6h,-10,10,2,0,-10,10
3503,1167,2,BB,0,3,False,5c As Qd Tc 6c,3d Kc,-80,80,9,0,80,-80
3504,1168,0,BTN,0,2,False,Qd 9s 6d 7h,7c Ks,0,0,7,0,80,-80
3505,1168,1,SB,0,2,False,Qd 9s 6d 7h,2h Qc,-10,10,8,50,-10,-40
3506,1168,2,BB,0,1,False,Qd 9s 6d,Jh 8c,-20,20,6,-20,40,-20
3507,1169,0,BTN,0,0,False,,2s Qd,0,0,4,0,-20,20
3508,1169,1,SB,0,0,False,,4c 2d,-10,10,2,0,-10,10
3509,1169,2,BB,0,2,False,Th Kh 3d Qc,Qh As,20,-20,8,0,-20,20
3510,1170,0,BTN,0,3,False,3d Ac 5c Td Ah,Kd Ad,564,-564,12,564,-10,-554
3511,1170,1,SB,0,3,False,3d Ac 5c Td Ah,3s 9d,-10,10,12,585,-10,-575
3512,1170,2,BB,0,3,False,3d Ac 5c Td Ah,4d Jd,-470,470,14,490,-20,-470
3513,1171,0,BTN,0,2,False,Kd As 9d 3d,5d 4d,60,-60,8,60,-10,-50
3514,1171,1,SB,0,0,False,,2c 9s,-10,10,2,0,-10,10
3515,1171,2,BB,0,1,False,Kd As 9d,4c 2s,-20,20,5,0,20,-20
3516,1172,0,BTN,0,2,False,4s 9c Js 8s,8d 4d,0,0,7,0,80,-80
3517,1172,1,SB,0,0,False,,Jc 5s,-10,10,2,0,-10,10
3518,1172,2,BB,0,1,False,4s 9c Js,Ah 6c,-20,20,5,0,20,-20
3519,1173,0,BTN,0,1,False,As 8h 4s,Ks 2s,100,-100,8,100,-50,-50
3520,1173,1,SB,0,3,False,As 8h 4s Jd 3h,Js 9c,100,-100,9,0,100,-100
3521,1173,2,BB,0,2,False,As 8h 4s Jd,7c Td,-20,20,7,0,20,-20
3522,1174,0,BTN,0,2,False,2d Jh Js 7h,3h 9c,0,0,8,0,480,-480
3523,1174,1,SB,0,0,False,,7c Jd,-10,10,2,0,-10,10
3524,1174,2,BB,0,2,False,2d Jh Js 7h,Qc 6s,-80,80,7,0,80,-80
3525,1175,0,BTN,0,2,False,Jh 3c 9s 6d,4c Ah,-86,86,8,-86,-10,96
3526,1175,1,SB,0,2,False,Jh 3c 9s 6d,5h Qh,-100,100,8,0,-100,100
3527,1175,2,BB,0,3,True,Jh 3c 9s 6d 6s,5d 5s,20,-20,9,0,-20,20
3528,1176,0,BTN,0,3,True,Jd Tc Js 7h 8h,Qs 9h,2010,-2010,13,2010,-10,-2000
3529,1176,1,SB,0,3,False,Jd Tc Js 7h 8h,4d Qd,-100,100,10,0,-100,100
3530,1176,2,BB,0,3,False,Jd Tc Js 7h 8h,5h 9s,20,-20,10,0,-20,20
3531,1177,0,BTN,0,0,False,,4h Qs,0,0,4,0,-20,20
3532,1177,1,SB,0,0,False,,7c Th,-10,10,2,0,-10,10
3533,1177,2,BB,0,3,True,7h 7d 6s 8s 2d,Jd Jh,-1680.0,1680.0,8,0.0,1680.0,-1680.0
3534,1178,0,BTN,0,3,True,8s 8c Ks Ac Ah,5c 3d,0,0,9,0,0,0
3535,1178,1,SB,0,2,False,8s 8c Ks Ac,Th 9c,60,-60,7,0,60,-60
3536,1178,2,BB,0,3,True,8s 8c Ks Ac Ah,5s Tc,0,0,9,0,0,0
3537,1179,0,BTN,0,1,False,Qs Jh 8c,4d Js,0,0,6,0,-20,20
3538,1179,1,SB,0,0,False,,3c 2d,-10,10,2,0,-10,10
3539,1179,2,BB,0,3,True,Qs Jh 8c 4h 7h,As 7s,20,-20,9,0,-20,20
3540,1180,0,BTN,0,1,False,5c 4c 7c,7d 4s,0,0,7,0,-120,120
3541,1180,1,SB,0,0,False,,9h Qd,-60,60,4,0,-60,60
3542,1180,2,BB,0,1,False,5c 4c 7c,Ks Kc,20,-20,6,0,-20,20
3543,1181,0,BTN,0,3,True,3h Qc 3s 3c Ah,Qs Qh,2020,-2020,11,2020,-2000,-20
3544,1181,1,SB,0,0,False,,As 7c,-88,88,5,108,-88,-20
3545,1181,2,BB,0,1,False,3h Qc 3s,9s 4d,-20,20,8,40,-20,-20
3546,1182,0,BTN,0,0,False,,6s 9s,-50,50,4,-50,-10,60
3547,1182,1,SB,0,0,False,,Tc 4h,-10,10,2,0,-10,10
3548,1182,2,BB,0,3,True,Qs 4d Ts 6h 3d,As Ac,-880.0,880.0,8,0.0,880.0,-880.0
3549,1183,0,BTN,0,2,False,Ac Ad 5s 3d,7s 5c,0,0,9,0,-120,120
3550,1183,1,SB,0,0,False,,6c 2d,-10,10,2,0,-10,10
3551,1183,2,BB,0,3,True,Ac Ad 5s 3d Js,4s 4h,20,-20,9,0,-20,20
3552,1184,0,BTN,0,3,True,Td Js Jh Ad 4c,Qc 8d,-218,218,10,-218,-10,228
3553,1184,1,SB,0,0,False,,8s 6c,-10,10,2,0,-10,10
3554,1184,2,BB,0,3,True,Td Js Jh Ad 4c,Kc 2d,20,-20,9,0,-20,20
3555,1185,0,BTN,0,3,False,9d Kc Qc 9h Qd,Tc 8s,-218,218,10,-218,-10,228
3556,1185,1,SB,0,0,False,,2s 4h,-10,10,2,0,-10,10
3557,1185,2,BB,0,3,True,9d Kc Qc 9h Qd,Ah 7s,20,-20,9,0,-20,20
3558,1186,0,BTN,0,3,False,2s 6s As 9h Ts,Th 2d,0,0,9,0,120,-120
3559,1186,1,SB,0,0,False,,3s 3h,20,-20,3,0,20,-20
3560,1186,2,BB,0,3,False,2s 6s As 9h Ts,5h 2c,-80,80,9,0,80,-80
3561,1187,0,BTN,0,1,False,5c As 2s,2h 9h,0,0,7,0,-120,120
3562,1187,1,SB,0,1,False,5c As 2s,Jd 8d,-60,60,6,0,-60,60
3563,1187,2,BB,0,1,False,5c As 2s,3d 4c,20,-20,6,0,-20,20
3564,1188,0,BTN,0,3,True,5s 5d As 6s Ks,8d 5h,0,0,10,0,-40,40
3565,1188,1,SB,0,3,True,5s 5d As 6s Ks,7c 9c,-150,150,9,0,-150,150
3566,1188,2,BB,0,3,True,5s 5d As 6s Ks,Tc Qd,20,-20,9,0,-20,20
3567,1189,0,BTN,0,3,True,8h Ah Jh 6h Js,3h 4d,0,0,9,0,-20,20
3568,1189,1,SB,0,3,True,8h Ah Jh 6h Js,5d Qd,-100,100,9,0,-100,100
3569,1189,2,BB,0,3,True,8h Ah Jh 6h Js,Qc Ts,20,-20,9,0,-20,20
3570,1190,0,BTN,0,3,False,Kh Jd Js Qs 2s,Ks Qh,96,-96,11,96,-10,-86
3571,1190,1,SB,0,1,False,Kh Jd Js,7c 4h,-10,10,6,30,-10,-20
3572,1190,2,BB,0,1,False,Kh Jd Js,8c 6h,-20,20,8,40,-20,-20
3573,1191,0,BTN,0,1,False,5s Ad 6c,Kh 5d,0,0,5,0,20,-20
3574,1191,1,SB,0,1,False,5s Ad 6c,8h 8s,60,-60,5,0,60,-60
3575,1191,2,BB,0,1,False,5s Ad 6c,2d 7c,-20,20,5,0,20,-20
3576,1192,0,BTN,0,0,False,,4h 8d,0,0,4,0,-20,20
3577,1192,1,SB,0,0,False,,Tc 9s,-60,60,4,0,-60,60
3578,1192,2,BB,0,3,True,Jh Ad Qs Td 6s,Ac Kh,267,-267,12,0,-267,267
3579,1193,0,BTN,0,3,True,5d Qs 6h 6s Kh,Kd 8d,-50,50,12,-50,-1175,1225
3580,1193,1,SB,0,3,True,5d Qs 6h 6s Kh,9h Kc,10,-10,12,10,10,-20
3581,1193,2,BB,0,3,True,5d Qs 6h 6s Kh,4d 6c,2020,-2020,15,-20,-2000,2020
3582,1194,0,BTN,0,1,False,6d 8c 3h,Th 8s,0,0,6,0,120,-120
3583,1194,1,SB,0,3,True,6d 8c 3h Ks 7c,8d Kd,2000,-2000,12,0,2000,-2000
3584,1194,2,BB,0,3,True,6d 8c 3h Ks 7c,Kc 7h,-2000,2000,10,0,2000,-2000
3585,1195,0,BTN,0,2,False,6d 9c 6h Jh,2h 2s,-230,230,8,-230,250,-20
3586,1195,1,SB,0,1,False,6d 9c 6h,Ad Ts,60,-60,5,0,60,-60
3587,1195,2,BB,0,3,True,6d 9c 6h Jh Kd,2d 4s,-20,20,9,0,20,-20
3588,1196,0,BTN,0,3,True,Ac Qd 5h Ad 5c,Jh Jc,721,-721,13,721,-671,-50
3589,1196,1,SB,0,1,False,Ac Qd 5h,7d Kh,-10,10,6,30,-10,-20
3590,1196,2,BB,0,1,False,Ac Qd 5h,7h 8c,-20,20,8,40,-20,-20
3591,1197,0,BTN,0,2,False,Td 7h 6c Qc,Kd 2d,-50,50,7,-50,-10,60
3592,1197,1,SB,0,3,True,Td 7h 6c Qc 6h,Qd Th,2000,-2000,11,0,2000,-2000
3593,1197,2,BB,0,3,True,Td 7h 6c Qc 6h,Qh 9d,-2000,2000,10,0,2000,-2000
3594,1198,0,BTN,0,3,True,8c 6c Jc 9h 4s,Ts 4c,0,0,11,0,480,-480
3595,1198,1,SB,0,3,True,8c 6c Jc 9h 4s,8h 5h,1200,-1200,11,0,1200,-1200
3596,1198,2,BB,0,3,True,8c 6c Jc 9h 4s,Kc 6h,-840,840,11,0,840,-840
3597,1199,0,BTN,0,3,True,8c Kh Qc 7c 6c,Td Tc,2050,-2050,11,2050,-2000,-50
3598,1199,1,SB,0,3,True,8c Kh Qc 7c 6c,Ks Js,1336.6,-1336.6,9,-1316.6,1336.6,-20.0
3599,1199,2,BB,0,3,True,8c Kh Qc 7c 6c,7s 4h,-20,20,12,1930,-1910,-20
3600,1200,0,BTN,0,3,True,9h Qs Jc Ah Kc,5d 8d,0,0,9,0,0,0
3601,1200,1,SB,0,0,False,,8c 2s,-10,10,2,0,-10,10
3602,1200,2,BB,0,3,True,9h Qs Jc Ah Kc,3s 6d,0,0,9,0,0,0
3603,1201,0,BTN,0,0,False,,9h Ks,-50,50,4,-50,-10,60
3604,1201,1,SB,0,1,False,7h Td Tc,4c Qh,-10,10,6,-120,-10,130
3605,1201,2,BB,0,3,True,7h Td Tc 9d Jd,As Ah,172,-172,12,-20,-152,172
3606,1202,0,BTN,0,2,False,2c 4h 4d Ts,Kc 9s,-50,50,7,-50,-10,60
3607,1202,1,SB,0,3,True,2c 4h 4d Ts 3h,6c 7d,-10,10,10,-182,-10,192
3608,1202,2,BB,0,3,True,2c 4h 4d Ts 3h,Qd Kh,40,-40,12,-20,-20,40
3609,1203,0,BTN,0,2,False,3s 2h 4s Kh,Th 9d,60,-60,8,60,-10,-50
3610,1203,1,SB,0,0,False,,2c 8d,-10,10,2,0,-10,10
3611,1203,2,BB,0,3,True,3s 2h 4s Kh Kd,7d 5s,-20,20,9,0,20,-20
3612,1204,0,BTN,0,2,False,Qc Kd 3c 6c,5s 6h,0,0,9,0,-80,80
3613,1204,1,SB,0,1,False,Qc Kd 3c,7s Ad,-60,60,6,0,-60,60
3614,1204,2,BB,0,3,True,Qc Kd 3c 6c 8d,3s Ah,20,-20,9,0,-20,20
3615,1205,0,BTN,0,3,True,Jd 2c Qd Jh 5d,2s 8c,0,0,11,0,-1920,1920
3616,1205,1,SB,0,1,False,Jd 2c Qd,As 8d,-60,60,6,0,-60,60
3617,1205,2,BB,0,3,True,Jd 2c Qd Jh 5d,6c Qc,742,-742,11,0,-742,742
3618,1206,0,BTN,0,3,True,4s Tc 8s As Qc,Ad Ac,801,-801,12,801,-10,-791
3619,1206,1,SB,0,1,False,4s Tc 8s,3h 9d,-10,10,6,130,-10,-120
3620,1206,2,BB,0,0,False,,Kc 7h,-20,20,3,30,-10,-20
3621,1207,0,BTN,0,2,False,3s 2h 8h 5c,Kc Qs,-78,78,7,-78,-10,88
3622,1207,1,SB,0,2,False,3s 2h 8h 5c,3h 9c,-10,10,7,-40,-10,50
3623,1207,2,BB,0,3,True,3s 2h 8h 5c 7d,2d 4s,-40,40,12,-40,80,-40
3624,1208,0,BTN,0,3,False,8h 8s 7s 6c Th,6d 3s,0,0,9,0,20,-20
3625,1208,1,SB,0,2,False,8h 8s 7s 6c,9c Ks,100,-100,7,0,100,-100
3626,1208,2,BB,0,3,False,8h 8s 7s 6c Th,5d Qd,-20,20,9,0,20,-20
3627,1209,0,BTN,0,2,False,Ts 9s 5d 4h,9c 2d,0,0,9,0,-80,80
3628,1209,1,SB,0,0,False,,8s 6h,-10,10,2,0,-10,10
3629,1209,2,BB,0,3,True,Ts 9s 5d 4h Ad,Ks 5s,60,-60,10,0,-60,60
3630,1210,0,BTN,0,2,False,8c 4s 5h 3h,3d 9s,0,0,8,0,-80,80
3631,1210,1,SB,0,1,False,8c 4s 5h,Ah 7s,-60,60,6,0,-60,60
3632,1210,2,BB,0,3,True,8c 4s 5h 3h Kc,5c 9d,80,-80,9,0,-80,80
3633,1211,0,BTN,0,3,True,Tc 9s 8s 8d 3h,3d Jc,0,0,11,0,-1520,1520
3634,1211,1,SB,0,2,False,Tc 9s 8s 8d,Ks Qc,-300,300,9,0,-300,300
3635,1211,2,BB,0,3,True,Tc 9s 8s 8d 3h,Ts 7d,186,-186,10,0,-186,186
3636,1212,0,BTN,0,3,True,9d Kh Qh 9c Th,Kd Ks,2050,-2050,14,2050,-2000,-50
3637,1212,1,SB,0,0,False,,Jd 3d,-10,10,3,30,-10,-20
3638,1212,2,BB,0,0,False,,7d 3c,-20,20,3,30,-10,-20
3639,1213,0,BTN,0,1,False,Tc Jh 2d,Kd 7h,0,0,6,0,-20,20
3640,1213,1,SB,0,1,False,Tc Jh 2d,3s 5s,-10,10,5,-20,-10,30
3641,1213,2,BB,0,1,False,Tc Jh 2d,2s Td,40,-40,7,-20,-20,40
3642,1214,0,BTN,0,3,True,As 6h Qc 6d Jc,2h Kd,0,0,9,0,0,0
3643,1214,1,SB,0,0,False,,7d 4d,-10,10,2,0,-10,10
3644,1214,2,BB,0,3,True,As 6h Qc 6d Jc,2d 9h,0,0,9,0,0,0
3645,1215,0,BTN,0,3,True,2s Ah 5s 6h Ac,8h As,962,-962,14,962,-912,-50
3646,1215,1,SB,0,2,False,2s Ah 5s 6h,Kd Qd,-60,60,8,0,-60,60
3647,1215,2,BB,0,3,True,2s Ah 5s 6h Ac,2d 6d,107,-107,11,0,-107,107
3648,1216,0,BTN,0,1,False,Kh 3h Td,2d 7h,0,0,6,0,-20,20
3649,1216,1,SB,0,0,False,,8d 4d,-10,10,2,0,-10,10
3650,1216,2,BB,0,3,True,Kh 3h Td Jc 9h,9s 3d,20,-20,9,0,-20,20
3651,1217,0,BTN,0,3,True,6s Qc 2c 2d 4h,2h 7d,0,0,9,0,20,-20
3652,1217,1,SB,0,3,True,6s Qc 2c 2d 4h,7c 8s,60,-60,9,0,60,-60
3653,1217,2,BB,0,3,True,6s Qc 2c 2d 4h,5c 8c,-20,20,9,0,20,-20
3654,1218,0,BTN,0,3,False,6h Ad 4h 5h Qc,Th 8c,-86,86,10,-86,-10,96
3655,1218,1,SB,0,0,False,,3c 6d,-10,10,2,0,-10,10
3656,1218,2,BB,0,1,False,6h Ad 4h,9h Qs,-20,20,5,0,20,-20
3657,1219,0,BTN,0,3,True,Tc 4c Qs 9h 5c,9d 3d,0,0,11,0,1604,-1604
3658,1219,1,SB,0,3,True,Tc 4c Qs 9h 5c,Th Kc,2000,-2000,11,0,2000,-2000
3659,1219,2,BB,0,2,False,Tc 4c Qs 9h,7h Td,-80,80,7,0,80,-80
3660,1220,0,BTN,0,3,True,7c Ad 4h 6d 5s,2c 4s,0,0,11,0,-1704,1704
3661,1220,1,SB,0,0,False,,2d Ah,-10,10,2,0,-10,10
3662,1220,2,BB,0,3,True,7c Ad 4h 6d 5s,8s As,742,-742,10,0,-742,742
3663,1221,0,BTN,0,1,False,4s Ts Jd,6h 8s,0,0,5,0,20,-20
3664,1221,1,SB,0,0,False,,Th 4c,-10,10,2,0,-10,10
3665,1221,2,BB,0,1,False,4s Ts Jd,6d 9h,-20,20,5,0,20,-20
3666,1222,0,BTN,0,0,False,,Jc 3h,0,0,3,0,20,-20
3667,1222,1,SB,0,3,True,6c Kh 4s 2h 6s,Tc Th,-2000,2000,12,0,-2000,2000
3668,1222,2,BB,0,3,True,6c Kh 4s 2h 6s,6d 9d,2000,-2000,10,0,-2000,2000
3669,1223,0,BTN,0,3,True,Th 4d 3d 6c Kd,Qh 6s,0,0,10,0,1920,-1920
3670,1223,1,SB,0,0,False,,3c Tc,-10,10,2,0,-10,10
3671,1223,2,BB,0,3,True,Th 4d 3d 6c Kd,7h 7c,-1280,1280,9,0,1280,-1280
3672,1224,0,BTN,0,3,False,6c 6s 6h 4c 6d,2d 2s,-50,50,12,-50,100,-50
3673,1224,1,SB,0,3,True,6c 6s 6h 4c 6d,9s Ks,232,-232,9,0,232,-232
3674,1224,2,BB,0,3,True,6c 6s 6h 4c 6d,Qs Jd,-160,160,9,0,160,-160
3675,1225,0,BTN,0,3,True,Ks 7d 8s 9c Jc,3h 4c,0,0,9,0,80,-80
3676,1225,1,SB,0,2,False,Ks 7d 8s 9c,Qh Td,100,-100,7,0,100,-100
3677,1225,2,BB,0,3,True,Ks 7d 8s 9c Jc,Jh 3d,-80,80,9,0,80,-80
3678,1226,0,BTN,0,0,False,,7h Tc,0,0,4,0,-20,20
3679,1226,1,SB,0,0,False,,2h 3c,-10,10,2,0,-10,10
3680,1226,2,BB,0,3,True,Ts 5d Jd 5s Jh,4c Kc,20,-20,9,0,-20,20
3681,1227,0,BTN,0,1,False,Kc Jd Js,Td 6h,0,0,5,0,20,-20
3682,1227,1,SB,0,3,False,Kc Jd Js 2s Jh,5h Kh,100,-100,9,0,100,-100
3683,1227,2,BB,0,1,False,Kc Jd Js,3c 6c,-20,20,5,0,20,-20
3684,1228,0,BTN,0,1,False,Ad Ks 4d,Jc 8d,60,-60,6,60,-10,-50
3685,1228,1,SB,0,0,False,,Ts 4c,-10,10,2,0,-10,10
3686,1228,2,BB,0,1,False,Ad Ks 4d,3d 9h,-20,20,5,0,20,-20
3687,1229,0,BTN,0,0,False,,2h 8d,0,0,4,0,-20,20
3688,1229,1,SB,0,0,False,,6c 8s,-10,10,2,0,-10,10
3689,1229,2,BB,0,3,True,7c 9h 8h Jd 2c,7h 7d,2000,-2000,11,0,-2000,2000
3690,1230,0,BTN,0,1,False,Th 5c 7s,Jh 8h,60,-60,6,60,-10,-50
3691,1230,1,SB,0,0,False,,6h 8s,-10,10,2,0,-10,10
3692,1230,2,BB,0,2,False,Th 5c 7s 8c,Qd 9d,-20,20,7,0,20,-20
3693,1231,0,BTN,0,1,False,Kh 6h Ac,Td 4s,0,0,5,0,20,-20
3694,1231,1,SB,0,1,False,Kh 6h Ac,As 8h,60,-60,5,0,60,-60
3695,1231,2,BB,0,1,False,Kh 6h Ac,2c 3c,-20,20,5,0,20,-20
3696,1232,0,BTN,0,2,False,7c 2c Tc 8c,9s 6c,0,0,9,0,-80,80
3697,1232,1,SB,0,0,False,,7d Qh,-10,10,2,0,-10,10
3698,1232,2,BB,0,3,False,7c 2c Tc 8c 5c,2d Qc,46,-46,11,0,-46,46
3699,1233,0,BTN,0,3,True,3d 5h 6d Kd Kc,7c Jd,0,0,11,0,-1280,1280
3700,1233,1,SB,0,1,False,3d 5h 6d,Js 6c,-10,10,5,-20,-10,30
3701,1233,2,BB,0,3,True,3d 5h 6d Kd Kc,Ad 6h,2020,-2020,15,-20,-2000,2020
3702,1234,0,BTN,0,3,True,4s 3s Qd 6c 6d,7s Qh,0,0,10,0,-120,120
3703,1234,1,SB,0,0,False,,9d Kc,-60,60,4,0,-60,60
3704,1234,2,BB,0,3,True,4s 3s Qd 6c 6d,Kd Ah,20,-20,9,0,-20,20
3705,1235,0,BTN,0,3,True,Td Th 2c 7d 6h,Kc 2h,0,0,10,0,-320,320
3706,1235,1,SB,0,0,False,,3d Ac,-10,10,2,0,-10,10
3707,1235,2,BB,0,3,True,Td Th 2c 7d 6h,2s Kh,80,-80,9,0,-80,80
3708,1236,0,BTN,0,3,True,7c 4d 2c 7h Qh,8s Ah,60,-60,9,60,-10,-50
3709,1236,1,SB,0,0,False,,9c 4s,-10,10,2,0,-10,10
3710,1236,2,BB,0,1,False,7c 4d 2c,Ts 3h,-20,20,5,0,20,-20
3711,1237,0,BTN,0,2,False,8s 4c 2c 4h,2h Jd,0,0,8,0,-20,20
3712,1237,1,SB,0,1,False,8s 4c 2c,Kd 9h,-60,60,6,0,-60,60
3713,1237,2,BB,0,3,True,8s 4c 2c 4h Qd,Qh 4s,107,-107,11,0,-107,107
3714,1238,0,BTN,0,3,True,8h 6c 6h 7s Th,7c Qc,96,-96,10,96,-10,-86
3715,1238,1,SB,0,2,False,8h 6c 6h 7s,5d 7d,60,-60,7,0,60,-60
3716,1238,2,BB,0,2,False,8h 6c 6h 7s,Js 2s,-20,20,7,0,20,-20
3717,1239,0,BTN,0,2,False,7c Th 6c 3c,8s 3s,0,0,9,0,-80,80
3718,1239,1,SB,0,1,False,7c Th 6c,Kd 8c,-60,60,6,0,-60,60
3719,1239,2,BB,0,3,True,7c Th 6c 3c Ah,4c 7d,20,-20,9,0,-20,20
3720,1240,0,BTN,0,1,False,6h Ac Td,5d 5h,70,-70,6,70,-50,-20
3721,1240,1,SB,0,1,False,6h Ac Td,5s Js,-88,88,7,108,-88,-20
3722,1240,2,BB,0,3,True,6h Ac Td 9c Qs,4h 2s,-20,20,12,40,-20,-20
3723,1241,0,BTN,0,2,False,8d 2d Js 5h,8h 6d,0,0,8,0,-20,20
3724,1241,1,SB,0,0,False,,7c Qd,-10,10,2,0,-10,10
3725,1241,2,BB,0,3,True,8d 2d Js 5h Td,6c 5c,20,-20,9,0,-20,20
3726,1242,0,BTN,0,3,False,8h 4s 6h Tc Ad,Jh Ah,70,-70,10,70,-50,-20
3727,1242,1,SB,0,1,False,8h 4s 6h,Jc Qh,-235,235,7,255,-235,-20
3728,1242,2,BB,0,1,False,8h 4s 6h,3d Th,-20,20,8,40,-20,-20
3729,1243,0,BTN,0,3,True,Qs 2c 2d 7c 8h,Jc 6d,0,0,11,0,0,0
3730,1243,1,SB,0,0,False,,7s Jd,-10,10,2,0,-10,10
3731,1243,2,BB,0,3,True,Qs 2c 2d 7c 8h,7h 9s,0,0,9,0,0,0
3732,1244,0,BTN,0,3,True,Td Js 5s 4s 4h,Qs 6c,0,0,11,0,1604,-1604
3733,1244,1,SB,0,3,True,Td Js 5s 4s 4h,Th Jc,2000,-2000,11,0,2000,-2000
3734,1244,2,BB,0,3,True,Td Js 5s 4s 4h,Ts 7d,-1280,1280,9,0,1280,-1280
3735,1245,0,BTN,0,3,False,Td Ah Tc Ts 2h,Qc Qd,232,-232,12,232,-10,-222
3736,1245,1,SB,0,2,False,Td Ah Tc Ts,Kd 4s,-10,10,9,105,-10,-95
3737,1245,2,BB,0,3,True,Td Ah Tc Ts 2h,Jh 6c,-20,20,13,1714,-1694,-20
3738,1246,0,BTN,0,3,True,8s 9c Jc 6c Ac,Ks 5h,0,0,9,0,20,-20
3739,1246,1,SB,0,0,False,,4h 6s,-10,10,2,0,-10,10
3740,1246,2,BB,0,3,True,8s 9c Jc 6c Ac,2h 4d,-20,20,9,0,20,-20
3741,1247,0,BTN,0,3,True,Kh Ah 5d Qd 6h,Qh Qc,2010,-2010,12,2010,-10,-2000
3742,1247,1,SB,0,3,True,Kh Ah 5d Qd 6h,2s 9h,-10,10,11,1818,-10,-1808
3743,1247,2,BB,0,1,False,Kh Ah 5d,8h 8d,-20,20,8,40,-20,-20
3744,1248,0,BTN,0,3,True,As Qc Ad 6h 8c,2s Ac,0,0,10,0,-1920,1920
3745,1248,1,SB,0,0,False,,Qh 2d,-10,10,2,0,-10,10
3746,1248,2,BB,0,2,False,As Qc Ad 6h,8h 8d,-80,80,7,0,80,-80
3747,1249,0,BTN,0,1,False,9s Ad Tc,Qd 7d,-380,380,7,-380,-10,390
3748,1249,1,SB,0,0,False,,2h Jc,-10,10,2,0,-10,10
3749,1249,2,BB,0,2,False,9s Ad Tc 4h,Ts 4c,20,-20,8,0,-20,20
3750,1250,0,BTN,0,2,False,Jd Td Jc 4d,9c 2d,0,0,8,0,-20,20
3751,1250,1,SB,0,0,False,,3s 6s,-10,10,2,0,-10,10
3752,1250,2,BB,0,3,True,Jd Td Jc 4d 6h,9h 4h,-80,80,9,0,80,-80
3753,1251,0,BTN,0,3,True,5c Ac 5d 3d 4c,8h 9h,-50,50,11,-50,1450,-1400
3754,1251,1,SB,0,2,False,5c Ac 5d 3d,Ad 9c,-240,240,9,0,-240,240
3755,1251,2,BB,0,3,True,5c Ac 5d 3d 4c,4h Ah,-1280,1280,9,0,1280,-1280
3756,1252,0,BTN,0,3,True,Ac Qd 2s 9h 5s,6h Td,0,0,9,0,20,-20
3757,1252,1,SB,0,0,False,,7s Tc,-10,10,2,0,-10,10
3758,1252,2,BB,0,3,True,Ac Qd 2s 9h 5s,4s 8s,-20,20,9,0,20,-20
3759,1253,0,BTN,0,3,True,6d Jd 2h 3h Js,Ts Qd,-50,50,11,-50,-1967,2017
3760,1253,1,SB,0,3,True,6d Jd 2h 3h Js,Ad 9d,-1920,1920,12,0,-1920,1920
3761,1253,2,BB,0,3,True,6d Jd 2h 3h Js,Jh 7h,2000,-2000,12,0,-2000,2000
3762,1254,0,BTN,0,1,False,5s Th 9s,2c Td,0,0,6,0,-20,20
3763,1254,1,SB,0,0,False,,3c 4h,-10,10,2,0,-10,10
3764,1254,2,BB,0,3,True,5s Th 9s Kc 8d,5d 3h,20,-20,9,0,-20,20
3765,1255,0,BTN,0,1,False,8h 6s Td,7d Kh,0,0,7,0,-120,120
3766,1255,1,SB,0,3,True,8h 6s Td 7s 3d,Jd 3c,-10,10,10,2005,-10,-1995
3767,1255,2,BB,0,3,True,8h 6s Td 7s 3d,Qc 6c,-20,20,12,40,-20,-20
3768,1256,0,BTN,0,3,False,2c Ad 5d 3s 3d,Qc 4c,96,-96,11,96,-10,-86
3769,1256,1,SB,0,0,False,,Qd 6c,-10,10,2,0,-10,10
3770,1256,2,BB,0,3,True,2c Ad 5d 3s 3d,7s Tc,-20,20,9,0,20,-20
3771,1257,0,BTN,0,3,True,8d 5s 7s Qd Ts,6d Ad,-50,50,12,-50,-50,100
3772,1257,1,SB,0,3,True,8d 5s 7s Qd Ts,9c As,-88,88,13,-88,-88,176
3773,1257,2,BB,0,3,True,8d 5s 7s Qd Ts,Kh Td,40,-40,12,-20,-20,40
3774,1258,0,BTN,0,1,False,Kc Js 4d,9h 3d,0,0,7,0,-120,120
3775,1258,1,SB,0,0,False,,6s 3s,-10,10,2,0,-10,10
3776,1258,2,BB,0,1,False,Kc Js 4d,Qd Qs,20,-20,6,0,-20,20
3777,1259,0,BTN,0,2,False,6h Td Kh 5c,6d Kc,0,0,10,0,-480,480
3778,1259,1,SB,0,3,True,6h Td Kh 5c 8c,3h Jh,-10,10,11,-1770,-10,1780
3779,1259,2,BB,0,2,False,6h Td Kh 5c,8h 8d,-140,140,13,280,-140,-140
3780,1260,0,BTN,0,3,True,Jc 2s 6d 7c Kd,Kc 9c,2010,-2010,10,2010,-10,-2000
3781,1260,1,SB,0,3,True,Jc 2s 6d 7c Kd,9h 6h,-88,88,15,572,-88,-484
3782,1260,2,BB,0,3,True,Jc 2s 6d 7c Kd,5h 5s,-20,20,11,1930,-1910,-20
3783,1261,0,BTN,0,3,True,8s Kh Qc 6s 3d,4s 9d,0,0,9,0,-20,20
3784,1261,1,SB,0,0,False,,4d 7h,-10,10,2,0,-10,10
3785,1261,2,BB,0,3,True,8s Kh Qc 6s 3d,7s Th,20,-20,9,0,-20,20
3786,1262,0,BTN,0,0,False,,7c Jd,0,0,4,0,-20,20
3787,1262,1,SB,0,3,False,Qc 7s 8d 7d Jh,6h Tc,-10,10,12,505,-10,-495
3788,1262,2,BB,0,3,True,Qc 7s 8d 7d Jh,3s 3c,-470,470,14,490,-20,-470
3789,1263,0,BTN,0,3,True,Ac 3d 8d 4h Kc,7h 2s,0,0,10,0,1680,-1680
3790,1263,1,SB,0,0,False,,4s Kh,-10,10,2,0,-10,10
3791,1263,2,BB,0,3,True,Ac 3d 8d 4h Kc,8h 9d,-640,640,9,0,640,-640
3792,1264,0,BTN,0,3,True,3h 9d Ah 6h Ac,2s 6c,0,0,9,0,1280,-1280
3793,1264,1,SB,0,3,True,3h 9d Ah 6h Ac,5s Ad,557,-557,10,0,557,-557
3794,1264,2,BB,0,3,True,3h 9d Ah 6h Ac,Kc 3d,-1280,1280,9,0,1280,-1280
3795,1265,0,BTN,0,3,True,9h Js 6c 8h 5c,Td 7h,0,0,10,0,-1520,1520
3796,1265,1,SB,0,0,False,,Kh 6d,-10,10,2,0,-10,10
3797,1265,2,BB,0,3,True,9h Js 6c 8h 5c,Th 8d,1020,-1020,10,0,-1020,1020
3798,1266,0,BTN,0,3,True,Kd Th 7c 4c Qh,7d 4h,0,0,11,0,-1704,1704
3799,1266,1,SB,0,2,False,Kd Th 7c 4c,8d Td,-300,300,9,0,-300,300
3800,1266,2,BB,0,3,True,Kd Th 7c 4c Qh,Kc 7s,2000,-2000,12,0,-2000,2000
3801,1267,0,BTN,0,3,True,6s Jh 9s 8h Ts,8c 3h,0,0,10,0,-1520,1520
3802,1267,1,SB,0,0,False,,6d 5c,-10,10,2,0,-10,10
3803,1267,2,BB,0,3,True,6s Jh 9s 8h Ts,9c 3d,320,-320,9,0,-320,320
3804,1268,0,BTN,0,3,True,2h 4c Ad Kh 9h,Jh Qc,96,-96,10,96,-10,-86
3805,1268,1,SB,0,0,False,,2d 5s,-10,10,2,0,-10,10
3806,1268,2,BB,0,1,False,2h 4c Ad,Qd 8c,-20,20,5,0,20,-20
3807,1269,0,BTN,0,3,True,3c 8c 2c 9c 2s,Kd 7d,-50,50,13,-50,-1175,1225
3808,1269,1,SB,0,2,False,3c 8c 2c 9c,Ks 9d,-88,88,11,-88,-88,176
3809,1269,2,BB,0,3,True,3c 8c 2c 9c 2s,Th Jc,172,-172,13,-20,-152,172
3810,1270,0,BTN,0,3,True,Kc As Ac 9c 9s,Jc 8d,5,-5,10,5,-10,5
3811,1270,1,SB,0,3,True,Kc As Ac 9c 9s,9h Qc,232,-232,9,0,232,-232
3812,1270,2,BB,0,2,False,Kc As Ac 9c,4d Jd,-20,20,7,0,20,-20
3813,1271,0,BTN,0,1,False,4c Tc 3d,As 8c,-380,380,7,-380,-10,390
3814,1271,1,SB,0,0,False,,4d 6h,-10,10,2,0,-10,10
3815,1271,2,BB,0,3,True,4c Tc 3d 6d 4h,Th 5h,-476.19047619047615,476.19047619047615,10,0.0,476.19047619047615,-476.19047619047615
3816,1272,0,BTN,0,3,True,Ad 5s Jd 7h 5h,6s 9s,-50,50,9,-50,-10,60
3817,1272,1,SB,0,0,False,,3d 8s,-10,10,2,0,-10,10
3818,1272,2,BB,0,3,True,Ad 5s Jd 7h 5h,6h Qs,20,-20,9,0,-20,20
3819,1273,0,BTN,0,2,False,Ad 6c 8c Kh,Jh Kc,60,-60,8,60,-10,-50
3820,1273,1,SB,0,2,False,Ad 6c 8c Kh,Ts 7s,-382,382,10,402,-382,-20
3821,1273,2,BB,0,2,False,Ad 6c 8c Kh,9h 5d,-20,20,11,40,-20,-20
3822,1274,0,BTN,0,1,False,Kc Js 5h,7s Th,0,0,5,0,20,-20
3823,1274,1,SB,0,1,False,Kc Js 5h,Ks Qc,60,-60,5,0,60,-60
3824,1274,2,BB,0,1,False,Kc Js 5h,7c 2h,-20,20,5,0,20,-20
3825,1275,0,BTN,0,1,False,Jh 5d 6s,4d 3c,0,0,5,0,20,-20
3826,1275,1,SB,0,0,False,,Jd 2s,-10,10,2,0,-10,10
3827,1275,2,BB,0,3,False,Jh 5d 6s Tc 4s,Qs 9c,-320,320,9,0,320,-320
3828,1276,0,BTN,0,2,False,6d Js Jd 8s,Jc 9d,96,-96,9,96,-10,-86
3829,1276,1,SB,0,1,False,6d Js Jd,3h 7c,-10,10,6,30,-10,-20
3830,1276,2,BB,0,1,False,6d Js Jd,4h 9h,-20,20,8,40,-20,-20
3831,1277,0,BTN,0,3,True,8h Th 3d 9s 2d,2h Ah,-1967,1967,10,-1967,2017,-50
3832,1277,1,SB,0,3,True,8h Th 3d 9s 2d,8c 8d,-2000,2000,10,0,-2000,2000
3833,1277,2,BB,0,3,True,8h Th 3d 9s 2d,6h 7s,2000,-2000,10,0,-2000,2000
3834,1278,0,BTN,0,3,True,5s 9c 3s Jc Ac,9h 8s,-1967,1967,10,-1967,2017,-50
3835,1278,1,SB,0,3,True,5s 9c 3s Jc Ac,Ts 9s,-400,400,10,0,-400,400
3836,1278,2,BB,0,2,False,5s 9c 3s Jc,7h As,-80,80,7,0,80,-80
3837,1279,0,BTN,0,2,False,5d 2h Jc 4d,9d Kc,-86,86,8,-86,-10,96
3838,1279,1,SB,0,2,False,5d 2h Jc 4d,5c Th,-10,10,8,-120,-10,130
3839,1279,2,BB,0,3,True,5d 2h Jc 4d 7h,4h 3c,-20,20,12,-20,40,-20
3840,1280,0,BTN,0,3,True,7s 5d 6h Qc 3d,Tc Kd,-50,50,10,-50,-1967,2017
3841,1280,1,SB,0,3,True,7s 5d 6h Qc 3d,9c 9s,-1000,1000,10,0,-1000,1000
3842,1280,2,BB,0,3,True,7s 5d 6h Qc 3d,Ad 4d,2000,-2000,11,0,-2000,2000
3843,1281,0,BTN,0,3,True,8d 9s 2d 8c 7s,As Ac,323,-323,11,323,-10,-313
3844,1281,1,SB,0,3,True,8d 9s 2d 8c 7s,Qc 4d,-10,10,11,2005,-10,-1995
3845,1281,2,BB,0,0,False,,Kd Qh,-240,240,5,250,-10,-240
3846,1282,0,BTN,0,0,False,,6h 8s,0,0,4,0,-20,20
3847,1282,1,SB,0,0,False,,8d 9h,-10,10,2,0,-10,10
3848,1282,2,BB,0,1,False,Qd 2h 2c,Kd Kc,20,-20,6,0,-20,20
3849,1283,0,BTN,0,3,True,3h Kh 4d 2s 7h,3s 9d,0,0,10,0,-40,40
3850,1283,1,SB,0,0,False,,8h Jc,-10,10,2,0,-10,10
3851,1283,2,BB,0,3,True,3h Kh 4d 2s 7h,3d 8s,20,-20,9,0,-20,20
3852,1284,0,BTN,0,1,False,Ks 6h 9h,7h 8s,0,0,5,0,20,-20
3853,1284,1,SB,0,0,False,,3d 6c,-10,10,2,0,-10,10
3854,1284,2,BB,0,1,False,Ks 6h 9h,5c 3h,-20,20,5,0,20,-20
3855,1285,0,BTN,0,0,False,,As Qh,-50,50,5,-50,-50,100
3856,1285,1,SB,0,0,False,,7h 9d,-10,10,2,0,-10,10
3857,1285,2,BB,0,2,False,Qs 4s 5c 5d,Kd Kh,46,-46,9,0,-46,46
3858,1286,0,BTN,0,3,True,9c Js Ad 3s Kd,9h 3d,0,0,10,0,1920,-1920
3859,1286,1,SB,0,2,False,9c Js Ad 3s,8d 8c,-100,100,8,0,-100,100
3860,1286,2,BB,0,2,False,9c Js Ad 3s,5c 5h,-80,80,7,0,80,-80
3861,1287,0,BTN,0,2,False,6s 5d Td 8d,6d 2s,0,0,8,0,-20,20
3862,1287,1,SB,0,0,False,,As 3h,-10,10,2,0,-10,10
3863,1287,2,BB,0,3,False,6s 5d Td 8d Qd,7d 5s,40,-40,10,0,-40,40
3864,1288,0,BTN,0,1,False,Jh Ah Kd,5s 6s,-50,50,5,-50,-10,60
3865,1288,1,SB,0,0,False,,4d 5c,-10,10,2,0,-10,10
3866,1288,2,BB,0,2,False,Jh Ah Kd 8h,5h Ad,20,-20,8,0,-20,20
3867,1289,0,BTN,0,0,False,,5c Qh,0,0,4,0,-20,20
3868,1289,1,SB,0,1,False,Tc 5s 3d,8c 9c,-60,60,6,0,-60,60
3869,1289,2,BB,0,1,False,Tc 5s 3d,Ac Jh,20,-20,6,0,-20,20
3870,1290,0,BTN,0,3,True,9s 3h Qc Kc Qd,7s 7c,-50,50,11,-50,-1400,1450
3871,1290,1,SB,0,3,True,9s 3h Qc Kc Qd,3s 3d,1965.3600000000001,-1965.36,9,-88.0,1965.3600000000001,-1877.36
3872,1290,2,BB,0,3,True,9s 3h Qc Kc Qd,Kd Qs,2110,-2110,13,-110,-2000,2110
3873,1291,0,BTN,0,3,True,3h 8c 2s Ah Jc,Ac Td,2010,-2010,10,2010,-10,-2000
3874,1291,1,SB,0,0,False,,9c 2h,-10,10,2,0,-10,10
3875,1291,2,BB,0,3,True,3h 8c 2s Ah Jc,5d Ad,107,-107,11,0,-107,107
3876,1292,0,BTN,0,3,True,As Td 6h 5h 9h,9d Ks,-50,50,11,-50,-1400,1450
3877,1292,1,SB,0,2,False,As Td 6h 5h,Js Ts,-1132,1132,11,-88,-1132,1220
3878,1292,2,BB,0,3,True,As Td 6h 5h 9h,Qs Ah,1541.4285714285716,-1541.4285714285716,11,-20.0,-1521.4285714285716,1541.4285714285716
3879,1293,0,BTN,0,0,False,,4d 9h,0,0,3,0,20,-20
3880,1293,1,SB,0,3,True,4s Qs 5d 3h Jc,Jh Js,928,-928,10,0,928,-928
3881,1293,2,BB,0,0,False,,6s 4c,-20,20,3,0,20,-20
3882,1294,0,BTN,0,3,True,3d 3h 9c Tc Kh,5h 4c,0,0,10,0,1920,-1920
3883,1294,1,SB,0,3,True,3d 3h 9c Tc Kh,As Ts,580,-580,9,0,580,-580
3884,1294,2,BB,0,2,False,3d 3h 9c Tc,Ad Js,-80,80,7,0,80,-80
3885,1295,0,BTN,0,1,False,Jc Kh Jd,3h 7d,0,0,6,0,-20,20
3886,1295,1,SB,0,0,False,,7c 4h,-10,10,2,0,-10,10
3887,1295,2,BB,0,1,False,Jc Kh Jd,Tc 9s,20,-20,6,0,-20,20
3888,1296,0,BTN,0,3,False,5s 3h 3c As 3d,2c Ah,0,0,10,0,-20,20
3889,1296,1,SB,0,0,False,,Js 7h,-10,10,2,0,-10,10
3890,1296,2,BB,0,1,False,5s 3h 3c,Kc 6h,20,-20,6,0,-20,20
3891,1297,0,BTN,0,3,True,Qh 3c Tc Th 3d,6d Jc,0,0,12,0,-1920,1920
3892,1297,1,SB,0,0,False,,Ad 9s,-60,60,4,0,-60,60
3893,1297,2,BB,0,3,True,Qh 3c Tc Th 3d,Ah Ac,248,-248,12,0,-248,248
3894,1298,0,BTN,0,1,False,Ad Qc 7c,4d 8d,0,0,5,0,20,-20
3895,1298,1,SB,0,0,False,,Js Ah,20,-20,3,0,20,-20
3896,1298,2,BB,0,1,False,Ad Qc 7c,9h 2h,-20,20,5,0,20,-20
3897,1299,0,BTN,0,3,True,Tc 5d 5h 2c 7c,6c 9s,0,0,10,0,480,-480
3898,1299,1,SB,0,3,True,Tc 5d 5h 2c 7c,As Qs,150,-150,10,0,150,-150
3899,1299,2,BB,0,3,True,Tc 5d 5h 2c 7c,9d Ac,-320,320,9,0,320,-320
3900,1300,0,BTN,0,1,False,Th Js Ad,7s 4h,0,0,5,0,20,-20
3901,1300,1,SB,0,1,False,Th Js Ad,Kc 5c,60,-60,5,0,60,-60
3902,1300,2,BB,0,1,False,Th Js Ad,4d 2d,-20,20,5,0,20,-20
3903,1301,0,BTN,0,3,True,Th Js 4s Qc 8s,Kh Qh,-50,50,12,-50,-1925,1975
3904,1301,1,SB,0,0,False,,5c 5h,-88,88,5,-20,-88,108
3905,1301,2,BB,0,3,True,Th Js 4s Qc 8s,Kc Ks,1480.0,-1480.0,13,-1420.0,-60.0,1480.0
3906,1302,0,BTN,0,2,False,6c 4c Ah 5h,4d 5d,96,-96,9,96,-10,-86
3907,1302,1,SB,0,0,False,,2d 9h,-10,10,2,0,-10,10
3908,1302,2,BB,0,3,True,6c 4c Ah 5h Qs,Jd 2h,20,-20,9,0,-20,20
3909,1303,0,BTN,0,3,True,Qd 4c 6c Ac Js,Ah Kd,515,-515,10,515,-10,-505
3910,1303,1,SB,0,3,True,Qd 4c 6c Ac Js,5h Ts,-10,10,11,1818,-10,-1808
3911,1303,2,BB,0,3,True,Qd 4c 6c Ac Js,8d 8s,-470,470,14,490,-20,-470
3912,1304,0,BTN,0,1,False,5d Jh 5c,5h 6c,0,0,5,0,20,-20
3913,1304,1,SB,0,0,False,,Ad 2c,-10,10,2,0,-10,10
3914,1304,2,BB,0,1,False,5d Jh 5c,6s 9h,-20,20,5,0,20,-20
3915,1305,0,BTN,0,3,True,5s Ts 3d 3c Js,9c 8h,-50,50,9,-50,-10,60
3916,1305,1,SB,0,3,True,5s Ts 3d 3c Js,4h 6h,-60,60,9,0,-60,60
3917,1305,2,BB,0,3,True,5s Ts 3d 3c Js,Ac 7h,20,-20,9,0,-20,20
3918,1306,0,BTN,0,3,True,Ad 2s 8h 7c Jh,9s 6h,0,0,11,0,1604,-1604
3919,1306,1,SB,0,2,False,Ad 2s 8h 7c,8d 9h,-240,240,9,0,-240,240
3920,1306,2,BB,0,3,True,Ad 2s 8h 7c Jh,6c 8c,-1280,1280,9,0,1280,-1280
3921,1307,0,BTN,0,2,False,3c 2c 4c 9d,2h 3d,0,0,8,0,-20,20
3922,1307,1,SB,0,0,False,,Jh 8c,-10,10,2,0,-10,10
3923,1307,2,BB,0,3,True,3c 2c 4c 9d 6h,Kd 9c,46,-46,10,0,-46,46
3924,1308,0,BTN,0,1,False,Ah Kh 7s,6c 6d,-380,380,7,-380,-10,390
3925,1308,1,SB,0,3,True,Ah Kh 7s Th Td,5c 7d,-10,10,10,-1995,-10,2005
3926,1308,2,BB,0,3,True,Ah Kh 7s Th Td,Qd Ks,120,-120,13,-60,-60,120
3927,1309,0,BTN,0,1,False,9s Tc 6d,5h 3s,0,0,7,0,-120,120
3928,1309,1,SB,0,0,False,,Kc 5s,-10,10,2,0,-10,10
3929,1309,2,BB,0,1,False,9s Tc 6d,As Ad,20,-20,6,0,-20,20
3930,1310,0,BTN,0,1,False,8h 5h As,3h Jc,0,0,5,0,20,-20
3931,1310,1,SB,0,0,False,,Jh 8s,-10,10,2,0,-10,10
3932,1310,2,BB,0,1,False,8h 5h As,Th 6c,-20,20,5,0,20,-20
3933,1311,0,BTN,0,3,True,9d 5h 3s 2d 7c,7h Kh,100,-100,12,100,-50,-50
3934,1311,1,SB,0,3,False,9d 5h 3s 2d 7c,Ts Kc,-88,88,11,108,-88,-20
3935,1311,2,BB,0,3,False,9d 5h 3s 2d 7c,Jd 4c,-20,20,14,40,-20,-20
3936,1312,0,BTN,0,3,False,Qc 2h Ks 4d 4h,Qs Ac,96,-96,11,96,-10,-86
3937,1312,1,SB,0,0,False,,3s 7d,-10,10,2,0,-10,10
3938,1312,2,BB,0,3,True,Qc 2h Ks 4d 4h,9c 5s,20,-20,9,0,-20,20
3939,1313,0,BTN,0,2,False,6d 8d 7h 5c,2s 9d,0,0,7,0,80,-80
3940,1313,1,SB,0,3,False,6d 8d 7h 5c 3c,6c 9c,60,-60,9,0,60,-60
3941,1313,2,BB,0,1,False,6d 8d 7h,3d Ac,-20,20,5,0,20,-20
3942,1314,0,BTN,0,2,False,As Js 3h 8h,5d Ts,0,0,7,0,20,-20
3943,1314,1,SB,0,0,False,,9s 8d,-10,10,2,0,-10,10
3944,1314,2,BB,0,1,False,As Js 3h,2d 4d,20,-20,6,0,-20,20
3945,1315,0,BTN,0,1,False,2c Ah 9s,6h Kh,-50,50,6,-50,100,-50
3946,1315,1,SB,0,3,False,2c Ah 9s 6d 8d,Ac Qh,250,-250,9,0,250,-250
3947,1315,2,BB,0,2,False,2c Ah 9s 6d,Jc Qc,-80,80,7,0,80,-80
3948,1316,0,BTN,0,0,False,,6s Kh,0,0,4,0,-20,20
3949,1316,1,SB,0,1,False,7d 2c Tc,9c 3c,-10,10,6,-120,-10,130
3950,1316,2,BB,0,2,False,7d 2c Tc 9s,Kd Ad,-20,20,9,-20,40,-20
3951,1317,0,BTN,0,3,True,Qd Qh 8d Ks 6d,Th 7c,0,0,9,0,1280,-1280
3952,1317,1,SB,0,0,False,,8c 3c,-10,10,2,0,-10,10
3953,1317,2,BB,0,2,False,Qd Qh 8d Ks,9d Ac,-80,80,7,0,80,-80
3954,1318,0,BTN,0,1,False,Ad Ks 6c,7c 8d,0,0,5,0,20,-20
3955,1318,1,SB,0,0,False,,2d 6d,-10,10,2,0,-10,10
3956,1318,2,BB,0,1,False,Ad Ks 6c,9d 7h,-20,20,5,0,20,-20
3957,1319,0,BTN,0,0,False,,9c 7d,0,0,4,0,-20,20
3958,1319,1,SB,0,0,False,,5s 4c,-10,10,2,0,-10,10
3959,1319,2,BB,0,1,False,7c 3s 7h,Kd Ks,20,-20,6,0,-20,20
3960,1320,0,BTN,0,3,True,Ah 7h 4h 4s Kd,8c Qc,5,-5,9,5,-10,5
3961,1320,1,SB,0,0,False,,9h 2h,-10,10,2,0,-10,10
3962,1320,2,BB,0,2,False,Ah 7h 4h 4s,Qd 9c,-80,80,7,0,80,-80
3963,1321,0,BTN,0,3,False,3d 8h Kd Td 2h,5d Th,0,0,9,0,20,-20
3964,1321,1,SB,0,0,False,,3s 6c,-10,10,2,0,-10,10
3965,1321,2,BB,0,3,True,3d 8h Kd Td 2h,5h 6d,-150,150,11,0,150,-150
3966,1322,0,BTN,0,2,False,Th 9d 9c 8s,As 5c,-50,50,7,-50,-10,60
3967,1322,1,SB,0,3,True,Th 9d 9c 8s 4h,Td Qc,2000,-2000,11,0,2000,-2000
3968,1322,2,BB,0,1,False,Th 9d 9c,3c 8c,-20,20,5,0,20,-20
3969,1323,0,BTN,0,2,False,8h 3h 3d 2s,Jd 3s,0,0,8,0,120,-120
3970,1323,1,SB,0,0,False,,6h 2h,-10,10,2,0,-10,10
3971,1323,2,BB,0,2,False,8h 3h 3d 2s,7d Js,-20,20,7,0,20,-20
3972,1324,0,BTN,0,1,False,Qs 2s Ts,5h 9s,0,0,6,0,120,-120
3973,1324,1,SB,0,0,False,,7h Ks,-10,10,2,0,-10,10
3974,1324,2,BB,0,1,False,Qs 2s Ts,Kh 4d,-20,20,5,0,20,-20
3975,1325,0,BTN,0,1,False,Tc Kd 8c,8h 3d,0,0,5,0,20,-20
3976,1325,1,SB,0,3,False,Tc Kd 8c Jc Ad,Qc 3c,60,-60,9,0,60,-60
3977,1325,2,BB,0,1,False,Tc Kd 8c,6s 5d,-20,20,5,0,20,-20
3978,1326,0,BTN,0,3,True,7d 2s 4h Kd 5d,4c Jh,0,0,12,0,-1920,1920
3979,1326,1,SB,0,2,False,7d 2s 4h Kd,Ah 9h,-240,240,9,0,-240,240
3980,1326,2,BB,0,3,True,7d 2s 4h Kd 5d,Ad 2d,46,-46,10,0,-46,46
3981,1327,0,BTN,0,2,False,4c 9c Kc 6c,Ad 6h,-215,215,7,-215,-10,225
3982,1327,1,SB,0,0,False,,Qc 6d,-10,10,2,0,-10,10
3983,1327,2,BB,0,2,False,4c 9c Kc 6c,8c 9s,-80,80,7,0,80,-80
3984,1328,0,BTN,0,3,True,6s 5s Ts 4c 5c,2d Jd,0,0,11,0,1604,-1604
3985,1328,1,SB,0,1,False,6s 5s Ts,5h 6h,-100,100,6,0,-100,100
3986,1328,2,BB,0,3,True,6s 5s Ts 4c 5c,Qs Td,-2000,2000,10,0,2000,-2000
3987,1329,0,BTN,0,3,True,3h 9d 5h 6s Kc,Qh 7c,0,0,10,0,-1520,1520
3988,1329,1,SB,0,0,False,,5s 2h,-10,10,2,0,-10,10
3989,1329,2,BB,0,3,True,3h 9d 5h 6s Kc,Th 6h,1280,-1280,9,0,-1280,1280
3990,1330,0,BTN,0,2,False,5s Ah 8d Jc,2d Th,0,0,9,0,-80,80
3991,1330,1,SB,0,0,False,,2h Qs,-10,10,2,0,-10,10
3992,1330,2,BB,0,2,False,5s Ah 8d Jc,As 8h,60,-60,9,0,-60,60
3993,1331,0,BTN,0,3,True,7s 2h 3c 2s 4c,2d Ac,0,0,9,0,1280,-1280
3994,1331,1,SB,0,3,True,7s 2h 3c 2s 4c,As 7d,348,-348,9,0,348,-348
3995,1331,2,BB,0,3,True,7s 2h 3c 2s 4c,3d Ts,-1280,1280,9,0,1280,-1280
3996,1332,0,BTN,0,3,True,4d 7c 4c 9h Qs,5s 6h,0,0,9,0,-20,20
3997,1332,1,SB,0,0,False,,5c 2s,-10,10,2,0,-10,10
3998,1332,2,BB,0,3,True,4d 7c 4c 9h Qs,Td 3c,20,-20,9,0,-20,20
3999,1333,0,BTN,0,3,True,Ts 2c Jc 4c Qd,Qh 4s,0,0,9,0,80,-80
4000,1333,1,SB,0,0,False,,4d 6h,-10,10,2,0,-10,10
4001,1333,2,BB,0,3,True,Ts 2c Jc 4c Qd,2d 8d,-80,80,9,0,80,-80
4002,1334,0,BTN,0,3,True,Kc 4h 6d 9s Th,Ad 4s,-50,50,12,-50,2017,-1967
4003,1334,1,SB,0,2,False,Kc 4h 6d 9s,Jd Qd,-240,240,9,0,-240,240
4004,1334,2,BB,0,3,True,Kc 4h 6d 9s Th,8d Kh,-2000,2000,13,0,2000,-2000
4005,1335,0,BTN,0,1,False,Qd 8d 2s,Qc 6c,100,-100,8,100,-50,-50
4006,1335,1,SB,0,1,False,Qd 8d 2s,Js Kc,60,-60,5,0,60,-60
4007,1335,2,BB,0,1,False,Qd 8d 2s,7d 6h,20,-20,6,0,-20,20
4008,1336,0,BTN,0,3,True,3c Kd 9h 5d Qs,Tc 4s,0,0,11,0,1704,-1704
4009,1336,1,SB,0,0,False,,Ks 5s,-60,60,4,0,-60,60
4010,1336,2,BB,0,3,True,3c Kd 9h 5d Qs,Ad Kh,1760.0,-1760.0,8,0.0,-1760.0,1760.0
4011,1337,0,BTN,0,1,False,Kd Kc 5h,Jc 3c,0,0,5,0,20,-20
4012,1337,1,SB,0,3,True,Kd Kc 5h 9c 3h,8d 5d,237,-237,10,-217,237,-20
4013,1337,2,BB,0,3,True,Kd Kc 5h 9c 3h,4s 6d,-20,20,10,-790,810,-20
4014,1338,0,BTN,0,1,False,Kd 7s As,Ah 5d,60,-60,6,60,-10,-50
4015,1338,1,SB,0,0,False,,Jd 2c,-10,10,2,0,-10,10
4016,1338,2,BB,0,3,True,Kd 7s As 8d Ad,6h 9d,-20,20,9,0,20,-20
4017,1339,0,BTN,0,1,False,7d 4h 2c,9s 8h,0,0,7,0,-120,120
4018,1339,1,SB,0,0,False,,6d 3h,-10,10,2,0,-10,10
4019,1339,2,BB,0,3,True,7d 4h 2c 3d 8d,2s As,-80,80,9,0,80,-80
4020,1340,0,BTN,0,3,True,3h Ah 6c Jh 6d,Qd Ad,555,-555,10,555,-10,-545
4021,1340,1,SB,0,3,True,3h Ah 6c Jh 6d,3s 7c,-10,10,11,1780,-10,-1770
4022,1340,2,BB,0,3,True,3h Ah 6c Jh 6d,Qs 3c,-1910,1910,14,1930,-20,-1910
4023,1341,0,BTN,0,3,True,8c Ah Qc 7s Td,Qs Ts,-1521.4285714285716,1521.4285714285716,9,-1521.4285714285716,1541.4285714285716,-20.0
4024,1341,1,SB,0,3,False,8c Ah Qc 7s Td,Kh Kd,100,-100,9,0,100,-100
4025,1341,2,BB,0,1,False,8c Ah Qc,2s Js,-120,120,5,0,120,-120
4026,1342,0,BTN,0,3,False,Kd 5s Qd 3h 9s,6c Qc,96,-96,11,96,-10,-86
4027,1342,1,SB,0,3,False,Kd 5s Qd 3h 9s,Tc Qh,60,-60,9,0,60,-60
4028,1342,2,BB,0,1,False,Kd 5s Qd,Js 4h,-20,20,5,0,20,-20
4029,1343,0,BTN,0,1,False,2d Qd 3s,Jc 9c,60,-60,6,60,-10,-50
4030,1343,1,SB,0,3,True,2d Qd 3s 8s Ks,2s 3d,-10,10,9,30,-10,-20
4031,1343,2,BB,0,3,True,2d Qd 3s 8s Ks,6h 5d,-20,20,9,30,-10,-20
4032,1344,0,BTN,0,3,True,4d 8s Qd 7c 8h,Ac Kc,-50,50,9,-50,-10,60
4033,1344,1,SB,0,3,True,4d 8s Qd 7c 8h,2d 5s,-10,10,9,-20,-10,30
4034,1344,2,BB,0,3,True,4d 8s Qd 7c 8h,5c 4s,30,-30,9,-20,-10,30
4035,1345,0,BTN,0,3,True,2s Qh 7c 2d 7s,Qc 6s,0,0,9,0,0,0
4036,1345,1,SB,0,3,True,2s Qh 7c 2d 7s,4c Jc,0,0,9,0,0,0
4037,1345,2,BB,0,3,True,2s Qh 7c 2d 7s,3d Jd,0,0,9,0,0,0
4038,1346,0,BTN,0,1,False,7c Ts 8c,4h 2h,0,0,5,0,20,-20
4039,1346,1,SB,0,3,False,7c Ts 8c 6d 3s,9s 6s,60,-60,9,0,60,-60
4040,1346,2,BB,0,1,False,7c Ts 8c,4s Ad,-20,20,5,0,20,-20
4041,1347,0,BTN,0,3,True,Ah Kh 7d Jc Ad,2s 7s,0,0,9,0,0,0
4042,1347,1,SB,0,0,False,,Qh 4d,-10,10,2,0,-10,10
4043,1347,2,BB,0,3,True,Ah Kh 7d Jc Ad,5s Qs,0,0,9,0,0,0
4044,1348,0,BTN,0,3,True,Kh 6s 4c 5d 6d,8h 3s,0,0,11,0,-1520,1520
4045,1348,1,SB,0,3,True,Kh 6s 4c 5d 6d,As 7c,-1992,1992,12,0,-1992,1992
4046,1348,2,BB,0,3,True,Kh 6s 4c 5d 6d,3d Kc,1160,-1160,12,0,-1160,1160
4047,1349,0,BTN,0,3,True,4h Js Ad Qh 3h,2h Ah,2275,-2275,15,2275,-275,-2000
4048,1349,1,SB,0,2,False,4h Js Ad Qh,5s 5c,-300,300,9,0,-300,300
4049,1349,2,BB,0,3,True,4h Js Ad Qh 3h,8s Jc,80,-80,9,0,-80,80
4050,1350,0,BTN,0,0,False,,Kc 2h,0,0,4,0,-20,20
4051,1350,1,SB,0,0,False,,6d 4s,-10,10,2,0,-10,10
4052,1350,2,BB,0,3,False,8d 2c 8h 4c 5d,Ah Tc,-80,80,9,0,80,-80
4053,1351,0,BTN,0,0,False,,Qs 7d,0,0,4,0,-20,20
4054,1351,1,SB,0,0,False,,6c Td,-10,10,2,0,-10,10
4055,1351,2,BB,0,3,True,6d 5d 2d 7s 3h,Ad Jc,-680,680,10,0,680,-680
4056,1352,0,BTN,0,2,False,8d 2h 3c Kc,Kd Qd,100,-100,11,100,-50,-50
4057,1352,1,SB,0,2,False,8d 2h 3c Kc,9d Jh,-88,88,9,108,-88,-20
4058,1352,2,BB,0,2,False,8d 2h 3c Kc,Js 5d,-20,20,11,40,-20,-20
4059,1353,0,BTN,0,1,False,Tc 9h 3d,2d 5c,0,0,5,0,20,-20
4060,1353,1,SB,0,0,False,,Td 4c,-10,10,2,0,-10,10
4061,1353,2,BB,0,1,False,Tc 9h 3d,2h 8h,-20,20,5,0,20,-20
4062,1354,0,BTN,0,1,False,6d 8d 2c,5h 7d,0,0,6,0,120,-120
4063,1354,1,SB,0,3,True,6d 8d 2c 6s 4d,Qh Ac,60,-60,9,0,60,-60
4064,1354,2,BB,0,1,False,6d 8d 2c,Qs 3d,-20,20,5,0,20,-20
4065,1355,0,BTN,0,3,False,3h 5c 6s 5d 3s,Jh 2h,0,0,9,0,20,-20
4066,1355,1,SB,0,0,False,,2s Kh,-10,10,2,0,-10,10
4067,1355,2,BB,0,3,False,3h 5c 6s 5d 3s,Qh 7d,-20,20,9,0,20,-20
4068,1356,0,BTN,0,3,False,Qs 2h Ks Ad Th,Qc 6s,0,0,12,0,-320,320
4069,1356,1,SB,0,0,False,,7c 2d,-10,10,2,0,-10,10
4070,1356,2,BB,0,3,True,Qs 2h Ks Ad Th,6d Kc,46,-46,10,0,-46,46
4071,1357,0,BTN,0,1,False,Jh 5c 2d,8s 6d,0,0,6,0,-20,20
4072,1357,1,SB,0,1,False,Jh 5c 2d,Td 9h,-60,60,6,0,-60,60
4073,1357,2,BB,0,3,False,Jh 5c 2d 8c Qc,3d Ah,-20,20,9,0,20,-20
4074,1358,0,BTN,0,3,True,Qc 5s 3d 7d As,Ts 3s,0,0,9,0,-20,20
4075,1358,1,SB,0,3,True,Qc 5s 3d 7d As,4h Jh,-150,150,9,0,-150,150
4076,1358,2,BB,0,3,True,Qc 5s 3d 7d As,Kh 6c,20,-20,9,0,-20,20
4077,1359,0,BTN,0,3,True,Td 6s 5h 9s Ks,6h Th,2050,-2050,14,2050,-50,-2000
4078,1359,1,SB,0,3,True,Td 6s 5h 9s Ks,Kc Js,1392,-1392,10,0,1392,-1392
4079,1359,2,BB,0,3,True,Td 6s 5h 9s Ks,9c Ah,-184,184,10,0,184,-184
4080,1360,0,BTN,0,1,False,8s 3s Ad,Jh 6d,0,0,5,0,20,-20
4081,1360,1,SB,0,0,False,,3c 8h,-10,10,2,0,-10,10
4082,1360,2,BB,0,1,False,8s 3s Ad,9d 7c,-20,20,5,0,20,-20
4083,1361,0,BTN,0,3,True,3h Ks Th Jh 5h,2h 2d,885,-885,9,885,-10,-875
4084,1361,1,SB,0,0,False,,7d 3s,-10,10,2,0,-10,10
4085,1361,2,BB,0,3,True,3h Ks Th Jh 5h,4d Td,40,-40,9,0,-40,40
4086,1362,0,BTN,0,3,False,5h 2c 4s 5c 5s,9s 4h,0,0,9,0,40,-40
4087,1362,1,SB,0,0,False,,2d Qc,-10,10,2,0,-10,10
4088,1362,2,BB,0,3,False,5h 2c 4s 5c 5s,9c Jh,-20,20,9,0,20,-20
4089,1363,0,BTN,0,2,False,5h 7h 8d 8s,3d 6s,0,0,7,0,20,-20
4090,1363,1,SB,0,3,True,5h 7h 8d 8s Td,As Qh,-240,240,10,0,-240,240
4091,1363,2,BB,0,1,False,5h 7h 8d,Th 3s,-20,20,5,0,20,-20
4092,1364,0,BTN,0,3,True,Ks Ac Ah Ts 4h,Kd 2s,0,0,9,0,1280,-1280
4093,1364,1,SB,0,0,False,,Kh 5d,-10,10,2,0,-10,10
4094,1364,2,BB,0,3,True,Ks Ac Ah Ts 4h,Qs 8d,-1280,1280,9,0,1280,-1280
4095,1365,0,BTN,0,1,False,8h 5s 5d,3h Qh,-50,50,7,-50,-50,100
4096,1365,1,SB,0,1,False,8h 5s 5d,Jc 9c,-420,420,8,0,-420,420
4097,1365,2,BB,0,3,True,8h 5s 5d 7s Ad,8d Tc,20,-20,9,0,-20,20
4098,1366,0,BTN,0,3,True,Th 6s Kh Qc 5d,Tc Kc,845,-845,10,845,-825,-20
4099,1366,1,SB,0,3,False,Th 6s Kh Qc 5d,Ad 7h,-240,240,11,0,-240,240
4100,1366,2,BB,0,1,False,Th 6s Kh,4c Qs,-20,20,5,0,20,-20
4101,1367,0,BTN,0,3,False,Qd 4s Jd Ts 5d,6s Qh,0,0,9,0,20,-20
4102,1367,1,SB,0,0,False,,7d 2d,-10,10,2,0,-10,10
4103,1367,2,BB,0,3,False,Qd 4s Jd Ts 5d,Ah 7h,-20,20,9,0,20,-20
4104,1368,0,BTN,0,3,True,5d 6d 6h Ad 9s,3s 3h,-50,50,12,-50,-50,100
4105,1368,1,SB,0,2,False,5d 6d 6h Ad,Kc Jd,-420,420,10,0,-420,420
4106,1368,2,BB,0,3,True,5d 6d 6h Ad 9s,Jh 5c,60,-60,9,0,-60,60
4107,1369,0,BTN,0,3,True,Qs Ts Qd 4h 2d,7c 4c,0,0,10,0,-40,40
4108,1369,1,SB,0,0,False,,8h Js,-10,10,2,0,-10,10
4109,1369,2,BB,0,1,False,Qs Ts Qd,2c 3s,-20,20,5,0,20,-20
4110,1370,0,BTN,0,3,True,6s Qs Ad Kd 7c,Ts Jh,801,-801,12,801,-10,-791
4111,1370,1,SB,0,0,False,,4d 2d,-10,10,2,0,-10,10
4112,1370,2,BB,0,3,True,6s Qs Ad Kd 7c,7h Jd,20,-20,9,0,-20,20
4113,1371,0,BTN,0,1,False,Tc 4d 4c,5d 7c,0,0,7,0,-120,120
4114,1371,1,SB,0,0,False,,Qh 9c,-60,60,4,0,-60,60
4115,1371,2,BB,0,3,True,Tc 4d 4c 4h 5s,As Ah,248,-248,12,0,-248,248
4116,1372,0,BTN,0,2,False,Jh 7s 7d 2c,5s Ad,60,-60,8,60,-10,-50
4117,1372,1,SB,0,0,False,,9s 2h,-10,10,2,0,-10,10
4118,1372,2,BB,0,1,False,Jh 7s 7d,4c 5h,20,-20,6,0,-20,20
4119,1373,0,BTN,0,3,False,Qs 3h 5c 5s 6c,8h 9h,-132,132,10,-132,-10,142
4120,1373,1,SB,0,0,False,,8c Js,-10,10,2,0,-10,10
4121,1373,2,BB,0,3,True,Qs 3h 5c 5s 6c,4s 3d,20,-20,9,0,-20,20
4122,1374,0,BTN,0,1,False,9c Kh Ad,Ah 3d,0,0,5,0,20,-20
4123,1374,1,SB,0,3,True,9c Kh Ad 2c 2s,8s 8c,100,-100,9,0,100,-100
4124,1374,2,BB,0,1,False,9c Kh Ad,Ts 7d,-20,20,5,0,20,-20
4125,1375,0,BTN,0,3,False,7h 6s Qd 4c 3s,7c 5c,232,-232,12,232,-10,-222
4126,1375,1,SB,0,0,False,,3d 4d,-10,10,2,0,-10,10
4127,1375,2,BB,0,3,False,7h 6s Qd 4c 3s,Ah Jd,-20,20,9,0,20,-20
4128,1376,0,BTN,0,3,False,Jc 2c 4s 7h 9d,Ac Kd,-86,86,10,-86,-10,96
4129,1376,1,SB,0,3,False,Jc 2c 4s 7h 9d,3s 8d,-10,10,9,-20,-10,30
4130,1376,2,BB,0,3,False,Jc 2c 4s 7h 9d,9h 6h,40,-40,13,-20,-20,40
4131,1377,0,BTN,0,2,False,5d 7h Th 4c,3d 7d,0,0,9,0,-40,40
4132,1377,1,SB,0,3,False,5d 7h Th 4c Tc,Qs Kd,-250,250,10,0,-250,250
4133,1377,2,BB,0,3,True,5d 7h Th 4c Tc,5s 9c,20,-20,9,0,-20,20
4134,1378,0,BTN,0,3,False,7d Ks Th 2s 3s,Qd Td,232,-232,12,232,-10,-222
4135,1378,1,SB,0,0,False,,3d 4d,-10,10,2,0,-10,10
4136,1378,2,BB,0,1,False,7d Ks Th,8s 9d,20,-20,6,0,-20,20
4137,1379,0,BTN,0,1,False,Qd 7d 7s,5h 6d,0,0,5,0,20,-20
4138,1379,1,SB,0,0,False,,4d Qh,-10,10,2,0,-10,10
4139,1379,2,BB,0,1,False,Qd 7d 7s,8s 6h,-20,20,5,0,20,-20
4140,1380,0,BTN,0,0,False,,Kh 6c,0,0,3,0,20,-20
4141,1380,1,SB,0,3,True,Qc 4h 8s 2s Ah,Ac Kd,578,-578,10,-558,578,-20
4142,1380,2,BB,0,3,True,Qc 4h 8s 2s Ah,8c 4d,1630,-1630,13,-20,-1610,1630
4143,1381,0,BTN,0,0,False,,4s 8c,0,0,4,0,-20,20
4144,1381,1,SB,0,0,False,,3d Tc,-10,10,2,0,-10,10
4145,1381,2,BB,0,2,False,7d 8d Ac 8h,Ad Th,20,-20,8,0,-20,20
4146,1382,0,BTN,0,3,True,6d Td Ac Qs 4h,2h Ts,0,0,9,0,20,-20
4147,1382,1,SB,0,0,False,,Js 5s,20,-20,3,0,20,-20
4148,1382,2,BB,0,3,True,6d Td Ac Qs 4h,5h 2s,-20,20,9,0,20,-20
4149,1383,0,BTN,0,3,True,6d Ah Tc 6c 2c,Kh 5c,0,0,9,0,20,-20
4150,1383,1,SB,0,0,False,,7h Ks,-10,10,2,0,-10,10
4151,1383,2,BB,0,3,True,6d Ah Tc 6c 2c,Qd 9d,-60,60,10,0,60,-60
4152,1384,0,BTN,0,1,False,3d 5h As,7s 9s,-380,380,7,-380,-10,390
4153,1384,1,SB,0,1,False,3d 5h As,7d 4s,-10,10,5,-20,-10,30
4154,1384,2,BB,0,3,False,3d 5h As Ks Js,Ah 2c,80,-80,12,-20,-60,80
4155,1385,0,BTN,0,2,False,Td 9c 2d 8s,2c 7s,0,0,8,0,-20,20
4156,1385,1,SB,0,0,False,,4d Ks,-10,10,2,0,-10,10
4157,1385,2,BB,0,3,True,Td 9c 2d 8s Ad,6h 8c,20,-20,9,0,-20,20
4158,1386,0,BTN,0,3,True,Qs 7d 9s Qd 5c,2d 6d,0,0,10,0,1520,-1520
4159,1386,1,SB,0,3,True,Qs 7d 9s Qd 5c,9d Qc,2000,-2000,10,0,2000,-2000
4160,1386,2,BB,0,1,False,Qs 7d 9s,Ad 7c,-20,20,5,0,20,-20
4161,1387,0,BTN,0,3,True,5s 2h 7h 3c Ks,3d 6d,0,0,11,0,-480,480
4162,1387,1,SB,0,3,False,5s 2h 7h 3c Ks,Ac Th,-60,60,10,0,-60,60
4163,1387,2,BB,0,3,True,5s 2h 7h 3c Ks,Qh Kd,46,-46,10,0,-46,46
4164,1388,0,BTN,0,1,False,6c 5s 9d,7h 8d,0,0,5,0,20,-20
4165,1388,1,SB,0,3,True,6c 5s 9d 5c 2c,4s 6s,100,-100,9,0,100,-100
4166,1388,2,BB,0,2,False,6c 5s 9d 5c,Td Qs,-80,80,7,0,80,-80
4167,1389,0,BTN,0,3,True,5c 6d 9h 9s Qc,Tc Ts,2010,-2010,11,2010,-10,-2000
4168,1389,1,SB,0,3,True,5c 6d 9h 9s Qc,8h 4h,-10,10,10,1905,-10,-1895
4169,1389,2,BB,0,3,True,5c 6d 9h 9s Qc,5s Kd,-1910,1910,14,1930,-20,-1910
4170,1390,0,BTN,0,3,True,3c 3s Tc Jd 2s,8c 2h,0,0,9,0,0,0
4171,1390,1,SB,0,0,False,,7s 5d,-10,10,2,0,-10,10
4172,1390,2,BB,0,3,True,3c 3s Tc Jd 2s,7c 5h,0,0,9,0,0,0
4173,1391,0,BTN,0,3,True,8s 6d 8h Qd Kc,Jh 6h,-1639,1639,10,-1639,-10,1649
4174,1391,1,SB,0,0,False,,4d 2s,-10,10,2,0,-10,10
4175,1391,2,BB,0,2,False,8s 6d 8h Qd,2d Qs,20,-20,8,0,-20,20
4176,1392,0,BTN,0,3,True,Qd 8h 3s 6c Ad,Kc Ks,1532.6190476190477,-1532.6190476190477,9,1532.6190476190477,-10.0,-1522.6190476190477
4177,1392,1,SB,0,0,False,,Qh 7s,-10,10,3,30,-10,-20
4178,1392,2,BB,0,3,True,Qd 8h 3s 6c Ad,9h 8s,-1947,1947,11,1957,-10,-1947
4179,1393,0,BTN,0,3,True,2s 9d Jd Tc Ks,4h 3s,0,0,10,0,-1520,1520
4180,1393,1,SB,0,3,True,2s 9d Jd Tc Ks,As 9s,-240,240,10,0,-240,240
4181,1393,2,BB,0,1,False,2s 9d Jd,Ts 8c,-170,170,7,0,170,-170
4182,1394,0,BTN,0,3,True,6s 4h Ad Ts 2s,9d 2c,0,0,9,0,20,-20
4183,1394,1,SB,0,3,True,6s 4h Ad Ts 2s,Kc 8s,60,-60,9,0,60,-60
4184,1394,2,BB,0,3,True,6s 4h Ad Ts 2s,7d 3s,-20,20,9,0,20,-20
4185,1395,0,BTN,0,3,True,2s 6h 7s 8c 4c,Jc 8s,0,0,11,0,1604,-1604
4186,1395,1,SB,0,3,True,2s 6h 7s 8c 4c,9c Td,557,-557,10,0,557,-557
4187,1395,2,BB,0,3,True,2s 6h 7s 8c 4c,9d 8h,-1857.142857142857,1857.1428571428573,10,0.0,1857.1428571428573,-1857.142857142857
4188,1396,0,BTN,0,3,False,Qh 9s 6c 2d Jc,6h 3s,0,0,10,0,-20,20
4189,1396,1,SB,0,3,False,Qh 9s 6c 2d Jc,4h As,-250,250,10,0,-250,250
4190,1396,2,BB,0,3,False,Qh 9s 6c 2d Jc,Ts Js,60,-60,11,0,-60,60
4191,1397,0,BTN,0,3,False,As 4d 6h 5s 8c,4h 8s,0,0,12,0,-320,320
4192,1397,1,SB,0,1,False,As 4d 6h,9s Qs,-100,100,6,0,-100,100
4193,1397,2,BB,0,3,False,As 4d 6h 5s 8c,4s 6c,107,-107,12,0,-107,107
4194,1398,0,BTN,0,1,False,9h 9d Js,6d Qc,0,0,6,0,-20,20
4195,1398,1,SB,0,0,False,,8s 6c,-10,10,2,0,-10,10
4196,1398,2,BB,0,3,True,9h 9d Js 2d 8d,Ah 2c,-80,80,9,0,80,-80
4197,1399,0,BTN,0,1,False,5c Ah Qd,Js Kh,60,-60,6,60,-10,-50
4198,1399,1,SB,0,1,False,5c Ah Qd,6s Th,-10,10,6,30,-10,-20
4199,1399,2,BB,0,3,True,5c Ah Qd Td 2c,7s 4c,-20,20,14,1714,-1694,-20
4200,1400,0,BTN,0,0,False,,Ks 4h,0,0,4,0,-20,20
4201,1400,1,SB,0,0,False,,7s 3c,-10,10,2,0,-10,10
4202,1400,2,BB,0,1,False,2d 9c 5h,6c 6d,20,-20,6,0,-20,20
4203,1401,0,BTN,0,0,False,,7h Qd,0,0,4,0,-20,20
4204,1401,1,SB,0,0,False,,2h 9c,-10,10,2,0,-10,10
4205,1401,2,BB,0,3,True,8d Ts Jd 5c Qs,Qh 4h,-80,80,9,0,80,-80
4206,1402,0,BTN,0,1,False,7s 5d Th,5h 2c,0,0,5,0,20,-20
4207,1402,1,SB,0,2,False,7s 5d Th 3c,7c As,100,-100,7,0,100,-100
4208,1402,2,BB,0,1,False,7s 5d Th,4h 8c,-20,20,5,0,20,-20
4209,1403,0,BTN,0,0,False,,Th 3d,0,0,4,0,-20,20
4210,1403,1,SB,0,0,False,,2s 8d,-10,10,2,0,-10,10
4211,1403,2,BB,0,3,True,5s Qh 7c 9h 3s,Ac 4c,20,-20,9,0,-20,20
4212,1404,0,BTN,0,3,True,7s 9s 5c Ks 8s,Jc 3d,0,0,11,0,1604,-1604
4213,1404,1,SB,0,0,False,,2h 4s,-10,10,2,0,-10,10
4214,1404,2,BB,0,3,True,7s 9s 5c Ks 8s,6d Th,-80,80,9,0,80,-80
4215,1405,0,BTN,0,3,True,2d 8c 8s 7c Jc,Ac 8d,2050.0,-2050.0,13,2050.0,-50.0,-2000.0
4216,1405,1,SB,0,0,False,,7d 9d,-60,60,4,0,-60,60
4217,1405,2,BB,0,3,True,2d 8c 8s 7c Jc,Ah Kd,-320,320,9,0,320,-320
4218,1406,0,BTN,0,3,True,8h 7s 9s 2s Jh,3c Qs,0,0,9,0,20,-20
4219,1406,1,SB,0,0,False,,Qc 2d,-10,10,2,0,-10,10
4220,1406,2,BB,0,3,True,8h 7s 9s 2s Jh,5c 4c,-20,20,9,0,20,-20
4221,1407,0,BTN,0,3,True,3d 7d Qc 8d 2c,Js Td,-50,50,10,-50,-1967,2017
4222,1407,1,SB,0,3,True,3d 7d Qc 8d 2c,Jd Jh,-1984,1984,11,0,-1984,1984
4223,1407,2,BB,0,3,True,3d 7d Qc 8d 2c,Kd 6d,-160.0,160.0,8,0.0,160.0,-160.0
4224,1408,0,BTN,0,3,True,Qs 9d 8s Jc Ac,6h Qd,0,0,9,0,20,-20
4225,1408,1,SB,0,0,False,,Kc 2d,-10,10,2,0,-10,10
4226,1408,2,BB,0,1,False,Qs 9d 8s,7s 6d,20,-20,6,0,-20,20
4227,1409,0,BTN,0,2,False,7s 7c Ac 7h,2s Ad,0,0,7,0,20,-20
4228,1409,1,SB,0,3,True,7s 7c Ac 7h 3d,Ks Qh,60,-60,9,0,60,-60
4229,1409,2,BB,0,2,False,7s 7c Ac 7h,4h 6s,-20,20,7,0,20,-20
4230,1410,0,BTN,0,3,True,9d Td 4d Jh 9s,3h 2d,0,0,9,0,320,-320
4231,1410,1,SB,0,3,True,9d Td 4d Jh 9s,Js Qh,348,-348,9,0,348,-348
4232,1410,2,BB,0,2,False,9d Td 4d Jh,Ac 6d,-20,20,7,0,20,-20
4233,1411,0,BTN,0,3,True,2h Ts 6d 2d Qh,9h 4h,0,0,10,0,1280,-1280
4234,1411,1,SB,0,1,False,2h Ts 6d,2s Ks,-60,60,6,0,-60,60
4235,1411,2,BB,0,3,True,2h Ts 6d 2d Qh,5h As,-320,320,9,0,320,-320
4236,1412,0,BTN,0,1,False,Tc 9d 2h,5d 9h,0,0,5,0,20,-20
4237,1412,1,SB,0,0,False,,Th 7s,-10,10,2,0,-10,10
4238,1412,2,BB,0,1,False,Tc 9d 2h,Qh 7h,-170,170,7,0,170,-170
4239,1413,0,BTN,0,0,False,,4s 5d,0,0,4,0,-20,20
4240,1413,1,SB,0,0,False,,5c Td,-10,10,2,0,-10,10
4241,1413,2,BB,0,3,False,Ac Ah 4h 8h 2s,2h 2d,60,-60,11,0,-60,60
4242,1414,0,BTN,0,3,False,6s 2c Ad 7s 9s,4h 8d,0,0,9,0,80,-80
4243,1414,1,SB,0,0,False,,7d 5s,-10,10,2,0,-10,10
4244,1414,2,BB,0,2,False,6s 2c Ad 7s,Tc Qh,-20,20,7,0,20,-20
4245,1415,0,BTN,0,3,True,3d Ah Td Js 7d,3h 8s,0,0,12,0,-1920,1920
4246,1415,1,SB,0,0,False,,5c Kh,-10,10,2,0,-10,10
4247,1415,2,BB,0,3,False,3d Ah Td Js 7d,Ad Jc,320,-320,12,0,-320,320
4248,1416,0,BTN,0,3,True,8d 8h 5s 4s 4d,Kh 7c,0,0,10,0,1520,-1520
4249,1416,1,SB,0,3,True,8d 8h 5s 4s 4d,9s 8c,1233,-1233,10,-1213,1233,-20
4250,1416,2,BB,0,2,False,8d 8h 5s 4s,5d 4h,-20,20,8,-110,130,-20
4251,1417,0,BTN,0,0,False,,Jc 3s,0,0,4,0,-20,20
4252,1417,1,SB,0,0,False,,6s Tc,-10,10,2,0,-10,10
4253,1417,2,BB,0,3,True,9s Qh 2s 9d Ts,As Th,80,-80,9,0,-80,80
4254,1418,0,BTN,0,3,True,2c 3c 2d 3s 5s,Ad Ts,-1389.2857142857142,1389.2857142857142,10,-1389.2857142857142,1664.2857142857142,-275.0
4255,1418,1,SB,0,3,True,2c 3c 2d 3s 5s,7h 7c,2000,-2000,11,0,2000,-2000
4256,1418,2,BB,0,3,True,2c 3c 2d 3s 5s,Qc 6c,-1920,1920,9,0,1920,-1920
4257,1419,0,BTN,0,3,True,3c 8s 9s 4d 4h,Js 2s,0,0,11,0,1604,-1604
4258,1419,1,SB,0,0,False,,9d 3h,-10,10,2,0,-10,10
4259,1419,2,BB,0,3,True,3c 8s 9s 4d 4h,8c 5d,-1280,1280,9,0,1280,-1280
4260,1420,0,BTN,0,3,False,4h Ks Js Qh 9d,8s 6d,0,0,9,0,20,-20
4261,1420,1,SB,0,0,False,,Td 5s,-10,10,2,0,-10,10
4262,1420,2,BB,0,3,False,4h Ks Js Qh 9d,2c 5d,-20,20,9,0,20,-20
4263,1421,0,BTN,0,3,True,4d Th Jh 2s 9s,Qs 7d,0,0,11,0,-1280,1280
4264,1421,1,SB,0,3,False,4d Th Jh 2s 9s,2d Kd,-250,250,10,0,-250,250
4265,1421,2,BB,0,2,False,4d Th Jh 2s,9c As,-20,20,7,0,20,-20
4266,1422,0,BTN,0,1,False,Kh Kc 2h,5c Qd,0,0,5,0,20,-20
4267,1422,1,SB,0,2,False,Kh Kc 2h 2s,Kd 9s,100,-100,7,0,100,-100
4268,1422,2,BB,0,1,False,Kh Kc 2h,8d 3h,-20,20,5,0,20,-20
4269,1423,0,BTN,0,3,False,Jh 7c 7s Jc Ks,9h 3h,0,0,12,0,-320,320
4270,1423,1,SB,0,2,False,Jh 7c 7s Jc,Qh Ts,-100,100,8,0,-100,100
4271,1423,2,BB,0,3,True,Jh 7c 7s Jc Ks,5d Ah,120,-120,10,0,-120,120
4272,1424,0,BTN,0,3,False,9s 6d Td 3c 2d,8c Kc,-950,950,9,-950,970,-20
4273,1424,1,SB,0,3,True,9s 6d Td 3c 2d,7s 9h,-10,10,9,-20,-10,30
4274,1424,2,BB,0,3,True,9s 6d Td 3c 2d,Qc 2h,-20,20,12,-40,60,-20
4275,1425,0,BTN,0,1,False,Th Jh 4d,Js 5d,0,0,6,0,120,-120
4276,1425,1,SB,0,2,False,Th Jh 4d 8h,6s 6d,-60,60,8,0,-60,60
4277,1425,2,BB,0,3,True,Th Jh 4d 8h 3s,Kd 8d,120,-120,9,0,-120,120
4278,1426,0,BTN,0,3,True,7h Td 6s 8h 8c,3d Ts,0,0,11,0,-1704,1704
4279,1426,1,SB,0,2,False,7h Td 6s 8h,Ad Jd,-750,750,9,0,-750,750
4280,1426,2,BB,0,3,True,7h Td 6s 8h 8c,9h 9c,557,-557,11,0,-557,557
4281,1427,0,BTN,0,3,True,Kc Th Tc 7d 7c,Qs As,-50,50,12,-50,-1967,2017
4282,1427,1,SB,0,3,True,Kc Th Tc 7d 7c,Ad 5s,10,-10,12,10,10,-20
4283,1427,2,BB,0,3,True,Kc Th Tc 7d 7c,Ks 4h,358,-358,14,-179,-179,358
4284,1428,0,BTN,0,3,True,Js As 8c Kd 7d,9c 7c,-50,50,10,-50,2017,-1967
4285,1428,1,SB,0,0,False,,5c Ah,40,-40,4,-20,40,-20
4286,1428,2,BB,0,2,False,Js As 8c Kd,5d 8d,-20,20,8,-110,130,-20
4287,1429,0,BTN,0,3,True,Kh Kd 4s 8d 9h,3s 5h,0,0,10,0,1920,-1920
4288,1429,1,SB,0,2,False,Kh Kd 4s 8d,As 7s,-100,100,8,0,-100,100
4289,1429,2,BB,0,3,False,Kh Kd 4s 8d 9h,6s Qd,-320,320,9,0,320,-320
4290,1430,0,BTN,0,3,False,8d 2d 6c Jh Ah,Tc As,60,-60,10,60,-10,-50
4291,1430,1,SB,0,0,False,,Qh 3s,-10,10,2,0,-10,10
4292,1430,2,BB,0,3,True,8d 2d 6c Jh Ah,5s 7c,-20,20,9,0,20,-20
4293,1431,0,BTN,0,3,True,Kc 9s 7d 4c 2h,8d 5s,0,0,9,0,-40,40
4294,1431,1,SB,0,0,False,,6c 8h,-10,10,2,0,-10,10
4295,1431,2,BB,0,3,True,Kc 9s 7d 4c 2h,5c Ad,20,-20,9,0,-20,20
4296,1432,0,BTN,0,3,True,3h Qh 2s 6h 8c,5c 8s,0,0,12,0,-1920,1920
4297,1432,1,SB,0,1,False,3h Qh 2s,Js Ac,-540,540,7,0,-540,540
4298,1432,2,BB,0,3,True,3h Qh 2s 6h 8c,Ah Kh,248,-248,12,0,-248,248
4299,1433,0,BTN,0,1,False,9d 4h Ac,Qc Kd,70,-70,6,70,-50,-20
4300,1433,1,SB,0,1,False,9d 4h Ac,7d Js,-10,10,6,30,-10,-20
4301,1433,2,BB,0,3,True,9d 4h Ac 2h 5c,6c 2d,40,-40,12,-20,-20,40
4302,1434,0,BTN,0,1,False,As 3c 3h,Ts 8s,-50,50,7,-50,-50,100
4303,1434,1,SB,0,1,False,As 3c 3h,9h Jd,-60,60,6,0,-60,60
4304,1434,2,BB,0,2,False,As 3c 3h 6c,2d Ac,20,-20,8,0,-20,20
4305,1435,0,BTN,0,3,False,2h 8s 3d Ts Jh,9d 4d,0,0,9,0,20,-20
4306,1435,1,SB,0,2,False,2h 8s 3d Ts,9s Qd,60,-60,7,0,60,-60
4307,1435,2,BB,0,1,False,2h 8s 3d,Ks 5c,20,-20,6,0,-20,20
4308,1436,0,BTN,0,2,False,9c Jd Td Ks,8s 2s,0,0,9,0,-80,80
4309,1436,1,SB,0,0,False,,8d 3c,-10,10,2,0,-10,10
4310,1436,2,BB,0,3,False,9c Jd Td Ks 9s,9d 4d,20,-20,10,0,-20,20
4311,1437,0,BTN,0,3,True,Tc 8d 4s 8c Qh,2h 4c,0,0,9,0,20,-20
4312,1437,1,SB,0,0,False,,6s Kh,-10,10,2,0,-10,10
4313,1437,2,BB,0,3,True,Tc 8d 4s 8c Qh,9d 5c,-20,20,9,0,20,-20
4314,1438,0,BTN,0,3,True,5h 5c 7h 6c 2s,Ah 4h,-1755,1755,9,-1755,-10,1765
4315,1438,1,SB,0,0,False,,7d Qc,-10,10,2,0,-10,10
4316,1438,2,BB,0,3,True,5h 5c 7h 6c 2s,5d 2c,1809.5238095238096,-1809.5238095238096,9,0.0,-1809.5238095238096,1809.5238095238096
4317,1439,0,BTN,0,1,False,Ac Kd 4c,5s Jh,0,0,7,0,-120,120
4318,1439,1,SB,0,0,False,,7c 5h,-10,10,2,0,-10,10
4319,1439,2,BB,0,2,False,Ac Kd 4c 2c,Ah 2h,20,-20,8,0,-20,20
4320,1440,0,BTN,0,2,False,4d Ts 9h Qc,As 6s,60,-60,8,60,-10,-50
4321,1440,1,SB,0,1,False,4d Ts 9h,2d Qs,-10,10,6,30,-10,-20
4322,1440,2,BB,0,2,False,4d Ts 9h Qc,8h 2c,-20,20,9,-20,40,-20
4323,1441,0,BTN,0,0,False,,9c 6s,0,0,3,0,20,-20
4324,1441,1,SB,0,2,False,Js 5h Kd 7c,Ts Td,-100,100,8,0,-100,100
4325,1441,2,BB,0,0,False,,8s 5c,-20,20,3,0,20,-20
4326,1442,0,BTN,0,2,False,5s Qs 7c 6h,As 3h,-50,50,9,-50,100,-50
4327,1442,1,SB,0,2,False,5s Qs 7c 6h,9c 8c,100,-100,7,0,100,-100
4328,1442,2,BB,0,2,False,5s Qs 7c 6h,Kd 4d,-20,20,7,0,20,-20
4329,1443,0,BTN,0,2,False,Js 5d 4h 7c,Ts Qs,-380,380,8,-380,-10,390
4330,1443,1,SB,0,0,False,,7s 4d,-10,10,2,0,-10,10
4331,1443,2,BB,0,3,True,Js 5d 4h 7c Ks,6c 6h,-1280,1280,9,0,1280,-1280
4332,1444,0,BTN,0,1,False,5h 3s 4c,Jd 2s,0,0,5,0,20,-20
4333,1444,1,SB,0,0,False,,3d 6h,-10,10,2,0,-10,10
4334,1444,2,BB,0,1,False,5h 3s 4c,Th 8s,-20,20,5,0,20,-20
4335,1445,0,BTN,0,3,True,9s 3c 7d Qc 2d,5c 6c,-338,338,11,-338,-10,348
4336,1445,1,SB,0,0,False,,Td 8s,-10,10,2,0,-10,10
4337,1445,2,BB,0,3,True,9s 3c 7d Qc 2d,Kc Tc,240,-240,10,0,-240,240
4338,1446,0,BTN,0,3,False,4d Ah 5s Kh Ks,6h Qc,0,0,9,0,320,-320
4339,1446,1,SB,0,3,False,4d Ah 5s Kh Ks,Kd 5d,250,-250,9,0,250,-250
4340,1446,2,BB,0,3,False,4d Ah 5s Kh Ks,3h Th,-320,320,9,0,320,-320
4341,1447,0,BTN,0,3,True,5c 3h Jh Ac 9d,9s Ks,100,-100,12,100,-50,-50
4342,1447,1,SB,0,1,False,5c 3h Jh,6c 5h,-10,10,5,-20,-10,30
4343,1447,2,BB,0,3,True,5c 3h Jh Ac 9d,Td 5s,-20,20,12,40,-20,-20
4344,1448,0,BTN,0,0,False,,4s 2s,0,0,4,0,-20,20
4345,1448,1,SB,0,0,False,,8c 5c,-60,60,4,0,-60,60
4346,1448,2,BB,0,3,True,Qd Tc 9s 3c 3s,Ac Kh,20,-20,9,0,-20,20
4347,1449,0,BTN,0,3,True,8d 3d Ac Td 8h,5c 7s,0,0,9,0,20,-20
4348,1449,1,SB,0,0,False,,5h 3c,-10,10,2,0,-10,10
4349,1449,2,BB,0,3,False,8d 3d Ac Td 8h,4s Js,-20,20,9,0,20,-20
4350,1450,0,BTN,0,3,True,Kd 5s As 5c 2s,Kh Tc,-1180,1180,14,-1180,-88,1268
4351,1450,1,SB,0,1,False,Kd 5s As,7c Qc,-60,60,6,0,-60,60
4352,1450,2,BB,0,3,True,Kd 5s As 5c 2s,Js 7s,465,-465,12,0,-465,465
4353,1451,0,BTN,0,3,True,Ah 6s 8c 4d Qs,Ac 5h,198,-198,10,198,-10,-188
4354,1451,1,SB,0,0,False,,2d 9h,-10,10,2,0,-10,10
4355,1451,2,BB,0,1,False,Ah 6s 8c,4s 9s,20,-20,6,0,-20,20
4356,1452,0,BTN,0,3,True,4s As 6c 7d 2c,9s 8h,0,0,11,0,-1520,1520
4357,1452,1,SB,0,0,False,,4c 9d,-10,10,2,0,-10,10
4358,1452,2,BB,0,3,True,4s As 6c 7d 2c,Ac 5s,557,-557,11,0,-557,557
4359,1453,0,BTN,0,2,False,6s Tc Jc 5c,As 8s,60,-60,8,60,-10,-50
4360,1453,1,SB,0,1,False,6s Tc Jc,Ks 2s,-88,88,7,108,-88,-20
4361,1453,2,BB,0,3,True,6s Tc Jc 5c Qc,8d 3c,40,-40,12,-20,-20,40
4362,1454,0,BTN,0,3,True,6s Kd 9c Ts 5d,6h 8s,0,0,9,0,-40,40
4363,1454,1,SB,0,0,False,,3d Ac,-10,10,2,0,-10,10
4364,1454,2,BB,0,3,True,6s Kd 9c Ts 5d,Ad 7c,20,-20,9,0,-20,20
4365,1455,0,BTN,0,1,False,9d Tc 4h,Qc 3h,0,0,6,0,120,-120
4366,1455,1,SB,0,0,False,,4d Jh,-10,10,2,0,-10,10
4367,1455,2,BB,0,2,False,9d Tc 4h Ac,Kd 8c,-80,80,7,0,80,-80
4368,1456,0,BTN,0,1,False,Qc 2h 9c,Kh 6c,0,0,5,0,20,-20
4369,1456,1,SB,0,2,False,Qc 2h 9c Js,3s Qd,-10,10,7,-20,-10,30
4370,1456,2,BB,0,1,False,Qc 2h 9c,Jc 5d,-20,20,6,-20,40,-20
4371,1457,0,BTN,0,3,False,9c 6s 3s 4d Th,Kh Kd,373,-373,14,373,-50,-323
4372,1457,1,SB,0,1,False,9c 6s 3s,As 7c,-10,10,6,130,-10,-120
4373,1457,2,BB,0,0,False,,Ks 2c,-20,20,3,30,-10,-20
4374,1458,0,BTN,0,3,True,Ad Ah 9s 5d 5c,Ks 6h,0,0,9,0,1920,-1920
4375,1458,1,SB,0,3,True,Ad Ah 9s 5d 5c,Tc Th,2020,-2020,12,-2000,2020,-20
4376,1458,2,BB,0,3,True,Ad Ah 9s 5d 5c,Qd 2d,-20,20,10,-1910,1930,-20
4377,1459,0,BTN,0,1,False,8s 9c Jd,Qd 2d,0,0,6,0,-20,20
4378,1459,1,SB,0,0,False,,Ks 2h,-10,10,2,0,-10,10
4379,1459,2,BB,0,3,True,8s 9c Jd Ah 2c,6h 9s,20,-20,9,0,-20,20
4380,1460,0,BTN,0,3,True,8c 2h 2s 9c Jc,Td 9d,142,-142,10,142,-10,-132
4381,1460,1,SB,0,0,False,,Tc 6h,-10,10,2,0,-10,10
4382,1460,2,BB,0,3,True,8c 2h 2s 9c Jc,4s Qc,20,-20,9,0,-20,20
4383,1461,0,BTN,0,3,True,Kd Qh Ks 3d Js,9h As,-50,50,12,-50,-50,100
4384,1461,1,SB,0,3,True,Kd Qh Ks 3d Js,8d Ad,10,-10,10,10,10,-20
4385,1461,2,BB,0,3,True,Kd Qh Ks 3d Js,Jc 5d,40,-40,12,-20,-20,40
4386,1462,0,BTN,0,0,False,,Th 6s,0,0,3,0,20,-20
4387,1462,1,SB,0,3,False,7h 8s 3d Kh Jc,Qd Qh,100,-100,9,0,100,-100
4388,1462,2,BB,0,0,False,,5h 9c,-20,20,3,0,20,-20
4389,1463,0,BTN,0,3,True,8h Tc Jd 6h Ts,2h 8s,0,0,10,0,1520,-1520
4390,1463,1,SB,0,3,True,8h Tc Jd 6h Ts,7c 9c,2000,-2000,12,0,2000,-2000
4391,1463,2,BB,0,3,True,8h Tc Jd 6h Ts,Td 3h,-2000,2000,10,0,2000,-2000
4392,1464,0,BTN,0,2,False,Th 6d Td 2d,9h 8d,0,0,7,0,80,-80
4393,1464,1,SB,0,0,False,,6s 3h,-10,10,2,0,-10,10
4394,1464,2,BB,0,1,False,Th 6d Td,Qc 7h,-20,20,5,0,20,-20
4395,1465,0,BTN,0,1,False,Ac 8d 8h,6s 4d,0,0,6,0,-20,20
4396,1465,1,SB,0,0,False,,2s 4h,-10,10,2,0,-10,10
4397,1465,2,BB,0,1,False,Ac 8d 8h,7d 8c,20,-20,6,0,-20,20
4398,1466,0,BTN,0,1,False,Kd Ks 6s,8c 9c,-50,50,7,-50,-50,100
4399,1466,1,SB,0,0,False,,5d Jh,-10,10,2,0,-10,10
4400,1466,2,BB,0,1,False,Kd Ks 6s,Kc Qh,20,-20,6,0,-20,20
4401,1467,0,BTN,0,0,False,,Jc 8d,0,0,4,0,-20,20
4402,1467,1,SB,0,0,False,,6d 7h,-10,10,2,0,-10,10
4403,1467,2,BB,0,3,True,5c 6c Ts 5h 5s,Kd As,-320,320,9,0,320,-320
4404,1468,0,BTN,0,3,True,7s Ah 9d 3s Ks,3h Qh,100,-100,12,100,-50,-50
4405,1468,1,SB,0,0,False,,Js 5d,-10,10,2,0,-10,10
4406,1468,2,BB,0,1,False,7s Ah 9d,6c 2c,20,-20,6,0,-20,20
4407,1469,0,BTN,0,3,True,Qh 8d Td 5h Kh,2s 3s,0,0,10,0,0,0
4408,1469,1,SB,0,0,False,,6d 5c,-10,10,2,0,-10,10
4409,1469,2,BB,0,3,True,Qh 8d Td 5h Kh,5d 9c,0,0,9,0,0,0
4410,1470,0,BTN,0,2,False,4d Js 5c Qs,8h 4h,0,0,8,0,-20,20
4411,1470,1,SB,0,0,False,,7c Kd,-10,10,2,0,-10,10
4412,1470,2,BB,0,2,False,4d Js 5c Qs,8d Qc,20,-20,8,0,-20,20
4413,1471,0,BTN,0,3,True,As 3c Qd Ks 7h,5d Ad,-2000,2000,10,-2000,-10,2010
4414,1471,1,SB,0,0,False,,2d 7d,-10,10,2,0,-10,10
4415,1471,2,BB,0,2,False,As 3c Qd Ks,Ts Jh,20,-20,8,0,-20,20
4416,1472,0,BTN,0,1,False,Td 7h 6c,3c Jh,0,0,6,0,-20,20
4417,1472,1,SB,0,0,False,,5c 4h,-10,10,2,0,-10,10
4418,1472,2,BB,0,3,True,Td 7h 6c Qs 5h,Ah 9s,-20,20,9,0,20,-20
4419,1473,0,BTN,0,1,False,4d Qd Jd,3c 3s,-50,50,5,-50,-10,60
4420,1473,1,SB,0,0,False,,Qh 2c,-10,10,2,0,-10,10
4421,1473,2,BB,0,3,True,4d Qd Jd Jc Ts,7c Qs,0,0,10,0,0,0
4422,1474,0,BTN,0,3,True,Kh Qc Ks Js 8h,6h Qh,216,-216,11,216,-10,-206
4423,1474,1,SB,0,0,False,,2h 6d,-10,10,2,0,-10,10
4424,1474,2,BB,0,3,True,Kh Qc Ks Js 8h,8s 3c,20,-20,9,0,-20,20
4425,1475,0,BTN,0,2,False,6d 9c 7s Ac,5d 3h,0,0,9,0,-80,80
4426,1475,1,SB,0,0,False,,8s 2s,-10,10,2,0,-10,10
4427,1475,2,BB,0,2,False,6d 9c 7s Ac,Th 7h,60,-60,9,0,-60,60
4428,1476,0,BTN,0,1,False,7h Qh Ah,Ac Kd,-380,380,7,-380,-10,390
4429,1476,1,SB,0,3,True,7h Qh Ah Td 5d,Ks 3h,-10,10,11,1818,-10,-1808
4430,1476,2,BB,0,2,False,7h Qh Ah Td,4s As,-328,328,13,438,-110,-328
4431,1477,0,BTN,0,1,False,8c Ad Ah,7s Qd,0,0,5,0,20,-20
4432,1477,1,SB,0,2,False,8c Ad Ah 6h,Jd 8d,100,-100,7,0,100,-100
4433,1477,2,BB,0,1,False,8c Ad Ah,5d 9h,-20,20,5,0,20,-20
4434,1478,0,BTN,0,1,False,Th Kc 8s,4c 6s,0,0,5,0,20,-20
4435,1478,1,SB,0,1,False,Th Kc 8s,Ac 8c,60,-60,5,0,60,-60
4436,1478,2,BB,0,1,False,Th Kc 8s,2h 7d,-20,20,5,0,20,-20
4437,1479,0,BTN,0,1,False,Qd As 4d,8c 3h,0,0,6,0,-20,20
4438,1479,1,SB,0,0,False,,3c 5d,-10,10,2,0,-10,10
4439,1479,2,BB,0,3,True,Qd As 4d Qs 6c,Th 4c,20,-20,9,0,-20,20
4440,1480,0,BTN,0,3,True,As 2d 6c 8c 3c,Jc 2c,0,0,10,0,1920,-1920
4441,1480,1,SB,0,3,True,As 2d 6c 8c 3c,8h 8d,580,-580,9,0,580,-580
4442,1480,2,BB,0,2,False,As 2d 6c 8c,5s 5d,-80,80,7,0,80,-80
4443,1481,0,BTN,0,3,True,Ts 7d 4c 7s 5c,Jh 8s,0,0,9,0,1280,-1280
4444,1481,1,SB,0,0,False,,Th 4d,-10,10,2,0,-10,10
4445,1481,2,BB,0,2,False,Ts 7d 4c 7s,5s 4h,-920,920,9,0,920,-920
4446,1482,0,BTN,0,1,False,5d 2h 4s,Tc 6h,0,0,5,0,20,-20
4447,1482,1,SB,0,0,False,,Kc 3h,-10,10,2,0,-10,10
4448,1482,2,BB,0,3,True,5d 2h 4s Qd 2s,9h Qc,394,-394,11,0,-394,394
4449,1483,0,BTN,0,1,False,As 8h Qc,5c Qd,0,0,5,0,20,-20
4450,1483,1,SB,0,0,False,,Js Qs,20,-20,3,0,20,-20
4451,1483,2,BB,0,1,False,As 8h Qc,2c 9s,-20,20,5,0,20,-20
4452,1484,0,BTN,0,3,False,6s 2d Ah 7d Jc,8d 5d,0,0,10,0,-20,20
4453,1484,1,SB,0,3,False,6s 2d Ah 7d Jc,Qd Th,-60,60,10,0,-60,60
4454,1484,2,BB,0,3,False,6s 2d Ah 7d Jc,8s Jh,186,-186,12,0,-186,186
4455,1485,0,BTN,0,1,False,2c Ah 9h,3s 4h,0,0,5,0,20,-20
4456,1485,1,SB,0,3,False,2c Ah 9h 9c 7h,Ac 5d,60,-60,9,0,60,-60
4457,1485,2,BB,0,1,False,2c Ah 9h,8c Td,-20,20,5,0,20,-20
4458,1486,0,BTN,0,3,True,Tc 6c Qs 5h 3d,2d 2h,100,-100,12,100,-50,-50
4459,1486,1,SB,0,3,True,Tc 6c Qs 5h 3d,7s Ks,100,-100,9,0,100,-100
4460,1486,2,BB,0,3,True,Tc 6c Qs 5h 3d,8d Js,-20,20,9,0,20,-20
4461,1487,0,BTN,0,1,False,Th 4s Jh,Qc 2h,0,0,5,0,20,-20
4462,1487,1,SB,0,1,False,Th 4s Jh,9d Td,60,-60,5,0,60,-60
4463,1487,2,BB,0,1,False,Th 4s Jh,5d 3s,-20,20,5,0,20,-20
4464,1488,0,BTN,0,0,False,,9s 3s,0,0,3,0,20,-20
4465,1488,1,SB,0,2,False,6h Tc 5s 5c,Qh Qs,100,-100,7,0,100,-100
4466,1488,2,BB,0,0,False,,4c 7d,-20,20,3,0,20,-20
4467,1489,0,BTN,0,3,True,4s 9h Kh Qc 2s,6c 7d,0,0,11,0,1704,-1704
4468,1489,1,SB,0,3,True,4s 9h Kh Qc 2s,Js Kc,2000,-2000,11,0,2000,-2000
4469,1489,2,BB,0,3,True,4s 9h Kh Qc 2s,Ks Td,-2000,2000,12,0,2000,-2000
4470,1490,0,BTN,0,1,False,8s 9d Th,4s 4d,-50,50,5,-50,-10,60
4471,1490,1,SB,0,0,False,,Tc 7d,-10,10,2,0,-10,10
4472,1490,2,BB,0,2,False,8s 9d Th Jc,6d Td,-80,80,7,0,80,-80
4473,1491,0,BTN,0,2,False,Kh Jh Ts 8s,6c Ac,-50,50,7,-50,-10,60
4474,1491,1,SB,0,3,True,Kh Jh Ts 8s Js,4h 7c,-10,10,9,-145,-10,155
4475,1491,2,BB,0,3,True,Kh Jh Ts 8s Js,3s 8h,40,-40,12,-20,-20,40
4476,1492,0,BTN,0,3,False,8s 7d 4h 4d 3h,Th 6c,0,0,12,0,-320,320
4477,1492,1,SB,0,1,False,8s 7d 4h,As 6h,-60,60,6,0,-60,60
4478,1492,2,BB,0,3,True,8s 7d 4h 4d 3h,6d 8h,186,-186,11,0,-186,186
4479,1493,0,BTN,0,3,True,9c Jh 3s 7c 5s,Jd Kc,2010,-2010,12,2010,-10,-2000
4480,1493,1,SB,0,3,True,9c Jh 3s 7c 5s,2h 4s,-10,10,11,2005,-10,-1995
4481,1493,2,BB,0,3,False,9c Jh 3s 7c 5s,3c 4c,-395,395,12,405,-10,-395
4482,1494,0,BTN,0,3,False,Kc 4s 4c Qd 5h,Ks Js,96,-96,11,96,-10,-86
4483,1494,1,SB,0,1,False,Kc 4s 4c,2h Ac,-10,10,6,30,-10,-20
4484,1494,2,BB,0,3,True,Kc 4s 4c Qd 5h,9s Ts,-20,20,14,1930,-1910,-20
4485,1495,0,BTN,0,3,True,2s 5s 5d 3d 7c,9s 6d,0,0,11,0,-1520,1520
4486,1495,1,SB,0,0,False,,2c 4s,-10,10,2,0,-10,10
4487,1495,2,BB,0,3,True,2s 5s 5d 3d 7c,5h 3h,2000,-2000,12,0,-2000,2000
4488,1496,0,BTN,0,2,False,6c 9d 5d Ks,Ac 4c,-215,215,7,-215,-10,225
4489,1496,1,SB,0,0,False,,8h 4s,-10,10,2,0,-10,10
4490,1496,2,BB,0,1,False,6c 9d 5d,9c Jh,20,-20,6,0,-20,20
4491,1497,0,BTN,0,2,False,Ah As Kc Js,8d 9d,96,-96,9,96,-10,-86
4492,1497,1,SB,0,0,False,,2h 8h,-10,10,2,0,-10,10
4493,1497,2,BB,0,3,True,Ah As Kc Js 9s,8s 3h,0,0,9,0,0,0
4494,1498,0,BTN,0,1,False,Kh 4c As,7s 2c,0,0,5,0,20,-20
4495,1498,1,SB,0,3,True,Kh 4c As 3h 3s,8c Kc,-534,534,10,0,-534,534
4496,1498,2,BB,0,1,False,Kh 4c As,3c 6h,-20,20,5,0,20,-20
4497,1499,0,BTN,0,3,True,Ts Ks 3s 5d 8s,9d 9s,2010,-2010,10,2010,-10,-2000
4498,1499,1,SB,0,3,True,Ts Ks 3s 5d 8s,2s Jc,-10,10,10,1905,-10,-1895
4499,1499,2,BB,0,2,False,Ts Ks 3s 5d,Tc Qh,-110,110,11,130,-20,-110
4500,1500,0,BTN,0,3,True,6d 7d Tc 4c 5d,Ah 7h,-1367,1367,11,-1367,-10,1377
4501,1500,1,SB,0,1,False,6d 7d Tc,9c 5h,-10,10,7,130,-10,-120
4502,1500,2,BB,0,3,False,6d 7d Tc 4c 5d,3s 3h,40,-40,13,-20,-20,40
4503,1501,0,BTN,0,3,True,Ac Kh 2h 6s Qh,9h 6h,2050,-2050,11,2050,-2000,-50
4504,1501,1,SB,0,3,True,Ac Kh 2h 6s Qh,Th Kd,580,-580,9,0,580,-580
4505,1501,2,BB,0,2,False,Ac Kh 2h 6s,8c Jc,-80,80,7,0,80,-80
4506,1502,0,BTN,0,3,True,8d 7h 4h Qc 4s,Ts Jh,96,-96,10,96,-10,-86
4507,1502,1,SB,0,0,False,,3c Ad,-10,10,2,0,-10,10
4508,1502,2,BB,0,2,False,8d 7h 4h Qc,Td 5d,60,-60,9,0,-60,60
4509,1503,0,BTN,0,1,False,5s 9s 6c,Tc 5c,0,0,6,0,-20,20
4510,1503,1,SB,0,3,True,5s 9s 6c 3c 7c,Kd 4d,2000,-2000,12,0,2000,-2000
4511,1503,2,BB,0,3,True,5s 9s 6c 3c 7c,5h 6d,-184,184,10,0,184,-184
4512,1504,0,BTN,0,3,True,Kc As Ah 3s 2c,2d 3h,0,0,11,0,1704,-1704
4513,1504,1,SB,0,3,True,Kc As Ah 3s 2c,6c Ac,2000,-2000,11,0,2000,-2000
4514,1504,2,BB,0,3,True,Kc As Ah 3s 2c,Ks Js,-1760.0,1760.0,8,0.0,1760.0,-1760.0
4515,1505,0,BTN,0,0,False,,6c 3d,0,0,4,0,-20,20
4516,1505,1,SB,0,0,False,,7d 2d,-10,10,2,0,-10,10
4517,1505,2,BB,0,1,False,As Js Jh,Kh Kc,20,-20,6,0,-20,20
4518,1506,0,BTN,0,2,False,Tc 9s 2s 2c,Qs 8c,0,0,7,0,120,-120
4519,1506,1,SB,0,3,True,Tc 9s 2s 2c 6h,Kh Ac,100,-100,9,0,100,-100
4520,1506,2,BB,0,0,False,,Qh 4d,-20,20,3,0,20,-20
4521,1507,0,BTN,0,3,True,2h 2s 7h Ts 3h,Qs 6s,-78,78,9,-78,-10,88
4522,1507,1,SB,0,0,False,,3d 4c,-10,10,2,0,-10,10
4523,1507,2,BB,0,3,True,2h 2s 7h Ts 3h,Ks Jd,-40,40,9,0,40,-40
4524,1508,0,BTN,0,1,False,Tc 2c 8d,9c 4d,0,0,5,0,20,-20
4525,1508,1,SB,0,0,False,,8c 6h,-10,10,2,0,-10,10
4526,1508,2,BB,0,1,False,Tc 2c 8d,5d Ks,-20,20,5,0,20,-20
4527,1509,0,BTN,0,3,True,8s Qd As 9c Ad,Td 8d,348,-348,11,348,-10,-338
4528,1509,1,SB,0,3,True,8s Qd As 9c Ad,2h Kh,60,-60,9,0,60,-60
4529,1509,2,BB,0,3,True,8s Qd As 9c Ad,Jh 6d,-20,20,9,0,20,-20
4530,1510,0,BTN,0,1,False,8d 4c Jh,2d 8s,0,0,6,0,-20,20
4531,1510,1,SB,0,0,False,,Kh 5s,-10,10,2,0,-10,10
4532,1510,2,BB,0,3,True,8d 4c Jh 6h 5d,Jd 4d,107,-107,11,0,-107,107
4533,1511,0,BTN,0,1,False,Ks 6c Qs,5d Ts,0,0,6,0,120,-120
4534,1511,1,SB,0,1,False,Ks 6c Qs,Ac Qd,60,-60,5,0,60,-60
4535,1511,2,BB,0,1,False,Ks 6c Qs,3s 4c,-20,20,5,0,20,-20
4536,1512,0,BTN,0,1,False,Kc 6d 9s,Ks 7c,0,0,6,0,120,-120
4537,1512,1,SB,0,3,True,Kc 6d 9s 4d 6h,As 6c,2088,-2088,14,-2000,2088,-88
4538,1512,2,BB,0,3,True,Kc 6d 9s 4d 6h,Jd 7h,-20,20,13,-1694,1714,-20
4539,1513,0,BTN,0,3,False,7h 5h Qd Ah 6s,7c 4h,0,0,11,0,-80,80
4540,1513,1,SB,0,0,False,,5c 8s,-10,10,2,0,-10,10
4541,1513,2,BB,0,3,True,7h 5h Qd Ah 6s,As 3d,107,-107,11,0,-107,107
4542,1514,0,BTN,0,3,True,5d Ks 3h 9c 5c,4h As,-275,275,12,-275,325,-50
4543,1514,1,SB,0,0,False,,6s 5h,-10,10,2,0,-10,10
4544,1514,2,BB,0,3,True,5d Ks 3h 9c 5c,Jh 3c,-1280,1280,9,0,1280,-1280
4545,1515,0,BTN,0,1,False,8c 3c Jd,As 6c,-50,50,5,-50,-10,60
4546,1515,1,SB,0,0,False,,2c 3h,-10,10,2,0,-10,10
4547,1515,2,BB,0,3,True,8c 3c Jd 4h 3s,8d 6d,-184,184,10,0,184,-184
4548,1516,0,BTN,0,2,False,Qs 4c 5h Jd,3c Ks,0,0,7,0,20,-20
4549,1516,1,SB,0,0,False,,3h Jh,-10,10,2,0,-10,10
4550,1516,2,BB,0,1,False,Qs 4c 5h,Kd 6s,20,-20,6,0,-20,20
4551,1517,0,BTN,0,3,True,Kc Ts 6h 8h Kh,6c 9s,0,0,11,0,1800,-1800
4552,1517,1,SB,0,3,True,Kc Ts 6h 8h Kh,Ad Ks,-40.0,40.0,7,0.0,-40.0,40.0
4553,1517,2,BB,0,3,True,Kc Ts 6h 8h Kh,Qs Qd,-1809.5238095238096,1809.5238095238096,10,0.0,1809.5238095238096,-1809.5238095238096
4554,1518,0,BTN,0,2,False,3s 6c Kc 5h,4s 8d,0,0,9,0,-80,80
4555,1518,1,SB,0,0,False,,Qc 7s,-10,10,2,0,-10,10
4556,1518,2,BB,0,2,False,3s 6c Kc 5h,3h 5c,20,-20,8,0,-20,20
4557,1519,0,BTN,0,3,False,Ks 8c 7h Kd Jd,Js Ac,96,-96,11,96,-10,-86
4558,1519,1,SB,0,3,False,Ks 8c 7h Kd Jd,5h Ts,-10,10,11,105,-10,-95
4559,1519,2,BB,0,3,False,Ks 8c 7h Kd Jd,4h Qd,-20,20,14,40,-20,-20
4560,1520,0,BTN,0,1,False,8c 6d Qd,Ks Kd,60,-60,6,60,-10,-50
4561,1520,1,SB,0,1,False,8c 6d Qd,7c 5s,-10,10,6,130,-10,-120
4562,1520,2,BB,0,1,False,8c 6d Qd,4h 4d,-120,120,6,130,-10,-120
4563,1521,0,BTN,0,0,False,,6s 3s,0,0,3,0,20,-20
4564,1521,1,SB,0,0,False,,7h 7c,20,-20,3,0,20,-20
4565,1521,2,BB,0,0,False,,5c 2d,-20,20,3,0,20,-20
4566,1522,0,BTN,0,2,False,Qs 6d 9h 8d,Js Ad,96,-96,9,96,-10,-86
4567,1522,1,SB,0,3,True,Qs 6d 9h 8d Tc,Th 7h,-2000,2000,12,2020,-2000,-20
4568,1522,2,BB,0,3,True,Qs 6d 9h 8d Tc,4s Kc,-20,20,12,1714,-1694,-20
4569,1523,0,BTN,0,0,False,,4d 9s,0,0,4,0,-20,20
4570,1523,1,SB,0,0,False,,7c 2c,-10,10,2,0,-10,10
4571,1523,2,BB,0,3,True,2d 6s 8d Td Qd,Js 7h,-20,20,9,0,20,-20
4572,1524,0,BTN,0,3,True,6h Ah 3h 3s 7c,9d Kd,60,-60,9,60,-10,-50
4573,1524,1,SB,0,3,True,6h Ah 3h 3s 7c,2s 9c,-10,10,10,130,-10,-120
4574,1524,2,BB,0,3,True,6h Ah 3h 3s 7c,Ks 4c,-20,20,12,40,-20,-20
4575,1525,0,BTN,0,3,False,Jh Qs 6h Kd 4c,Qc 7d,0,0,12,0,-320,320
4576,1525,1,SB,0,0,False,,Th 3h,-10,10,2,0,-10,10
4577,1525,2,BB,0,3,True,Jh Qs 6h Kd 4c,5s Qh,69,-69,10,0,-69,69
4578,1526,0,BTN,0,1,False,3h 4d 8h,Qs Jd,-50,50,6,-50,100,-50
4579,1526,1,SB,0,3,False,3h 4d 8h Jh Qh,Ad 8c,-250,250,10,0,-250,250
4580,1526,2,BB,0,2,False,3h 4d 8h Jh,Ks 9h,-80,80,7,0,80,-80
4581,1527,0,BTN,0,1,False,8d 8h 9d,3d 4c,0,0,6,0,-20,20
4582,1527,1,SB,0,0,False,,2s 6s,-10,10,2,0,-10,10
4583,1527,2,BB,0,3,True,8d 8h 9d Kc Tc,9h 2c,20,-20,9,0,-20,20
4584,1528,0,BTN,0,3,True,Qs Kh 6s 2c Js,4c Qc,-1513,1513,14,-1513,3026,-1513
4585,1528,1,SB,0,2,False,Qs Kh 6s 2c,Jd Jc,-240,240,9,0,-240,240
4586,1528,2,BB,0,3,True,Qs Kh 6s 2c Js,Kd Td,1720.0,-1720.0,8,0.0,-1720.0,1720.0
4587,1529,0,BTN,0,1,False,2c 9c 2h,8d 2d,0,0,6,0,-20,20
4588,1529,1,SB,0,0,False,,4d 7c,-10,10,2,0,-10,10
4589,1529,2,BB,0,3,True,2c 9c 2h Td 6d,9s 5s,20,-20,9,0,-20,20
4590,1530,0,BTN,0,0,False,,4s 7d,0,0,4,0,-20,20
4591,1530,1,SB,0,0,False,,4d 9d,-10,10,2,0,-10,10
4592,1530,2,BB,0,1,False,6h Ac Qs,Ad Jh,20,-20,6,0,-20,20
4593,1531,0,BTN,0,2,False,5h 5s 2s 2c,Ks 5c,0,0,7,0,80,-80
4594,1531,1,SB,0,3,True,5h 5s 2s 2c Th,As 9h,100,-100,9,0,100,-100
4595,1531,2,BB,0,1,False,5h 5s 2s,4c Jd,-20,20,5,0,20,-20
4596,1532,0,BTN,0,0,False,,3h Qs,0,0,3,0,20,-20
4597,1532,1,SB,0,3,True,Qh As 4h Tc 5h,Kd Ks,-1702,1702,10,0,-1702,1702
4598,1532,2,BB,0,3,True,Qh As 4h Tc 5h,5d 4d,-1280.0,1280.0,8,0.0,1280.0,-1280.0
4599,1533,0,BTN,0,1,False,Kd 2s 6c,9s Jd,-50,50,6,-50,100,-50
4600,1533,1,SB,0,3,True,Kd 2s 6c Ks 9c,6h Ad,-2000,2000,12,2020,-2000,-20
4601,1533,2,BB,0,1,False,Kd 2s 6c,Th Qd,-20,20,6,-20,40,-20
4602,1534,0,BTN,0,2,False,6h Qc 7h Th,8c 5d,0,0,8,0,-20,20
4603,1534,1,SB,0,2,False,6h Qc 7h Th,5s As,-100,100,8,0,-100,100
4604,1534,2,BB,0,3,True,6h Qc 7h Th 2s,6d Jd,60,-60,10,0,-60,60
4605,1535,0,BTN,0,2,False,4s 5s 5h Js,As 7s,96,-96,9,96,-10,-86
4606,1535,1,SB,0,1,False,4s 5s 5h,6c Qs,-10,10,6,30,-10,-20
4607,1535,2,BB,0,1,False,4s 5s 5h,Th 8h,-20,20,8,40,-20,-20
4608,1536,0,BTN,0,3,True,6d Kc Kd 9s 3s,6s 8s,25,-25,12,25,-50,25
4609,1536,1,SB,0,0,False,,7s Jh,-10,10,2,0,-10,10
4610,1536,2,BB,0,3,True,6d Kc Kd 9s 3s,2h 6h,60,-60,10,0,-60,60
4611,1537,0,BTN,0,3,True,6s 9c 5c 7h 5d,Jh Js,-819,819,14,-819,968,-149
4612,1537,1,SB,0,2,False,6s 9c 5c 7h,Ah 5h,-88,88,12,572,-88,-484
4613,1537,2,BB,0,3,True,6s 9c 5c 7h 5d,Ac Jd,-110,110,15,-1842,1952,-110
4614,1538,0,BTN,0,3,True,Kh 4s Ts 8h 5d,3s 3d,-1502,1502,11,-1502,-10,1512
4615,1538,1,SB,0,0,False,,Qh 5s,-10,10,2,0,-10,10
4616,1538,2,BB,0,3,True,Kh 4s Ts 8h 5d,4d Kd,107,-107,11,0,-107,107
4617,1539,0,BTN,0,2,False,6h 3h 3d 5s,Kh 7h,96,-96,9,96,-10,-86
4618,1539,1,SB,0,3,True,6h 3h 3d 5s 2s,Qd Tc,-137,137,11,157,-137,-20
4619,1539,2,BB,0,3,True,6h 3h 3d 5s 2s,7d Th,-20,20,12,40,-20,-20
4620,1540,0,BTN,0,0,False,,8h 5h,0,0,4,0,-20,20
4621,1540,1,SB,0,0,False,,7h 8d,-10,10,2,0,-10,10
4622,1540,2,BB,0,1,False,6c 8c 2s,7c Jh,-20,20,5,0,20,-20
4623,1541,0,BTN,0,3,True,8d Kc Ah 8s 5d,9h 3h,0,0,11,0,-1604,1604
4624,1541,1,SB,0,0,False,,4d Ks,-10,10,2,0,-10,10
4625,1541,2,BB,0,3,True,8d Kc Ah 8s 5d,4c Ad,2000,-2000,10,0,-2000,2000
4626,1542,0,BTN,0,0,False,,2c 5d,0,0,4,0,-20,20
4627,1542,1,SB,0,2,False,Jd Kc 2d Js,7s 6s,-60,60,8,0,-60,60
4628,1542,2,BB,0,3,True,Jd Kc 2d Js Jh,As 3s,20,-20,9,0,-20,20
4629,1543,0,BTN,0,2,False,9h 2c 2h 3h,4s 8s,0,0,8,0,-20,20
4630,1543,1,SB,0,0,False,,5s 4d,-10,10,2,0,-10,10
4631,1543,2,BB,0,3,True,9h 2c 2h 3h 6s,5c 3d,-80,80,9,0,80,-80
4632,1544,0,BTN,0,1,False,9h Jd Ad,2c 3s,0,0,5,0,20,-20
4633,1544,1,SB,0,0,False,,Ac 3d,-10,10,2,0,-10,10
4634,1544,2,BB,0,1,False,9h Jd Ad,5h 7h,-170,170,7,0,170,-170
4635,1545,0,BTN,0,1,False,4s 8d Jh,2h Jc,0,0,6,0,-20,20
4636,1545,1,SB,0,0,False,,7s Kd,-10,10,2,0,-10,10
4637,1545,2,BB,0,3,True,4s 8d Jh 5c 6h,9d Js,-600,600,11,0,600,-600
4638,1546,0,BTN,0,1,False,9h Js 8s,3c 8h,0,0,6,0,-20,20
4639,1546,1,SB,0,0,False,,2c 7c,-10,10,2,0,-10,10
4640,1546,2,BB,0,3,True,9h Js 8s 6c Qs,Jh 4d,20,-20,9,0,-20,20
4641,1547,0,BTN,0,2,False,6c 7d 4s 9c,Qs Kh,-215,215,7,-215,-10,225
4642,1547,1,SB,0,2,False,6c 7d 4s 9c,6s 9s,-262,262,11,-88,-262,350
4643,1547,2,BB,0,3,True,6c 7d 4s 9c Ah,9d 7h,1210,-1210,12,-20,-1190,1210
4644,1548,0,BTN,0,2,False,9c 3d 5d 8d,Qh Ac,-380,380,8,-380,-10,390
4645,1548,1,SB,0,0,False,,3s Td,-10,10,2,0,-10,10
4646,1548,2,BB,0,2,False,9c 3d 5d 8d,Kc 5c,-80,80,8,0,80,-80
4647,1549,0,BTN,0,3,True,8d 2c 7s 7d 9d,Ah Ad,-947.0,947.0,9,-947.0,997.0,-50.0
4648,1549,1,SB,0,0,False,,8s 7c,-10,10,3,30,-10,-20
4649,1549,2,BB,0,0,False,,9h 6d,-20,20,3,30,-10,-20
4650,1550,0,BTN,0,3,True,4h 9h 9c 9d Kh,3s 6c,0,0,11,0,1280,-1280
4651,1550,1,SB,0,0,False,,2s Kd,-10,10,2,0,-10,10
4652,1550,2,BB,0,3,True,4h 9h 9c 9d Kh,Js 4d,-184,184,10,0,184,-184
4653,1551,0,BTN,0,3,False,Jh 4h As 5c Qc,3c Th,0,0,12,0,-320,320
4654,1551,1,SB,0,3,True,Jh 4h As 5c Qc,3h 3s,-1740,1740,12,0,-1740,1740
4655,1551,2,BB,0,3,True,Jh 4h As 5c Qc,9c Jd,46,-46,10,0,-46,46
4656,1552,0,BTN,0,3,True,Ac 5c 6s 8c 3c,3d 7h,0,0,11,0,1604,-1604
4657,1552,1,SB,0,0,False,,6d Qc,-10,10,2,0,-10,10
4658,1552,2,BB,0,3,False,Ac 5c 6s 8c 3c,Jd 6h,-320,320,9,0,320,-320
4659,1553,0,BTN,0,3,True,2c 3d 8h Kh 9s,5c 5s,60,-60,9,60,-10,-50
4660,1553,1,SB,0,2,False,2c 3d 8h Kh,6c 9h,-10,10,8,30,-10,-20
4661,1553,2,BB,0,3,True,2c 3d 8h Kh 9s,7s 5d,-20,20,12,-110,130,-20
4662,1554,0,BTN,0,3,True,7d 6c Jh Ac Th,Js 2c,0,0,9,0,-20,20
4663,1554,1,SB,0,0,False,,2s 5c,-10,10,2,0,-10,10
4664,1554,2,BB,0,3,True,7d 6c Jh Ac Th,9h 5s,20,-20,9,0,-20,20
4665,1555,0,BTN,0,3,True,8s 4c 6s 9c 2s,8d Jd,60,-60,9,60,-10,-50
4666,1555,1,SB,0,0,False,,3s 7s,-10,10,2,0,-10,10
4667,1555,2,BB,0,3,False,8s 4c 6s 9c 2s,Jh 7d,-20,20,9,0,20,-20
4668,1556,0,BTN,0,1,False,Qh Jd 6h,8h Jh,100,-100,8,100,-50,-50
4669,1556,1,SB,0,3,True,Qh Jd 6h Kc Kh,8s Ac,60,-60,9,0,60,-60
4670,1556,2,BB,0,3,True,Qh Jd 6h Kc Kh,Ts 7d,-20,20,9,0,20,-20
4671,1557,0,BTN,0,0,False,,Td 2d,0,0,4,0,-20,20
4672,1557,1,SB,0,0,False,,9d 2c,-10,10,2,0,-10,10
4673,1557,2,BB,0,3,True,6c 9h 3h 5c 7d,Qh 3c,-320,320,9,0,320,-320
4674,1558,0,BTN,0,1,False,5c 6s 9d,8d 2c,0,0,5,0,20,-20
4675,1558,1,SB,0,3,True,5c 6s 9d 4c 2d,6c 6h,-2000,2000,11,0,-2000,2000
4676,1558,2,BB,0,1,False,5c 6s 9d,3c 7d,-20,20,5,0,20,-20
4677,1559,0,BTN,0,3,True,Js 8c Jc Ts 5d,Kc Ac,-1400,1400,13,-1400,2800,-1400
4678,1559,1,SB,0,3,True,Js 8c Jc Ts 5d,5s Jd,-10,10,12,-1800,-10,1810
4679,1559,2,BB,0,3,True,Js 8c Jc Ts 5d,Qs Qd,-1966,1966,12,-605,2571,-1966
4680,1560,0,BTN,0,2,False,6s 9d Ah Ks,Qd 7c,0,0,7,0,40,-40
4681,1560,1,SB,0,2,False,6s 9d Ah Ks,Kh Qh,100,-100,7,0,100,-100
4682,1560,2,BB,0,2,False,6s 9d Ah Ks,Jh 5s,-20,20,7,0,20,-20
4683,1561,0,BTN,0,3,False,2s 3c 2c 7s 9d,9c 3h,0,0,9,0,40,-40
4684,1561,1,SB,0,3,True,2s 3c 2c 7s 9d,Td Kd,60,-60,9,0,60,-60
4685,1561,2,BB,0,3,True,2s 3c 2c 7s 9d,5c 4h,-186,186,11,0,186,-186
4686,1562,0,BTN,0,0,False,,7h Td,0,0,4,0,-20,20
4687,1562,1,SB,0,0,False,,2c 5h,-10,10,2,0,-10,10
4688,1562,2,BB,0,1,False,Tc 7c 6c,6s Ks,20,-20,6,0,-20,20
4689,1563,0,BTN,0,2,False,Jd Qh 2d 7h,5d Ah,-275,275,8,-275,325,-50
4690,1563,1,SB,0,3,True,Jd Qh 2d 7h 7c,Jc 9s,232,-232,9,0,232,-232
4691,1563,2,BB,0,2,False,Jd Qh 2d 7h,Ad 8c,-80,80,7,0,80,-80
4692,1564,0,BTN,0,3,True,3c Js 9d 8c 7d,5c Qh,0,0,10,0,-120,120
4693,1564,1,SB,0,0,False,,Qs 6c,-10,10,2,0,-10,10
4694,1564,2,BB,0,1,False,3c Js 9d,4c 4h,20,-20,6,0,-20,20
4695,1565,0,BTN,0,3,True,4c Tc Th 9s 6c,2h Qs,0,0,10,0,1520,-1520
4696,1565,1,SB,0,0,False,,Td 4h,-10,10,2,0,-10,10
4697,1565,2,BB,0,3,True,4c Tc Th 9s 6c,9d 4s,-2000,2000,10,0,2000,-2000
4698,1566,0,BTN,0,3,True,5h 4c Qc Qd 7c,Jc Jh,1375,-1375,11,1375,-10,-1365
4699,1566,1,SB,0,3,True,5h 4c Qc Qd 7c,6c 3s,-10,10,12,1818,-10,-1808
4700,1566,2,BB,0,2,False,5h 4c Qc Qd,Js 7h,-20,20,11,40,-20,-20
4701,1567,0,BTN,0,1,False,6c 9s 8d,5s 3d,0,0,5,0,20,-20
4702,1567,1,SB,0,2,False,6c 9s 8d Kh,Jc Ah,100,-100,7,0,100,-100
4703,1567,2,BB,0,1,False,6c 9s 8d,Jd 2d,-20,20,5,0,20,-20
4704,1568,0,BTN,0,1,False,9d Qc Qs,3s 7s,0,0,6,0,-20,20
4705,1568,1,SB,0,0,False,,3d 5c,-10,10,2,0,-10,10
4706,1568,2,BB,0,1,False,9d Qc Qs,9s Ac,20,-20,6,0,-20,20
4707,1569,0,BTN,0,3,True,5s 2s Tc 7s 6h,4s 2d,0,0,9,0,-20,20
4708,1569,1,SB,0,3,True,5s 2s Tc 7s 6h,Js Kh,-60,60,9,0,-60,60
4709,1569,2,BB,0,3,True,5s 2s Tc 7s 6h,3c 2c,60,-60,10,0,-60,60
4710,1570,0,BTN,0,3,True,8h Js 2d 7d As,Ts Qs,-1825,1825,10,-1825,-10,1835
4711,1570,1,SB,0,0,False,,3d 2h,-10,10,2,0,-10,10
4712,1570,2,BB,0,3,True,8h Js 2d 7d As,Ad Ah,248,-248,12,0,-248,248
4713,1571,0,BTN,0,2,False,2h 7s 3d 6c,Js 5s,96,-96,9,96,-10,-86
4714,1571,1,SB,0,0,False,,5c Qd,-10,10,2,0,-10,10
4715,1571,2,BB,0,1,False,2h 7s 3d,8h Qh,20,-20,6,0,-20,20
4716,1572,0,BTN,0,2,False,4c 7s Ah 3c,4h Kd,0,0,9,0,-80,80
4717,1572,1,SB,0,1,False,4c 7s Ah,Tc Qh,-60,60,6,0,-60,60
4718,1572,2,BB,0,3,False,4c 7s Ah 3c 9h,7d 3h,46,-46,11,0,-46,46
4719,1573,0,BTN,0,3,True,7s Ts 6s 6d 6c,7c 7h,2050,-2050,14,2050,-2000,-50
4720,1573,1,SB,0,0,False,,Td Kc,-88,88,5,108,-88,-20
4721,1573,2,BB,0,3,True,7s Ts 6s 6d 6c,9d 5c,-20,20,13,1714,-1694,-20
4722,1574,0,BTN,0,1,False,Th 9c Td,Kc 2c,-50,50,5,-50,-10,60
4723,1574,1,SB,0,0,False,,3s Kd,-10,10,2,0,-10,10
4724,1574,2,BB,0,3,True,Th 9c Td Js 5s,Qc Jc,139,-139,11,0,-139,139
4725,1575,0,BTN,0,3,True,Qc 6d 2s 8s Ts,5s 4h,0,0,9,0,20,-20
4726,1575,1,SB,0,2,False,Qc 6d 2s 8s,Kc Jd,100,-100,7,0,100,-100
4727,1575,2,BB,0,1,False,Qc 6d 2s,5d 4c,20,-20,6,0,-20,20
4728,1576,0,BTN,0,3,True,Jd 2c 5c Kh 4s,8c Ac,-1755,1755,9,-1755,-10,1765
4729,1576,1,SB,0,3,True,Jd 2c 5c Kh 4s,8s Jc,-10,10,11,-1770,-10,1780
4730,1576,2,BB,0,3,True,Jd 2c 5c Kh 4s,5s 5d,2500.0,-2500.0,10,-500.0,-2000.0,2500.0
4731,1577,0,BTN,0,3,True,Kh 9c 2c 5d 3s,Qh Kd,895,-895,14,895,-50,-845
4732,1577,1,SB,0,3,True,Kh 9c 2c 5d 3s,8d 7c,-10,10,12,1745,-10,-1735
4733,1577,2,BB,0,1,False,Kh 9c 2c,Ad 7h,-20,20,8,40,-20,-20
4734,1578,0,BTN,0,3,True,Qs 2d 6c 3c 2c,4s 6h,0,0,9,0,1280,-1280
4735,1578,1,SB,0,3,True,Qs 2d 6c 3c 2c,Jh Qd,580,-580,9,0,580,-580
4736,1578,2,BB,0,3,True,Qs 2d 6c 3c 2c,3d Ah,-1280,1280,9,0,1280,-1280
4737,1579,0,BTN,0,0,False,,5s 9c,0,0,4,0,-20,20
4738,1579,1,SB,0,3,True,4s 2c 7c 8s 2d,9s Ts,-360,360,10,0,-360,360
4739,1579,2,BB,0,3,True,4s 2c 7c 8s 2d,As Kd,20,-20,9,0,-20,20
4740,1580,0,BTN,0,2,False,Jh 7c Js 9s,9h 2h,0,0,8,0,-20,20
4741,1580,1,SB,0,2,False,Jh 7c Js 9s,6c Qc,-100,100,8,0,-100,100
4742,1580,2,BB,0,2,False,Jh 7c Js 9s,9d Qd,80,-80,9,0,-80,80
4743,1581,0,BTN,0,0,False,,5s Ac,-50,50,4,-50,70,-20
4744,1581,1,SB,0,3,True,9d 4d 6h 8d Qc,Ad Ah,-2000,2000,12,0,-2000,2000
4745,1581,2,BB,0,0,False,,2d 7d,-20,20,3,0,20,-20
4746,1582,0,BTN,0,3,True,6s 8s Qs 3c 3h,2h 5d,0,0,10,0,1920,-1920
4747,1582,1,SB,0,0,False,,Js 2s,-10,10,2,0,-10,10
4748,1582,2,BB,0,3,True,6s 8s Qs 3c 3h,Tc Td,-1280,1280,9,0,1280,-1280
4749,1583,0,BTN,0,0,False,,Jh 2d,0,0,4,0,-20,20
4750,1583,1,SB,0,0,False,,5h 3c,-10,10,2,0,-10,10
4751,1583,2,BB,0,3,True,Ah 6h 4s 3s 6c,As Qs,248,-248,12,0,-248,248
4752,1584,0,BTN,0,3,True,3s Kh Td 9s 7s,8h 5s,0,0,9,0,20,-20
4753,1584,1,SB,0,0,False,,4s 8c,-10,10,2,0,-10,10
4754,1584,2,BB,0,3,True,3s Kh Td 9s 7s,4c 2s,-20,20,9,0,20,-20
4755,1585,0,BTN,0,3,False,6h Jd 9c Th Ks,8d 3c,0,0,12,0,-320,320
4756,1585,1,SB,0,3,False,6h Jd 9c Th Ks,7s Ad,-1200,1200,12,0,-1200,1200
4757,1585,2,BB,0,3,False,6h Jd 9c Th Ks,Tc Jc,186,-186,12,0,-186,186
4758,1586,0,BTN,0,3,True,Ah 8c Kh 5c 9h,4h 6d,0,0,10,0,1920,-1920
4759,1586,1,SB,0,3,True,Ah 8c Kh 5c 9h,Qh As,1809.5238095238096,-1809.5238095238096,9,0.0,1809.5238095238096,-1809.5238095238096
4760,1586,2,BB,0,2,False,Ah 8c Kh 5c,7c 7h,-80,80,7,0,80,-80
4761,1587,0,BTN,0,3,True,Th Jh Ad 3c Ac,6c 4d,0,0,11,0,-1520,1520
4762,1587,1,SB,0,0,False,,3h 2h,-10,10,2,0,-10,10
4763,1587,2,BB,0,3,True,Th Jh Ad 3c Ac,Td Jc,952.3809523809523,-952.3809523809523,10,0.0,-952.3809523809523,952.3809523809523
4764,1588,0,BTN,0,3,False,Ts 9d 8c 5h Ah,As Kh,142,-142,11,142,-10,-132
4765,1588,1,SB,0,3,False,Ts 9d 8c 5h Ah,4c Tc,-10,10,10,30,-10,-20
4766,1588,2,BB,0,3,False,Ts 9d 8c 5h Ah,2c Jh,-20,20,10,30,-10,-20
4767,1589,0,BTN,0,2,False,7d 3s 6c Ks,8h As,-50,50,7,-50,-10,60
4768,1589,1,SB,0,0,False,,9s 4h,-10,10,2,0,-10,10
4769,1589,2,BB,0,2,False,7d 3s 6c Ks,Kc 5c,60,-60,9,0,-60,60
4770,1590,0,BTN,0,1,False,5s 6c Jd,Ah 4d,-380,380,7,-380,-10,390
4771,1590,1,SB,0,0,False,,Qd 3c,-10,10,2,0,-10,10
4772,1590,2,BB,0,3,True,5s 6c Jd Th 6s,5d Ad,20,-20,9,0,-20,20
4773,1591,0,BTN,0,1,False,7s 5c 2h,Kd 8d,-50,50,7,-50,-50,100
4774,1591,1,SB,0,2,False,7s 5c 2h 6c,Jd 3h,-10,10,8,-495,-10,505
4775,1591,2,BB,0,2,False,7s 5c 2h 6c,8c 8s,80,-80,10,-20,-60,80
4776,1592,0,BTN,0,3,True,2h Jc 2d 4d 9h,Ah Qd,-275,275,12,-275,325,-50
4777,1592,1,SB,0,2,False,2h Jc 2d 4d,9s Ad,-150,150,8,0,-150,150
4778,1592,2,BB,0,1,False,2h Jc 2d,8d 4h,-20,20,5,0,20,-20
4779,1593,0,BTN,0,3,True,6s Ts 8d Ad 3d,4s 5d,0,0,9,0,120,-120
4780,1593,1,SB,0,0,False,,7s 6c,-10,10,2,0,-10,10
4781,1593,2,BB,0,3,False,6s Ts 8d Ad 3d,9s Jd,-80,80,9,0,80,-80
4782,1594,0,BTN,0,3,False,Ac 3d 9d 7d 4h,Qd Kh,-327,327,9,-327,-10,337
4783,1594,1,SB,0,3,False,Ac 3d 9d 7d 4h,5d 4c,-10,10,9,-175,-10,185
4784,1594,2,BB,0,3,True,Ac 3d 9d 7d 4h,2d 4d,185,-185,13,-20,-165,185
4785,1595,0,BTN,0,3,True,7h 9c 9d 9h 8s,3s 5h,0,0,9,0,-20,20
4786,1595,1,SB,0,0,False,,5c 4h,-10,10,2,0,-10,10
4787,1595,2,BB,0,3,True,7h 9c 9d 9h 8s,Ts 4d,20,-20,9,0,-20,20
4788,1596,0,BTN,0,3,True,Jd 7h Jh 5s Ac,8h Qd,0,0,10,0,0,0
4789,1596,1,SB,0,1,False,Jd 7h Jh,Qc 3c,-60,60,6,0,-60,60
4790,1596,2,BB,0,3,True,Jd 7h Jh 5s Ac,2h Qh,0,0,9,0,0,0
4791,1597,0,BTN,0,0,False,,Th 5s,0,0,4,0,-20,20
4792,1597,1,SB,0,0,False,,7c 2h,-10,10,2,0,-10,10
4793,1597,2,BB,0,3,True,8h Kc Ad Qc 5h,3h 3s,20,-20,9,0,-20,20
4794,1598,0,BTN,0,0,False,,4h 3d,0,0,4,0,-20,20
4795,1598,1,SB,0,0,False,,8c 2h,-10,10,2,0,-10,10
4796,1598,2,BB,0,3,True,8d 9c As Js 2c,Ah 3h,-1200,1200,10,0,1200,-1200
4797,1599,0,BTN,0,3,True,2s 3d 5h Ah Qh,Ad 8d,-1755,1755,9,-1755,-10,1765
4798,1599,1,SB,0,3,True,2s 3d 5h Ah Qh,4c 6d,-10,10,9,-1595,-10,1605
4799,1599,2,BB,0,3,True,2s 3d 5h Ah Qh,5d 3h,-1910,1910,10,-20,1930,-1910
4800,1600,0,BTN,0,0,False,,6c 2s,0,0,4,0,-20,20
4801,1600,1,SB,0,0,False,,2c 4h,-10,10,2,0,-10,10
4802,1600,2,BB,0,3,True,4c Kd 6s Ks 8h,Qc 6d,464,-464,11,0,-464,464
4803,1601,0,BTN,0,1,False,2s 5s Qd,7d Tc,0,0,6,0,-20,20
4804,1601,1,SB,0,0,False,,3d 8h,-10,10,2,0,-10,10
4805,1601,2,BB,0,1,False,2s 5s Qd,Ks 5d,20,-20,6,0,-20,20
4806,1602,0,BTN,0,2,False,4s 8h 3c Ac,Kd 6h,0,0,7,0,20,-20
4807,1602,1,SB,0,3,True,4s 8h 3c Ac Ad,Ah 6s,537,-537,10,-517,537,-20
4808,1602,2,BB,0,2,False,4s 8h 3c Ac,7c Tc,-20,20,9,-20,40,-20
4809,1603,0,BTN,0,1,False,7c 3s 3h,4d 2h,0,0,5,0,120,-120
4810,1603,1,SB,0,3,False,7c 3s 3h 8c Ad,As Kc,150,-150,9,0,150,-150
4811,1603,2,BB,0,3,False,7c 3s 3h 8c Ad,Qc 5c,-840,840,10,0,840,-840
4812,1604,0,BTN,0,3,True,8c 5h Kh 3c Kd,9d 3d,0,0,11,0,-1520,1520
4813,1604,1,SB,0,1,False,8c 5h Kh,Tc As,-100,100,6,0,-100,100
4814,1604,2,BB,0,3,True,8c 5h Kh 3c Kd,8h 9c,800,-800,10,0,-800,800
4815,1605,0,BTN,0,0,False,,5d 2d,0,0,4,0,-20,20
4816,1605,1,SB,0,0,False,,4c 8s,-10,10,2,0,-10,10
4817,1605,2,BB,0,3,True,6d As Ts Qs 8c,Qd 3c,20,-20,9,0,-20,20
4818,1606,0,BTN,0,2,False,8h 7s Qd 5h,3s Ac,0,0,9,0,-80,80
4819,1606,1,SB,0,1,False,8h 7s Qd,9c Jc,-60,60,6,0,-60,60
4820,1606,2,BB,0,3,False,8h 7s Qd 5h 3h,8s 7c,46,-46,11,0,-46,46
4821,1607,0,BTN,0,3,True,Qs 7s 8d Th Ks,3h 6h,0,0,10,0,480,-480
4822,1607,1,SB,0,0,False,,5s 8c,-10,10,2,0,-10,10
4823,1607,2,BB,0,1,False,Qs 7s 8d,Ac 7d,-20,20,5,0,20,-20
4824,1608,0,BTN,0,2,False,Ks 8c 2s Ac,Ad Jd,60,-60,8,60,-10,-50
4825,1608,1,SB,0,1,False,Ks 8c 2s,Qc 4s,-10,10,6,30,-10,-20
4826,1608,2,BB,0,2,False,Ks 8c 2s Ac,4h 6d,-20,20,11,40,-20,-20
4827,1609,0,BTN,0,3,True,Kc Ts 9h Ah 2h,As 6s,1541.4285714285716,-1541.4285714285716,8,1541.4285714285716,-1521.4285714285716,-20.0
4828,1609,1,SB,0,3,True,Kc Ts 9h Ah 2h,9s 8d,-10,10,11,405,-10,-395
4829,1609,2,BB,0,3,True,Kc Ts 9h Ah 2h,Qs 2d,-470,470,14,490,-20,-470
4830,1610,0,BTN,0,3,True,3s 4h 4d Kh 6h,Qh Ad,-875,875,9,-875,-10,885
4831,1610,1,SB,0,0,False,,Qd 3h,-10,10,2,0,-10,10
4832,1610,2,BB,0,3,True,3s 4h 4d Kh 6h,Kd 5d,216,-216,11,0,-216,216
4833,1611,0,BTN,0,1,False,As Td 5c,Ks 3d,0,0,5,0,20,-20
4834,1611,1,SB,0,0,False,,5d Th,-10,10,2,0,-10,10
4835,1611,2,BB,0,1,False,As Td 5c,6s 4d,-20,20,5,0,20,-20
4836,1612,0,BTN,0,1,False,Qh Th 3h,Jc 7c,-50,50,5,-50,-10,60
4837,1612,1,SB,0,2,False,Qh Th 3h Ah,Js 8h,176,-176,10,-88,176,-88
4838,1612,2,BB,0,2,False,Qh Th 3h Ah,Qc Kd,-20,20,9,-20,40,-20
4839,1613,0,BTN,0,3,True,Qh 3c Qc 6h 3d,7d Ks,0,0,9,0,60,-60
4840,1613,1,SB,0,3,True,Qh 3c Qc 6h 3d,Tc Kd,77,-77,14,77,77,-154
4841,1613,2,BB,0,3,True,Qh 3c Qc 6h 3d,9c Jc,-20,20,12,10,10,-20
4842,1614,0,BTN,0,3,True,Ah Th Jc 2c 8d,7s As,801,-801,12,801,-10,-791
4843,1614,1,SB,0,3,True,Ah Th Jc 2c 8d,6d Tc,-10,10,12,2005,-10,-1995
4844,1614,2,BB,0,3,True,Ah Th Jc 2c 8d,Kh 4d,-20,20,13,1714,-1694,-20
4845,1615,0,BTN,0,3,True,4c Th 9s Jh Kh,Ac 4h,-875,875,9,-875,-10,885
4846,1615,1,SB,0,0,False,,8h 2h,-10,10,2,0,-10,10
4847,1615,2,BB,0,3,True,4c Th 9s Jh Kh,Js As,-184,184,10,0,184,-184
4848,1616,0,BTN,0,1,False,Ad Jd 2s,9d 8d,60,-60,6,60,-10,-50
4849,1616,1,SB,0,0,False,,7c Qh,-10,10,2,0,-10,10
4850,1616,2,BB,0,3,True,Ad Jd 2s Jc Tc,4d 3h,-20,20,9,0,20,-20
4851,1617,0,BTN,0,1,False,5c 5s Kc,4d 9d,0,0,5,0,20,-20
4852,1617,1,SB,0,0,False,,6s Ad,20,-20,3,0,20,-20
4853,1617,2,BB,0,1,False,5c 5s Kc,9s 4s,-20,20,5,0,20,-20
4854,1618,0,BTN,0,3,True,Td Jh 8h Qs 5h,Th 3h,0,0,11,0,0,0
4855,1618,1,SB,0,0,False,,9c 2s,-10,10,2,0,-10,10
4856,1618,2,BB,0,3,True,Td Jh 8h Qs 5h,6d 9h,0.0,0.0,10,0.0,0.0,0.0
4857,1619,0,BTN,0,0,False,,8d Ts,-50,50,4,-50,-10,60
4858,1619,1,SB,0,0,False,,5d 9c,-10,10,2,0,-10,10
4859,1619,2,BB,0,1,False,2h Ks 3c,Jc Jh,20,-20,6,0,-20,20
4860,1620,0,BTN,0,2,False,6d Jd 8s Qs,5s Ac,-50,50,7,-50,-10,60
4861,1620,1,SB,0,0,False,,Qd 7s,-10,10,2,0,-10,10
4862,1620,2,BB,0,3,True,6d Jd 8s Qs Th,Qh 3c,-523.8095238095239,523.8095238095239,10,0.0,523.8095238095239,-523.8095238095239
4863,1621,0,BTN,0,3,True,7s 4h Jd Kc Th,9s Kd,2010,-2010,12,2010,-10,-2000
4864,1621,1,SB,0,3,False,7s 4h Jd Kc Th,9d 5h,-10,10,11,405,-10,-395
4865,1621,2,BB,0,3,True,7s 4h Jd Kc Th,4s Qc,-470,470,14,490,-20,-470
4866,1622,0,BTN,0,3,True,5d Jh 3s 8d 2d,Qc 5s,0,0,11,0,-160,160
4867,1622,1,SB,0,0,False,,2s 4d,-10,10,2,0,-10,10
4868,1622,2,BB,0,3,True,5d Jh 3s 8d 2d,9s 3h,40,-40,9,0,-40,40
4869,1623,0,BTN,0,1,False,5s Ah Ks,Kc 9d,60,-60,6,60,-10,-50
4870,1623,1,SB,0,1,False,5s Ah Ks,2d Td,-10,10,6,30,-10,-20
4871,1623,2,BB,0,1,False,5s Ah Ks,7c 8h,-20,20,6,30,-10,-20
4872,1624,0,BTN,0,1,False,Ac Qd Tc,9d Td,-380,380,7,-380,-10,390
4873,1624,1,SB,0,0,False,,2c 4s,-10,10,2,0,-10,10
4874,1624,2,BB,0,2,False,Ac Qd Tc 8d,Qh Ks,20,-20,8,0,-20,20
4875,1625,0,BTN,0,3,True,8d 3c 3h 5h Kd,6c 5c,-1967,1967,10,-1967,2017,-50
4876,1625,1,SB,0,2,False,8d 3c 3h 5h,Td Ts,60,-60,7,0,60,-60
4877,1625,2,BB,0,0,False,,Js 4h,-20,20,3,0,20,-20
4878,1626,0,BTN,0,1,False,9h Jd Kc,3s 3c,60,-60,6,60,-10,-50
4879,1626,1,SB,0,0,False,,7h 6d,-10,10,2,0,-10,10
4880,1626,2,BB,0,3,True,9h Jd Kc 4c Ts,2h 4s,20,-20,9,0,-20,20
4881,1627,0,BTN,0,3,True,3h 5h Jc Ac 2h,Th 5d,0,0,9,0,480,-480
4882,1627,1,SB,0,3,True,3h 5h Jc Ac 2h,5c Qc,250,-250,9,0,250,-250
4883,1627,2,BB,0,3,True,3h 5h Jc Ac 2h,Kc 3d,-320,320,9,0,320,-320
4884,1628,0,BTN,0,3,True,8s As Qh Jd 4d,8c Ad,-1604.857142857143,1604.8571428571427,13,-1604.857142857143,-149.0,1753.8571428571427
4885,1628,1,SB,0,2,False,8s As Qh Jd,4h 4s,-100,100,8,0,-100,100
4886,1628,2,BB,0,3,True,8s As Qh Jd 4d,Tc 9s,2000,-2000,13,0,-2000,2000
4887,1629,0,BTN,0,0,False,,Qs 2c,0,0,4,0,-20,20
4888,1629,1,SB,0,2,False,Js Th 5h 9c,5d 4d,-100,100,8,0,-100,100
4889,1629,2,BB,0,3,True,Js Th 5h 9c 6d,8h 8d,80,-80,9,0,-80,80
4890,1630,0,BTN,0,2,False,6c 3c 3h 9s,3d 7d,0,0,9,0,-120,120
4891,1630,1,SB,0,0,False,,5c Ks,-10,10,2,0,-10,10
4892,1630,2,BB,0,3,True,6c 3c 3h 9s 5d,4d 4c,-744,744,11,0,744,-744
4893,1631,0,BTN,0,0,False,,7h 9c,0,0,4,0,-20,20
4894,1631,1,SB,0,0,False,,9s 4c,-10,10,2,0,-10,10
4895,1631,2,BB,0,3,True,6s Td 6d Tc 4h,Jh 7d,20,-20,9,0,-20,20
4896,1632,0,BTN,0,3,True,9d Kd Td 5d Kh,Qs 6c,0,0,9,0,-20,20
4897,1632,1,SB,0,3,True,9d Kd Td 5d Kh,As 8c,-60,60,9,0,-60,60
4898,1632,2,BB,0,1,False,9d Kd Td,9h 6h,20,-20,6,0,-20,20
4899,1633,0,BTN,0,2,False,4c Ac 4d Ah,9c 6c,60,-60,8,60,-10,-50
4900,1633,1,SB,0,0,False,,6s 9h,-10,10,2,0,-10,10
4901,1633,2,BB,0,3,True,4c Ac 4d Ah 3s,Tc 2h,20,-20,9,0,-20,20
4902,1634,0,BTN,0,3,True,Qh 3s 5c Td As,Qd 6s,0,0,11,0,-1704,1704
4903,1634,1,SB,0,0,False,,8h Qc,-10,10,2,0,-10,10
4904,1634,2,BB,0,3,True,Qh 3s 5c Td As,Qs 3c,840.0,-840.0,8,0.0,-840.0,840.0
4905,1635,0,BTN,0,3,True,Qs 8d 6h 9h 2c,6d Td,-1755,1755,9,-1755,-10,1765
4906,1635,1,SB,0,3,True,Qs 8d 6h 9h 2c,Qh 4h,-476.19047619047615,476.19047619047615,10,0.0,-476.19047619047615,476.19047619047615
4907,1635,2,BB,0,3,True,Qs 8d 6h 9h 2c,8c 6c,2000,-2000,10,0,-2000,2000
4908,1636,0,BTN,0,1,False,8s 9d 6h,8h 4c,0,0,5,0,20,-20
4909,1636,1,SB,0,0,False,,7d 9h,-10,10,2,0,-10,10
4910,1636,2,BB,0,1,False,8s 9d 6h,Js 4s,-20,20,5,0,20,-20
4911,1637,0,BTN,0,1,False,2c 8d Ts,3c 6d,0,0,6,0,-20,20
4912,1637,1,SB,0,0,False,,4h Kd,-10,10,2,0,-10,10
4913,1637,2,BB,0,1,False,2c 8d Ts,Jh Th,20,-20,6,0,-20,20
4914,1638,0,BTN,0,3,True,Ah 5c 2h 7d 4d,7h Ts,0,0,10,0,-60,60
4915,1638,1,SB,0,0,False,,Jc 2c,-10,10,2,0,-10,10
4916,1638,2,BB,0,3,True,Ah 5c 2h 7d 4d,5s 6s,186,-186,11,0,-186,186
4917,1639,0,BTN,0,2,False,Ts 6s 6c Ah,4s 2c,0,0,7,0,20,-20
4918,1639,1,SB,0,0,False,,4h Ac,-10,10,2,0,-10,10
4919,1639,2,BB,0,2,False,Ts 6s 6c Ah,7h 3h,-20,20,7,0,20,-20
4920,1640,0,BTN,0,3,True,5s As Qd 2c Ah,Th 6d,0,0,11,0,1704,-1704
4921,1640,1,SB,0,0,False,,Qh 8d,-10,10,2,0,-10,10
4922,1640,2,BB,0,3,True,5s As Qd 2c Ah,Qs 3d,-660.0,660.0,8,0.0,660.0,-660.0
4923,1641,0,BTN,0,3,True,3d 7d 7c 5c As,Qs Kd,96,-96,10,96,-10,-86
4924,1641,1,SB,0,3,True,3d 7d 7c 5c As,4d Qd,-137,137,11,157,-137,-20
4925,1641,2,BB,0,3,True,3d 7d 7c 5c As,8h 6d,-20,20,10,60,-40,-20
4926,1642,0,BTN,0,3,True,9d 7d As 2c Ah,6h 8h,-338,338,11,-338,-10,348
4927,1642,1,SB,0,0,False,,9h 2d,-10,10,2,0,-10,10
4928,1642,2,BB,0,1,False,9d 7d As,3h Qd,-20,20,5,0,20,-20
4929,1643,0,BTN,0,3,False,3c 3d Ac 7s 4h,Tc 8d,0,0,10,0,-20,20
4930,1643,1,SB,0,0,False,,Js 6c,-10,10,2,0,-10,10
4931,1643,2,BB,0,1,False,3c 3d Ac,5d 6d,20,-20,6,0,-20,20
4932,1644,0,BTN,0,1,False,Ac 2s Td,8c 9d,0,0,6,0,-20,20
4933,1644,1,SB,0,0,False,,4s 5h,-10,10,2,0,-10,10
4934,1644,2,BB,0,1,False,Ac 2s Td,6c Ah,20,-20,6,0,-20,20
4935,1645,0,BTN,0,3,True,Kc Jh 5h 4h Ad,Js 8s,60,-60,9,60,-10,-50
4936,1645,1,SB,0,0,False,,4c 7d,-10,10,2,0,-10,10
4937,1645,2,BB,0,3,True,Kc Jh 5h 4h Ad,8c 2h,-20,20,9,0,20,-20
4938,1646,0,BTN,0,1,False,As 8h 4s,7d Js,0,0,5,0,20,-20
4939,1646,1,SB,0,3,True,As 8h 4s 3h Tc,4h 3s,-10,10,9,-20,-10,30
4940,1646,2,BB,0,2,False,As 8h 4s 3h,Jc 9h,-20,20,9,-20,40,-20
4941,1647,0,BTN,0,1,False,4c Ts Qs,Qd 7c,0,0,5,0,20,-20
4942,1647,1,SB,0,3,False,4c Ts Qs 7h 9s,4h Ah,-150,150,10,0,-150,150
4943,1647,2,BB,0,3,True,4c Ts Qs 7h 9s,9c Jd,120,-120,9,0,-120,120
4944,1648,0,BTN,0,1,False,Qd 4h 9s,Jh 3d,0,0,5,0,120,-120
4945,1648,1,SB,0,2,False,Qd 4h 9s 6c,Kc Ks,100,-100,7,0,100,-100
4946,1648,2,BB,0,0,False,,Js 7c,-20,20,3,0,20,-20
4947,1649,0,BTN,0,3,True,2s 9c Ts Kd 5s,Kh 7s,0,0,10,0,120,-120
4948,1649,1,SB,0,2,False,2s 9c Ts Kd,5d 6c,-10,10,9,130,-10,-120
4949,1649,2,BB,0,2,False,2s 9c Ts Kd,3h 4s,-20,20,11,40,-20,-20
4950,1650,0,BTN,0,2,False,2d 7h 3d 6h,3c 8s,0,0,7,0,20,-20
4951,1650,1,SB,0,0,False,,9h 6c,-10,10,2,0,-10,10
4952,1650,2,BB,0,2,False,2d 7h 3d 6h,Th Js,-20,20,7,0,20,-20
4953,1651,0,BTN,0,3,True,7c 5h 6h 3c 5c,Qs Js,-50,50,9,-50,-10,60
4954,1651,1,SB,0,0,False,,Qh 3s,-10,10,2,0,-10,10
4955,1651,2,BB,0,3,True,7c 5h 6h 3c 5c,3h 8c,-20,20,9,0,20,-20
4956,1652,0,BTN,0,3,True,Ah 2d 5d Qs Jh,8s Ks,60,-60,9,60,-10,-50
4957,1652,1,SB,0,3,True,Ah 2d 5d Qs Jh,2c 3h,-10,10,9,30,-10,-20
4958,1652,2,BB,0,3,True,Ah 2d 5d Qs Jh,4d 7h,-20,20,9,30,-10,-20
4959,1653,0,BTN,0,0,False,,2c 7d,0,0,4,0,-20,20
4960,1653,1,SB,0,0,False,,7s 3c,-10,10,2,0,-10,10
4961,1653,2,BB,0,3,True,2h Ah Td Jh 9c,5d 5s,20,-20,9,0,-20,20
4962,1654,0,BTN,0,0,False,,6s Qc,0,0,4,0,-20,20
4963,1654,1,SB,0,0,False,,2s 9h,-10,10,2,0,-10,10
4964,1654,2,BB,0,3,True,Jc 8c 2h 9d 4s,As 9s,-2000,2000,12,0,2000,-2000
4965,1655,0,BTN,0,2,False,Kd Js 7s 8s,Td Jh,60,-60,8,60,-10,-50
4966,1655,1,SB,0,0,False,,Ah 3s,-10,10,2,0,-10,10
4967,1655,2,BB,0,3,False,Kd Js 7s 8s Ts,3h 4c,-20,20,9,0,20,-20
4968,1656,0,BTN,0,0,False,,Kd 4s,0,0,4,0,-20,20
4969,1656,1,SB,0,1,False,Ad Th 9c,9s Tc,-100,100,6,0,-100,100
4970,1656,2,BB,0,3,True,Ad Th 9c Ts Qd,As Jd,-2000,2000,12,0,2000,-2000
4971,1657,0,BTN,0,0,False,,6d 2s,0,0,3,0,20,-20
4972,1657,1,SB,0,2,False,Jd 9c 4h 2d,Kh Ac,-100,100,8,0,-100,100
4973,1657,2,BB,0,0,False,,9d 3c,-20,20,3,0,20,-20
4974,1658,0,BTN,0,1,False,9h 7s 4c,Jc 2h,0,0,6,0,-20,20
4975,1658,1,SB,0,0,False,,3c 8c,-10,10,2,0,-10,10
4976,1658,2,BB,0,3,False,9h 7s 4c 6h 2d,7h 2s,20,-20,10,0,-20,20
4977,1659,0,BTN,0,1,False,7d Jc Jd,5d Ks,0,0,6,0,-20,20
4978,1659,1,SB,0,0,False,,4d 9s,-10,10,2,0,-10,10
4979,1659,2,BB,0,1,False,7d Jc Jd,3c Ad,20,-20,6,0,-20,20
4980,1660,0,BTN,0,3,False,7d 2c 4c 8s 9h,6h Th,96,-96,11,96,-10,-86
4981,1660,1,SB,0,0,False,,Qc 7h,-10,10,2,0,-10,10
4982,1660,2,BB,0,1,False,7d 2c 4c,Jc 3h,-20,20,5,0,20,-20
4983,1661,0,BTN,0,1,False,Qd 6d Td,4s 2c,0,0,5,0,20,-20
4984,1661,1,SB,0,1,False,Qd 6d Td,Qc Kc,60,-60,5,0,60,-60
4985,1661,2,BB,0,1,False,Qd 6d Td,7h 3c,-20,20,5,0,20,-20
4986,1662,0,BTN,0,3,True,Jc 7c 9d 2h 4c,6s 7s,-215,215,9,-215,-10,225
4987,1662,1,SB,0,2,False,Jc 7c 9d 2h,Kc 2c,100,-100,7,0,100,-100
4988,1662,2,BB,0,2,False,Jc 7c 9d 2h,3c 5c,-40,40,7,0,40,-40
4989,1663,0,BTN,0,3,True,Kc 6d 7s 2h Ts,7d 8s,0,0,9,0,-20,20
4990,1663,1,SB,0,0,False,,4s 3d,-10,10,2,0,-10,10
4991,1663,2,BB,0,3,True,Kc 6d 7s 2h Ts,3c 5s,20,-20,9,0,-20,20
4992,1664,0,BTN,0,3,True,3h 4h Th 7s 9d,Kh Qc,-230,230,10,-230,250,-20
4993,1664,1,SB,0,1,False,3h 4h Th,Js Ac,-88,88,7,108,-88,-20
4994,1664,2,BB,0,3,True,3h 4h Th 7s 9d,4s 2h,40,-40,12,-20,-20,40
4995,1665,0,BTN,0,1,False,Qs Jd Tc,4d 3h,0,0,5,0,20,-20
4996,1665,1,SB,0,0,False,,Qd 6c,-10,10,2,0,-10,10
4997,1665,2,BB,0,1,False,Qs Jd Tc,8d 4h,-20,20,5,0,20,-20
4998,1666,0,BTN,0,3,False,Qd Jh Ah 4c 5c,2h Jd,0,0,9,0,320,-320
4999,1666,1,SB,0,3,True,Qd Jh Ah 4c 5c,Js Ad,580,-580,9,0,580,-580
5000,1666,2,BB,0,3,False,Qd Jh Ah 4c 5c,2c Kh,-320,320,9,0,320,-320
5001,1667,0,BTN,0,1,False,9c 2s 8s,7c Qh,0,0,6,0,-20,20
5002,1667,1,SB,0,0,False,,Kh 3c,-10,10,2,0,-10,10
5003,1667,2,BB,0,3,True,9c 2s 8s As Ts,4d 9h,46,-46,10,0,-46,46
5004,1668,0,BTN,0,1,False,2d 4d 6h,Js 7d,0,0,5,0,20,-20
5005,1668,1,SB,0,2,False,2d 4d 6h 7s,9s 6c,-10,10,8,30,-10,-20
5006,1668,2,BB,0,3,True,2d 4d 6h 7s 9c,9h Tc,-20,20,14,-1694,1714,-20
5007,1669,0,BTN,0,3,True,2c Jh 4d Tc 7d,As Qs,-1755,1755,9,-1755,-10,1765
5008,1669,1,SB,0,1,False,2c Jh 4d,9d Ts,-88,88,7,108,-88,-20
5009,1669,2,BB,0,2,False,2c Jh 4d Tc,2h 2s,-60,60,10,80,-20,-60
5010,1670,0,BTN,0,3,True,9d Ah 9s 4c 2s,Ad 7c,962,-962,14,962,-912,-50
5011,1670,1,SB,0,1,False,9d Ah 9s,7s Qs,60,-60,5,0,60,-60
5012,1670,2,BB,0,3,True,9d Ah 9s 4c 2s,5c 3d,46,-46,10,0,-46,46
5013,1671,0,BTN,0,3,True,5s 9s 2s Qh 4d,2c 3h,0,0,9,0,0,0
5014,1671,1,SB,0,3,True,5s 9s 2s Qh 4d,As 6c,0,0,9,0,0,0
5015,1671,2,BB,0,3,True,5s 9s 2s Qh 4d,6d Ah,0,0,9,0,0,0
5016,1672,0,BTN,0,2,False,4s 4h Ks 6d,Jh 2d,0,0,7,0,20,-20
5017,1672,1,SB,0,0,False,,2c Ah,-10,10,2,0,-10,10
5018,1672,2,BB,0,3,False,4s 4h Ks 6d Ac,5c Th,-40,40,9,0,40,-40
5019,1673,0,BTN,0,3,True,Kc 8c 6c 8d Ad,4h 4d,250,-250,10,250,-230,-20
5020,1673,1,SB,0,3,False,Kc 8c 6c 8d Ad,9d 7d,-250,250,10,0,-250,250
5021,1673,2,BB,0,3,True,Kc 8c 6c 8d Ad,2h 6d,40,-40,9,0,-40,40
5022,1674,0,BTN,0,0,False,,9c 3s,0,0,3,0,20,-20
5023,1674,1,SB,0,1,False,Qs 8s Jd,Ad Ks,60,-60,5,0,60,-60
5024,1674,2,BB,0,1,False,Qs 8s Jd,2c 5c,-120,120,5,0,120,-120
5025,1675,0,BTN,0,1,False,Ts Tc As,9d 2h,0,0,7,0,-120,120
5026,1675,1,SB,0,0,False,,Jd 5d,-60,60,4,0,-60,60
5027,1675,2,BB,0,3,True,Ts Tc As 4s 3s,Ac Kh,107,-107,11,0,-107,107
5028,1676,0,BTN,0,3,True,6d Qs 4c Js 8h,2c 7h,0,0,11,0,-1920,1920
5029,1676,1,SB,0,2,False,6d Qs 4c Js,Ks Ah,-240,240,9,0,-240,240
5030,1676,2,BB,0,0,False,,4h Qc,-20,20,3,0,20,-20
5031,1677,0,BTN,0,3,False,Ac Js 3h Jd 9h,4s As,60,-60,10,60,-10,-50
5032,1677,1,SB,0,1,False,Ac Js 3h,Qh Td,60,-60,5,0,60,-60
5033,1677,2,BB,0,3,True,Ac Js 3h Jd 9h,6d 4d,-20,20,9,0,20,-20
5034,1678,0,BTN,0,3,True,2h 3c 9d 9h 8d,Qh 7c,0,0,9,0,1280,-1280
5035,1678,1,SB,0,3,True,2h 3c 9d 9h 8d,3s As,928,-928,10,0,928,-928
5036,1678,2,BB,0,1,False,2h 3c 9d,Js 2s,-20,20,5,0,20,-20
5037,1679,0,BTN,0,2,False,3d 4h 6s 7h,As 2d,0,0,8,0,480,-480
5038,1679,1,SB,0,0,False,,Kc 6h,-10,10,2,0,-10,10
5039,1679,2,BB,0,3,True,3d 4h 6s 7h 6c,Qd 3c,-1280,1280,9,0,1280,-1280
5040,1680,0,BTN,0,3,True,4c 3h Jh 8s 3d,As Ks,-950,950,9,-950,970,-20
5041,1680,1,SB,0,0,False,,8d Ah,-88,88,5,108,-88,-20
5042,1680,2,BB,0,3,True,4c 3h Jh 8s 3d,5d 2c,-20,20,12,-20,40,-20
5043,1681,0,BTN,0,1,False,Ah 9d Qc,4d 2h,0,0,6,0,-20,20
5044,1681,1,SB,0,0,False,,2s Tc,-10,10,2,0,-10,10
5045,1681,2,BB,0,3,True,Ah 9d Qc Qs Th,9h Ks,-184,184,10,0,184,-184
5046,1682,0,BTN,0,1,False,3c 3s Qh,8s Kd,0,0,5,0,20,-20
5047,1682,1,SB,0,0,False,,Qd 5s,-10,10,2,0,-10,10
5048,1682,2,BB,0,1,False,3c 3s Qh,2d 9d,-20,20,5,0,20,-20
5049,1683,0,BTN,0,3,False,9c 7h 6h 2c Td,As 3s,-50,50,9,-50,-10,60
5050,1683,1,SB,0,0,False,,5h 7c,-10,10,2,0,-10,10
5051,1683,2,BB,0,3,True,9c 7h 6h 2c Td,Tc 3c,1760,-1760,11,0,-1760,1760
5052,1684,0,BTN,0,2,False,9s Td Qs Kc,8d 9h,0,0,8,0,-20,20
5053,1684,1,SB,0,3,False,9s Td Qs Kc 4s,8h Ac,-400,400,11,0,-400,400
5054,1684,2,BB,0,3,False,9s Td Qs Kc 4s,Jc 5d,93,-93,11,0,-93,93
5055,1685,0,BTN,0,3,False,Js 8h 7c 6s 5h,4h 7d,0,0,10,0,-20,20
5056,1685,1,SB,0,3,False,Js 8h 7c 6s 5h,3d 3s,-60,60,10,0,-60,60
5057,1685,2,BB,0,3,False,Js 8h 7c 6s 5h,9c 3c,20,-20,10,0,-20,20
5058,1686,0,BTN,0,3,False,9d Kd 2s Ks Qs,4c Ad,-132,132,10,-132,-10,142
5059,1686,1,SB,0,0,False,,5c 3h,-10,10,2,0,-10,10
5060,1686,2,BB,0,3,False,9d Kd 2s Ks Qs,3d Qh,20,-20,10,0,-20,20
5061,1687,0,BTN,0,3,True,6s Th 5h As Ac,Qc Kd,-1755,1755,9,-1755,-10,1765
5062,1687,1,SB,0,2,False,6s Th 5h As,Qh Td,-781,781,11,-262,-781,1043
5063,1687,2,BB,0,1,False,6s Th 5h,7d Ah,-20,20,6,-20,40,-20
5064,1688,0,BTN,0,3,False,Kd 3d 4s Td Qc,Jc 9d,100,-100,14,100,-50,-50
5065,1688,1,SB,0,3,False,Kd 3d 4s Td Qc,7h Jh,-88,88,11,108,-88,-20
5066,1688,2,BB,0,3,False,Kd 3d 4s Td Qc,3s 6c,-20,20,14,40,-20,-20
5067,1689,0,BTN,0,3,True,7c 2s Td Th Jd,2h 8h,0,0,12,0,-1920,1920
5068,1689,1,SB,0,0,False,,5d Ah,-60,60,4,0,-60,60
5069,1689,2,BB,0,3,True,7c 2s Td Th Jd,Qc Qh,267,-267,12,0,-267,267
5070,1690,0,BTN,0,3,True,Ks 3h 8h 7s Qh,2c 9s,0,0,10,0,-1520,1520
5071,1690,1,SB,0,0,False,,Ah Qs,20,-20,3,0,20,-20
5072,1690,2,BB,0,3,True,Ks 3h 8h 7s Qh,Th 4h,2000,-2000,11,0,-2000,2000
5073,1691,0,BTN,0,3,True,6s 8d Th Kh Ac,Jd 5c,0,0,10,0,-1520,1520
5074,1691,1,SB,0,2,False,6s 8d Th Kh,6c 7c,-240,240,9,0,-240,240
5075,1691,2,BB,0,3,True,6s 8d Th Kh Ac,8c 2h,320,-320,9,0,-320,320
5076,1692,0,BTN,0,1,False,3s Js 6h,Qh 9d,-50,50,5,-50,-10,60
5077,1692,1,SB,0,0,False,,4h Qd,-10,10,2,0,-10,10
5078,1692,2,BB,0,1,False,3s Js 6h,As 4d,20,-20,6,0,-20,20
5079,1693,0,BTN,0,3,True,Qd Ts Kc Tc Th,Ah 8h,-88,88,14,-88,-484,572
5080,1693,1,SB,0,3,True,Qd Ts Kc Tc Th,9d 9c,108,-108,10,-88,108,-20
5081,1693,2,BB,0,3,True,Qd Ts Kc Tc Th,3d Qh,120,-120,13,-60,-60,120
5082,1694,0,BTN,0,0,False,,7s 5d,0,0,4,0,-20,20
5083,1694,1,SB,0,0,False,,7c 2s,-10,10,2,0,-10,10
5084,1694,2,BB,0,3,True,6c 8h 8c 7h 9h,Ad Ks,-80,80,9,0,80,-80
5085,1695,0,BTN,0,3,False,5c 2h 4h 6s 7s,4s Td,0,0,10,0,-80,80
5086,1695,1,SB,0,0,False,,9s 5h,-10,10,2,0,-10,10
5087,1695,2,BB,0,3,False,5c 2h 4h 6s 7s,8d Ah,425,-425,12,0,-425,425
5088,1696,0,BTN,0,1,False,Qc 4s 9c,3h 8h,0,0,5,0,120,-120
5089,1696,1,SB,0,3,True,Qc 4s 9c 6h 3c,Ks Ac,60,-60,9,0,60,-60
5090,1696,2,BB,0,0,False,,8c Kh,-240,240,5,0,240,-240
5091,1697,0,BTN,0,2,False,8s 2s 9c Qd,7s 2d,0,0,8,0,480,-480
5092,1697,1,SB,0,3,True,8s 2s 9c Qd 8d,Ac 8c,232,-232,9,0,232,-232
5093,1697,2,BB,0,1,False,8s 2s 9c,Kh 7h,-20,20,5,0,20,-20
5094,1698,0,BTN,0,3,True,Ad Qh 4c 3s Ks,6s Kc,0,0,9,0,1280,-1280
5095,1698,1,SB,0,3,True,Ad Qh 4c 3s Ks,As 7c,2262,-2262,12,-2000,2262,-262
5096,1698,2,BB,0,2,False,Ad Qh 4c 3s,5s Kh,-20,20,8,-110,130,-20
5097,1699,0,BTN,0,3,True,Ah 3c Kd Js Th,3s 2s,0,0,10,0,1704,-1704
5098,1699,1,SB,0,3,True,Ah 3c Kd Js Th,Kh Kc,2000.0,-2000.0,10,0.0,2000.0,-2000.0
5099,1699,2,BB,0,3,True,Ah 3c Kd Js Th,As 8d,-2000.0,2000.0,8,0.0,2000.0,-2000.0
5100,1700,0,BTN,0,3,False,7h 4d 4h Kc Tc,Ts 2s,0,0,9,0,20,-20
5101,1700,1,SB,0,0,False,,Td 2c,-10,10,2,0,-10,10
5102,1700,2,BB,0,3,False,7h 4d 4h Kc Tc,2d 9d,-20,20,9,0,20,-20
5103,1701,0,BTN,0,3,True,6d 7h 5s Td 3s,7c 2c,0,0,9,0,20,-20
5104,1701,1,SB,0,0,False,,3d Jd,-10,10,2,0,-10,10
5105,1701,2,BB,0,3,True,6d 7h 5s Td 3s,9h 2s,-20,20,9,0,20,-20
5106,1702,0,BTN,0,0,False,,9s 7c,0,0,4,0,-20,20
5107,1702,1,SB,0,0,False,,Ts 6d,-10,10,2,0,-10,10
5108,1702,2,BB,0,3,True,2d Ks 5h 9c 5d,4d 3c,-20,20,9,0,20,-20
5109,1703,0,BTN,0,3,False,6h Kc 7s Th 3h,Qd Jd,-215,215,9,-215,-10,225
5110,1703,1,SB,0,0,False,,9d 5d,-10,10,2,0,-10,10
5111,1703,2,BB,0,2,False,6h Kc 7s Th,Qc Tc,20,-20,8,0,-20,20
5112,1704,0,BTN,0,3,True,Jc 8d 5c 3s 3h,7s 6d,0,0,11,0,1604,-1604
5113,1704,1,SB,0,0,False,,Jd 3c,-10,10,2,0,-10,10
5114,1704,2,BB,0,3,True,Jc 8d 5c 3s 3h,8s 5h,840.0,-840.0,8,0.0,-840.0,840.0
5115,1705,0,BTN,0,2,False,9h Qd Jh Qc,Ac Kh,96,-96,9,96,-10,-86
5116,1705,1,SB,0,1,False,9h Qd Jh,9d 3s,-10,10,6,30,-10,-20
5117,1705,2,BB,0,3,True,9h Qd Jh Qc 5d,4s 8d,-20,20,12,-20,40,-20
5118,1706,0,BTN,0,2,False,Th 6c 7s 9s,Ts 7h,0,0,7,0,480,-480
5119,1706,1,SB,0,3,True,Th 6c 7s 9s Ah,Jc Js,250,-250,9,0,250,-250
5120,1706,2,BB,0,2,False,Th 6c 7s 9s,4d 4h,-480,480,7,0,480,-480
5121,1707,0,BTN,0,3,False,5h 4s 2d 5c 2c,Kd Tc,-50,50,13,-50,-50,100
5122,1707,1,SB,0,2,False,5h 4s 2d 5c,8h 7h,-240,240,9,0,-240,240
5123,1707,2,BB,0,2,False,5h 4s 2d 5c,4h Ad,20,-20,8,0,-20,20
5124,1708,0,BTN,0,2,False,Qc 3h 5s 8c,Qh Ts,60,-60,8,60,-10,-50
5125,1708,1,SB,0,0,False,,Td 7s,-10,10,2,0,-10,10
5126,1708,2,BB,0,3,True,Qc 3h 5s 8c 2d,2h Jd,20,-20,9,0,-20,20
5127,1709,0,BTN,0,3,False,Ts 5s 6s 3d 7c,Ks 7s,250,-250,10,250,-230,-20
5128,1709,1,SB,0,2,False,Ts 5s 6s 3d,Qs Jh,-970,970,10,990,-970,-20
5129,1709,2,BB,0,3,True,Ts 5s 6s 3d 7c,Th 5h,-1594.2857142857142,1594.2857142857142,14,1854.2857142857142,-260.0,-1594.2857142857142
5130,1710,0,BTN,0,3,True,4c 8s 3d 2s 2h,4d 6c,0,0,10,0,-120,120
5131,1710,1,SB,0,0,False,,5c Qs,-10,10,2,0,-10,10
5132,1710,2,BB,0,3,True,4c 8s 3d 2s 2h,Qd 6h,20,-20,9,0,-20,20
5133,1711,0,BTN,0,3,True,6d 3h 8c Ks 6c,Jd 3c,0,0,9,0,-20,20
5134,1711,1,SB,0,0,False,,2c Td,-10,10,2,0,-10,10
5135,1711,2,BB,0,3,True,6d 3h 8c Ks 6c,Js 4c,20,-20,9,0,-20,20
5136,1712,0,BTN,0,1,False,8s 8c 8d,3d 7d,0,0,5,0,20,-20
5137,1712,1,SB,0,0,False,,8h 6s,-10,10,2,0,-10,10
5138,1712,2,BB,0,2,False,8s 8c 8d As,4d 5c,-80,80,7,0,80,-80
5139,1713,0,BTN,0,3,True,4c As 6c Ad Kh,7s Qs,142,-142,10,142,-10,-132
5140,1713,1,SB,0,0,False,,Ks 4h,-10,10,2,0,-10,10
5141,1713,2,BB,0,3,False,4c As 6c Ad Kh,Jc 2c,-320,320,9,0,320,-320
5142,1714,0,BTN,0,2,False,2d 7s Jh Kh,4d Td,0,0,7,0,20,-20
5143,1714,1,SB,0,0,False,,Kc 3d,-10,10,2,0,-10,10
5144,1714,2,BB,0,3,True,2d 7s Jh Kh 5s,4h 5d,-960,960,10,0,960,-960
5145,1715,0,BTN,0,3,True,4c 2d Th Td Qs,8s As,60,-60,9,60,-10,-50
5146,1715,1,SB,0,3,True,4c 2d Th Td Qs,2s 2h,1691,-1691,11,-1603,1691,-88
5147,1715,2,BB,0,3,True,4c 2d Th Td Qs,9s Jh,-20,20,10,-1910,1930,-20
5148,1716,0,BTN,0,3,True,Td 5s 3s 5h Jh,9d Qh,5,-5,9,5,-10,5
5149,1716,1,SB,0,0,False,,6d 4h,-10,10,2,0,-10,10
5150,1716,2,BB,0,3,True,Td 5s 3s 5h Jh,6c Qc,20,-20,9,0,-20,20
5151,1717,0,BTN,0,1,False,Tc Kh Kc,Ah Kd,60,-60,6,60,-10,-50
5152,1717,1,SB,0,1,False,Tc Kh Kc,6s 7c,-10,10,6,30,-10,-20
5153,1717,2,BB,0,1,False,Tc Kh Kc,2c 3h,-20,20,8,40,-20,-20
5154,1718,0,BTN,0,1,False,2h Kd 4s,9c Qh,-50,50,6,-50,100,-50
5155,1718,1,SB,0,3,True,2h Kd 4s 7c 3d,8s Kh,2000,-2000,11,0,2000,-2000
5156,1718,2,BB,0,1,False,2h Kd 4s,Ts 7h,-20,20,5,0,20,-20
5157,1719,0,BTN,0,3,False,6s 7s 3c 4d Js,Qd Td,-325,325,9,-325,-10,335
5158,1719,1,SB,0,0,False,,Ac 2h,-10,10,2,0,-10,10
5159,1719,2,BB,0,3,False,6s 7s 3c 4d Js,6c Jc,140,-140,11,0,-140,140
5160,1720,0,BTN,0,2,False,Tc Ks 9d Kd,Jd Qc,-380,380,8,-380,-10,390
5161,1720,1,SB,0,0,False,,6d 8h,-10,10,2,0,-10,10
5162,1720,2,BB,0,3,True,Tc Ks 9d Kd 7d,9h 2d,-80,80,9,0,80,-80
5163,1721,0,BTN,0,3,True,Tc 9h 8s 2h 6h,8c Qh,0,0,9,0,320,-320
5164,1721,1,SB,0,3,True,Tc 9h 8s 2h 6h,9c Qd,360,-360,11,0,360,-360
5165,1721,2,BB,0,3,True,Tc 9h 8s 2h 6h,Js 2s,-480,480,9,0,480,-480
5166,1722,0,BTN,0,0,False,,4h Kc,0,0,4,0,-20,20
5167,1722,1,SB,0,0,False,,Td 6c,-10,10,2,0,-10,10
5168,1722,2,BB,0,3,True,Jc 3c 7d 2s 2c,8s Kh,20,-20,9,0,-20,20
5169,1723,0,BTN,0,3,True,Kc Ts Jc Qd 6d,5c Td,0,0,9,0,-20,20
5170,1723,1,SB,0,0,False,,8s 3d,-10,10,2,0,-10,10
5171,1723,2,BB,0,1,False,Kc Ts Jc,6s 3s,20,-20,6,0,-20,20
5172,1724,0,BTN,0,3,True,Kh 5d 2c 2h Jc,9d 6s,0,0,9,0,-20,20
5173,1724,1,SB,0,3,True,Kh 5d 2c 2h Jc,7h 8c,-250,250,9,0,-250,250
5174,1724,2,BB,0,3,True,Kh 5d 2c 2h Jc,Qs 8s,20,-20,9,0,-20,20
5175,1725,0,BTN,0,0,False,,2c 5d,0,0,3,0,20,-20
5176,1725,1,SB,0,2,False,Ks Jd 9c Ts,7c 7s,-60,60,8,0,-60,60
5177,1725,2,BB,0,0,False,,Tc 6d,-20,20,3,0,20,-20
5178,1726,0,BTN,0,3,False,8h Kd 6d 7c Js,4d Ks,0,0,10,0,-20,20
5179,1726,1,SB,0,3,False,8h Kd 6d 7c Js,5h Ad,-100,100,10,0,-100,100
5180,1726,2,BB,0,3,False,8h Kd 6d 7c Js,Jh Tc,60,-60,11,0,-60,60
5181,1727,0,BTN,0,3,True,Kd As 3s 9d 5c,Ts 4h,0,0,11,0,-1920,1920
5182,1727,1,SB,0,0,False,,9h Qd,-60,60,4,0,-60,60
5183,1727,2,BB,0,3,True,Kd As 3s 9d 5c,Td Tc,640,-640,9,0,-640,640
5184,1728,0,BTN,0,3,True,5c 6h Jh Ts 8s,Ad 6c,100,-100,12,100,-50,-50
5185,1728,1,SB,0,3,True,5c 6h Jh Ts 8s,Qd Ks,-250,250,9,0,-250,250
5186,1728,2,BB,0,3,True,5c 6h Jh Ts 8s,4c Ac,60,-60,10,0,-60,60
5187,1729,0,BTN,0,3,True,9s Qs 6d Ts Kc,6h As,-50,50,12,-50,325,-275
5188,1729,1,SB,0,2,False,9s Qs 6d Ts,Ah Jh,-250,250,8,0,-250,250
5189,1729,2,BB,0,3,True,9s Qs 6d Ts Kc,Kd 9d,-320,320,10,0,320,-320
5190,1730,0,BTN,0,3,True,Ks 5c Ad Kc Jd,Ah 8d,2010,-2010,12,2010,-10,-2000
5191,1730,1,SB,0,0,False,,7d 6s,-10,10,2,0,-10,10
5192,1730,2,BB,0,3,True,Ks 5c Ad Kc Jd,Qc 9c,20,-20,9,0,-20,20
5193,1731,0,BTN,0,3,True,2d 6s 9s Ah Js,Jd 7c,0,0,9,0,20,-20
5194,1731,1,SB,0,3,False,2d 6s 9s Ah Js,Qd 8d,-88,88,11,108,-88,-20
5195,1731,2,BB,0,3,True,2d 6s 9s Ah Js,5c Qh,-20,20,12,40,-20,-20
5196,1732,0,BTN,0,3,True,9d Ts Qd 4c Ad,8c 4s,0,0,9,0,20,-20
5197,1732,1,SB,0,0,False,,8s 2d,-10,10,2,0,-10,10
5198,1732,2,BB,0,3,True,9d Ts Qd 4c Ad,5h 3h,-20,20,9,0,20,-20
5199,1733,0,BTN,0,3,False,Qs Qh Ts Ah Kh,Kc 6d,0,0,10,0,-20,20
5200,1733,1,SB,0,3,True,Qs Qh Ts Ah Kh,9s 2d,-10,10,10,-175,-10,185
5201,1733,2,BB,0,3,False,Qs Qh Ts Ah Kh,9h 5h,40,-40,13,-20,-20,40
5202,1734,0,BTN,0,3,False,Tc Ac Ts Th 9c,8c Js,0,0,9,0,20,-20
5203,1734,1,SB,0,0,False,,7c 3c,-10,10,2,0,-10,10
5204,1734,2,BB,0,3,False,Tc Ac Ts Th 9c,7h 5c,-20,20,9,0,20,-20
5205,1735,0,BTN,0,3,False,Kh 6d Ad 3h Ks,7s 9d,0,0,9,0,20,-20
5206,1735,1,SB,0,0,False,,Qh 3s,-10,10,2,0,-10,10
5207,1735,2,BB,0,2,False,Kh 6d Ad 3h,Td Js,-60,60,8,0,60,-60
5208,1736,0,BTN,0,0,False,,5s 6c,0,0,4,0,-20,20
5209,1736,1,SB,0,3,False,Th 8d Jc Ad 9s,5c 4c,-60,60,10,0,-60,60
5210,1736,2,BB,0,3,False,Th 8d Jc Ad 9s,7c Kd,20,-20,10,0,-20,20
5211,1737,0,BTN,0,3,True,Jc Kd 2d 5s 9h,Qh 9c,130,-130,9,130,-10,-120
5212,1737,1,SB,0,3,True,Jc Kd 2d 5s 9h,7h 5h,150,-150,10,0,150,-150
5213,1737,2,BB,0,3,True,Jc Kd 2d 5s 9h,4h 2c,-120,120,9,0,120,-120
5214,1738,0,BTN,0,1,False,3c 6h 8h,8d 5c,0,0,6,0,-20,20
5215,1738,1,SB,0,0,False,,Jd 5h,-10,10,2,0,-10,10
5216,1738,2,BB,0,3,True,3c 6h 8h Ah 7c,Th 6s,20,-20,9,0,-20,20
5217,1739,0,BTN,0,3,False,Qd 2d 8s Qc 5h,Jh Kh,-222,222,11,-222,-10,232
5218,1739,1,SB,0,3,True,Qd 2d 8s Qc 5h,7s 3s,-10,10,9,-95,-10,105
5219,1739,2,BB,0,3,True,Qd 2d 8s Qc 5h,5d 9d,40,-40,12,-20,-20,40
5220,1740,0,BTN,0,2,False,5h Kh 5d Jd,9d 9s,-275,275,9,-275,-50,325
5221,1740,1,SB,0,3,True,5h Kh 5d Jd 4c,9c 8c,-88,88,12,-1540,-88,1628
5222,1740,2,BB,0,3,True,5h Kh 5d Jd 4c,Kc 8s,335,-335,11,-315,-20,335
5223,1741,0,BTN,0,3,True,Jh Tc 9h 5d Td,2d 4h,0,0,9,0,-20,20
5224,1741,1,SB,0,0,False,,7h 2s,-10,10,2,0,-10,10
5225,1741,2,BB,0,3,True,Jh Tc 9h 5d Td,6d Ks,20,-20,9,0,-20,20
5226,1742,0,BTN,0,2,False,5c Th Kd 8d,8c 5h,0,0,8,0,-20,20
5227,1742,1,SB,0,0,False,,9s 4h,-10,10,2,0,-10,10
5228,1742,2,BB,0,1,False,5c Th Kd,4d Ts,20,-20,6,0,-20,20
5229,1743,0,BTN,0,3,True,8c 9d Ks 7s Ad,8s 8d,2050,-2050,14,2050,-50,-2000
5230,1743,1,SB,0,1,False,8c 9d Ks,6s Js,-88,88,7,108,-88,-20
5231,1743,2,BB,0,3,True,8c 9d Ks 7s Ad,3h 9c,-1910,1910,14,1930,-20,-1910
5232,1744,0,BTN,0,2,False,Ts 8h 6s 5h,Js 4h,0,0,9,0,-80,80
5233,1744,1,SB,0,0,False,,Ad 4s,20,-20,3,0,20,-20
5234,1744,2,BB,0,3,False,Ts 8h 6s 5h 9h,7d 9d,80,-80,11,0,-80,80
5235,1745,0,BTN,0,1,False,Ac 3s 6c,Th 2h,0,0,5,0,20,-20
5236,1745,1,SB,0,3,False,Ac 3s 6c Qc As,3d Qd,100,-100,9,0,100,-100
5237,1745,2,BB,0,2,False,Ac 3s 6c Qc,Tc 8d,-80,80,7,0,80,-80
5238,1746,0,BTN,0,0,False,,6d Qc,0,0,3,0,20,-20
5239,1746,1,SB,0,3,True,7d Ks 7c 7s As,Td Th,100,-100,9,0,100,-100
5240,1746,2,BB,0,0,False,,8c 3c,-20,20,3,0,20,-20
5241,1747,0,BTN,0,0,False,,2d 3d,0,0,4,0,-20,20
5242,1747,1,SB,0,0,False,,2h Tc,-10,10,2,0,-10,10
5243,1747,2,BB,0,3,True,As 9d Ah 8s 7h,Kc Jh,20,-20,9,0,-20,20
5244,1748,0,BTN,0,1,False,4d 7s Qs,Ad 3s,0,0,5,0,20,-20
5245,1748,1,SB,0,0,False,,7d Jh,-10,10,2,0,-10,10
5246,1748,2,BB,0,1,False,4d 7s Qs,6s 2c,-20,20,5,0,20,-20
5247,1749,0,BTN,0,3,False,7d 8d 8s 5c Td,Ks 2d,0,0,12,0,-320,320
5248,1749,1,SB,0,3,True,7d 8d 8s 5c Td,6s Ah,-1644,1644,12,0,-1644,1644
5249,1749,2,BB,0,3,True,7d 8d 8s 5c Td,9s 8h,107,-107,11,0,-107,107
5250,1750,0,BTN,0,3,True,5h 6s Jh 3d As,6h 2h,0,0,9,0,20,-20
5251,1750,1,SB,0,0,False,,7s 3h,-10,10,2,0,-10,10
5252,1750,2,BB,0,1,False,5h 6s Jh,7c 9h,20,-20,6,0,-20,20
5253,1751,0,BTN,0,3,True,9d 8s 2c 3d Ad,9s 9c,2050,-2050,14,2050,-50,-2000
5254,1751,1,SB,0,3,True,9d 8s 2c 3d Ad,Kh 7c,-10,10,10,1905,-10,-1895
5255,1751,2,BB,0,3,True,9d 8s 2c 3d Ad,3c 8h,-2000.0,2000.0,12,2020.0,-20.0,-2000.0
5256,1752,0,BTN,0,3,False,Tc Th 5d 4d 5c,5s 9d,0,0,10,0,-80,80
5257,1752,1,SB,0,0,False,,3h 4h,-10,10,2,0,-10,10
5258,1752,2,BB,0,3,True,Tc Th 5d 4d 5c,Kh 6s,80,-80,9,0,-80,80
5259,1753,0,BTN,0,3,True,4d 6d 8s Ah Jh,Kc 5d,0,0,9,0,-20,20
5260,1753,1,SB,0,0,False,,3s Qd,-10,10,2,0,-10,10
5261,1753,2,BB,0,3,True,4d 6d 8s Ah Jh,Kd 2c,20,-20,9,0,-20,20
5262,1754,0,BTN,0,3,True,Qd 4c Qh Qs 3h,Kd Jd,-1755,1755,9,-1755,-10,1765
5263,1754,1,SB,0,3,False,Qd 4c Qh Qs 3h,Th 7h,-484,484,14,-88,-484,572
5264,1754,2,BB,0,3,True,Qd 4c Qh Qs 3h,6d 6h,660,-660,12,-640,-20,660
5265,1755,0,BTN,0,3,True,5d 9s 2d 7d Jd,3c Ac,-50,50,11,-50,2017,-1967
5266,1755,1,SB,0,3,True,5d 9s 2d 7d Jd,8s 6s,240,-240,10,0,240,-240
5267,1755,2,BB,0,3,False,5d 9s 2d 7d Jd,Ah 5h,-80,80,9,0,80,-80
5268,1756,0,BTN,0,2,False,3d 5c 3s Ah,5d Ac,149,-149,9,149,-129,-20
5269,1756,1,SB,0,0,False,,Js Ts,20,-20,3,0,20,-20
5270,1756,2,BB,0,3,True,3d 5c 3s Ah 5h,2d 5s,46,-46,10,0,-46,46
5271,1757,0,BTN,0,0,False,,Kc 4h,0,0,4,0,-20,20
5272,1757,1,SB,0,0,False,,2s 4s,-10,10,2,0,-10,10
5273,1757,2,BB,0,2,False,Th 2d 9c 3c,6d Qh,-20,20,7,0,20,-20
5274,1758,0,BTN,0,0,False,,5h Qc,0,0,4,0,-20,20
5275,1758,1,SB,0,0,False,,4d 6s,-10,10,2,0,-10,10
5276,1758,2,BB,0,1,False,9h 5c 3h,5d 5s,20,-20,6,0,-20,20
5277,1759,0,BTN,0,3,True,Jh 9d Kd 7s Th,Jd 3d,0,0,11,0,1704,-1704
5278,1759,1,SB,0,3,True,Jh 9d Kd 7s Th,Kc 4c,1428.5714285714284,-1428.5714285714284,12,0.0,1428.5714285714284,-1428.5714285714284
5279,1759,2,BB,0,3,True,Jh 9d Kd 7s Th,Ah 9h,-245,245,16,-245,490,-245
5280,1760,0,BTN,0,1,False,Jh 6s 6c,7c 9h,0,0,5,0,20,-20
5281,1760,1,SB,0,1,False,Jh 6s 6c,Jc Td,60,-60,5,0,60,-60
5282,1760,2,BB,0,1,False,Jh 6s 6c,8d 4h,-20,20,5,0,20,-20
5283,1761,0,BTN,0,1,False,As 4d Ac,7c Td,0,0,7,0,-120,120
5284,1761,1,SB,0,0,False,,3c 5c,-10,10,2,0,-10,10
5285,1761,2,BB,0,3,True,As 4d Ac 4h Js,8c Kc,20,-20,9,0,-20,20
5286,1762,0,BTN,0,1,False,3h 6d Th,Kc 8c,-50,50,5,-50,-10,60
5287,1762,1,SB,0,3,True,3h 6d Th Jd 4s,Ah 4h,-1830,1830,14,-88,-1830,1918
5288,1762,2,BB,0,3,True,3h 6d Th Jd 4s,Ts Kh,2020,-2020,11,-20,-2000,2020
5289,1763,0,BTN,0,2,False,Td 2s 4s 6c,9h Jh,-50,50,7,-50,-10,60
5290,1763,1,SB,0,3,True,Td 2s 4s 6c Qc,3h 4h,-10,10,10,-182,-10,192
5291,1763,2,BB,0,3,True,Td 2s 4s 6c Qc,7s Ks,-20,20,12,-20,40,-20
5292,1764,0,BTN,0,3,False,5c 4d Qc 9c 2c,Ah 5s,-86,86,10,-86,-10,96
5293,1764,1,SB,0,0,False,,Kh 3d,-10,10,2,0,-10,10
5294,1764,2,BB,0,3,True,5c 4d Qc 9c 2c,2h 5h,20,-20,9,0,-20,20
5295,1765,0,BTN,0,1,False,2s Tc Ac,8s 3d,0,0,5,0,20,-20
5296,1765,1,SB,0,3,False,2s Tc Ac 7d 6d,Ah 4h,60,-60,9,0,60,-60
5297,1765,2,BB,0,1,False,2s Tc Ac,5d 9h,-20,20,5,0,20,-20
5298,1766,0,BTN,0,3,True,Ac Tc 2h 2s 3c,8d 9s,0,0,9,0,1280,-1280
5299,1766,1,SB,0,3,True,Ac Tc 2h 2s 3c,As 5s,348,-348,10,0,348,-348
5300,1766,2,BB,0,2,False,Ac Tc 2h 2s,9h Kc,-80,80,7,0,80,-80
5301,1767,0,BTN,0,3,True,Ks 4h Ah Jc Kh,9c 6h,0,0,9,0,20,-20
5302,1767,1,SB,0,2,False,Ks 4h Ah Jc,Qd 2d,100,-100,7,0,100,-100
5303,1767,2,BB,0,3,True,Ks 4h Ah Jc Kh,8d 5c,-20,20,9,0,20,-20
5304,1768,0,BTN,0,3,False,Ad 5h Kd Ah 9c,Js Tc,-132,132,10,-132,-10,142
5305,1768,1,SB,0,3,True,Ad 5h Kd Ah 9c,Kc 4c,232,-232,9,0,232,-232
5306,1768,2,BB,0,3,True,Ad 5h Kd Ah 9c,Qc Jd,-1280,1280,9,0,1280,-1280
5307,1769,0,BTN,0,3,True,8c Qh 2h 9c 4s,7h 5c,0,0,9,0,1920,-1920
5308,1769,1,SB,0,3,True,8c Qh 2h 9c 4s,Jd Jh,139,-139,9,0,139,-139
5309,1769,2,BB,0,3,True,8c Qh 2h 9c 4s,Kh Jc,-1949,1949,10,0,1949,-1949
5310,1770,0,BTN,0,1,False,Th 5h Qd,2d 6c,0,0,6,0,-20,20
5311,1770,1,SB,0,0,False,,4d 9h,-10,10,2,0,-10,10
5312,1770,2,BB,0,3,True,Th 5h Qd 6h 4s,Ts 3h,20,-20,9,0,-20,20
5313,1771,0,BTN,0,3,True,9d Kd Jd Kc 4h,Ks 9h,2010,-2010,12,2010,-10,-2000
5314,1771,1,SB,0,3,True,9d Kd Jd Kc 4h,7c 2s,-10,10,11,2005,-10,-1995
5315,1771,2,BB,0,1,False,9d Kd Jd,Tc Ah,-20,20,6,30,-10,-20
5316,1772,0,BTN,0,2,False,7h 3c Kh 9d,Kd 4s,0,0,8,0,-20,20
5317,1772,1,SB,0,0,False,,Qd 5c,-10,10,2,0,-10,10
5318,1772,2,BB,0,3,True,7h 3c Kh 9d Td,9s Jd,46,-46,10,0,-46,46
5319,1773,0,BTN,0,3,False,Ac 4h 8h 9h 9d,Jc 3s,0,0,12,0,-320,320
5320,1773,1,SB,0,0,False,,Qc 6h,-10,10,2,0,-10,10
5321,1773,2,BB,0,3,True,Ac 4h 8h 9h 9d,8d 7h,40,-40,9,0,-40,40
5322,1774,0,BTN,0,3,True,9h Ts Jd 5h 7h,Kc 9c,-1910,1910,9,-1910,1930,-20
5323,1774,1,SB,0,3,True,9h Ts Jd 5h 7h,9s Ah,1578,-1578,12,-1558,1578,-20
5324,1774,2,BB,0,3,True,9h Ts Jd 5h 7h,Qc 2c,-40,40,14,-40,80,-40
5325,1775,0,BTN,0,1,False,As 4c Ac,9s 8c,0,0,6,0,-20,20
5326,1775,1,SB,0,0,False,,7d Th,-10,10,2,0,-10,10
5327,1775,2,BB,0,3,True,As 4c Ac 8s 2h,Kc 6h,20,-20,9,0,-20,20
5328,1776,0,BTN,0,1,False,8s Js 2h,6h Qc,0,0,5,0,20,-20
5329,1776,1,SB,0,0,False,,Jd 7h,-10,10,2,0,-10,10
5330,1776,2,BB,0,1,False,8s Js 2h,7s 6d,-20,20,5,0,20,-20
5331,1777,0,BTN,0,1,False,Js 6c Kh,4c 4d,-50,50,5,-50,-10,60
5332,1777,1,SB,0,0,False,,3c Qh,-10,10,2,0,-10,10
5333,1777,2,BB,0,3,True,Js 6c Kh 6d 4s,Jc 8c,107,-107,11,0,-107,107
5334,1778,0,BTN,0,3,True,5d 2h Ts 7c 4d,9c 7s,0,0,9,0,-20,20
5335,1778,1,SB,0,0,False,,9d 6h,-10,10,2,0,-10,10
5336,1778,2,BB,0,3,True,5d 2h Ts 7c 4d,6s Jd,20,-20,9,0,-20,20
5337,1779,0,BTN,0,2,False,4s 9d Jc 5c,9h 5s,0,0,7,0,20,-20
5338,1779,1,SB,0,0,False,,5h 6c,-10,10,2,0,-10,10
5339,1779,2,BB,0,2,False,4s 9d Jc 5c,7c Ts,-20,20,7,0,20,-20
5340,1780,0,BTN,0,3,True,8s Qd 3s 5h 5s,Ah 3h,-50,50,12,-50,-50,100
5341,1780,1,SB,0,3,True,8s Qd 3s 5h 5s,Ad 9c,-250,250,9,0,-250,250
5342,1780,2,BB,0,3,True,8s Qd 3s 5h 5s,6h 6d,20,-20,9,0,-20,20
5343,1781,0,BTN,0,3,False,As Ad Qd Jd 6d,8s Ks,-86,86,10,-86,-10,96
5344,1781,1,SB,0,3,False,As Ad Qd Jd 6d,7h 6s,-10,10,9,-20,-10,30
5345,1781,2,BB,0,3,True,As Ad Qd Jd 6d,8d 7c,80,-80,13,-20,-60,80
5346,1782,0,BTN,0,3,False,3c Qd 6d 6h Kh,Jh 9h,-50,50,9,-50,70,-20
5347,1782,1,SB,0,1,False,3c Qd 6d,Th Kd,108,-108,6,-88,108,-20
5348,1782,2,BB,0,3,True,3c Qd 6d 6h Kh,Qs 2h,-638,638,12,-20,658,-638
5349,1783,0,BTN,0,3,True,3s 9c Ac Qs 2h,5s Qc,0,0,12,0,-1680,1680
5350,1783,1,SB,0,0,False,,Kh 5c,-10,10,2,0,-10,10
5351,1783,2,BB,0,3,True,3s 9c Ac Qs 2h,9d 8s,20,-20,9,0,-20,20
5352,1784,0,BTN,0,3,True,Qd 8s 4d Qh Qs,3d Jc,0,0,11,0,-160,160
5353,1784,1,SB,0,0,False,,3c Kh,-10,10,2,0,-10,10
5354,1784,2,BB,0,1,False,Qd 8s 4d,6h Ad,20,-20,6,0,-20,20
5355,1785,0,BTN,0,3,True,7d 4c 9h Ad 5d,Ah Tc,1765,-1765,14,1765,-1715,-50
5356,1785,1,SB,0,0,False,,7c Kh,-10,10,2,0,-10,10
5357,1785,2,BB,0,2,False,7d 4c 9h Ad,3c 3d,-80,80,7,0,80,-80
5358,1786,0,BTN,0,3,True,9c Ac Ts 8s 7c,9h 6h,-1513,1513,13,-1513,-275,1788
5359,1786,1,SB,0,3,True,9c Ac Ts 8s 7c,Tc Ks,-400,400,10,0,-400,400
5360,1786,2,BB,0,3,True,9c Ac Ts 8s 7c,6c Kc,742,-742,10,0,-742,742
5361,1787,0,BTN,0,0,False,,8c 3s,0,0,3,0,20,-20
5362,1787,1,SB,0,3,True,4d 2h 3c Kh 6d,Th Td,360,-360,11,0,360,-360
5363,1787,2,BB,0,3,True,4d 2h 3c Kh 6d,7s 4s,-1920,1920,9,0,1920,-1920
5364,1788,0,BTN,0,3,True,Qs 5s 8s Qc Kh,4d 6h,0,0,11,0,-320,320
5365,1788,1,SB,0,2,False,Qs 5s 8s Qc,Jc Ac,-60,60,8,0,-60,60
5366,1788,2,BB,0,3,True,Qs 5s 8s Qc Kh,5c Td,20,-20,9,0,-20,20
5367,1789,0,BTN,0,1,False,Ks 6c Qd,8c 3d,0,0,7,0,-120,120
5368,1789,1,SB,0,0,False,,3c 4h,-10,10,2,0,-10,10
5369,1789,2,BB,0,1,False,Ks 6c Qd,Qh Kd,20,-20,6,0,-20,20
5370,1790,0,BTN,0,1,False,9h Ac 8s,9c 6h,0,0,5,0,20,-20
5371,1790,1,SB,0,0,False,,As 9d,20,-20,3,0,20,-20
5372,1790,2,BB,0,1,False,9h Ac 8s,3s 2c,-20,20,5,0,20,-20
5373,1791,0,BTN,0,3,True,9d 6c 4s Qh Th,Jc Kd,199,-199,14,199,-50,-149
5374,1791,1,SB,0,1,False,9d 6c 4s,7s Kc,-10,10,6,-120,-10,130
5375,1791,2,BB,0,3,True,9d 6c 4s Qh Th,8c 8h,-110,110,14,130,-20,-110
5376,1792,0,BTN,0,2,False,6d 2d Jc Td,Jd 3h,0,0,8,0,-20,20
5377,1792,1,SB,0,0,False,,5s Kc,-10,10,2,0,-10,10
5378,1792,2,BB,0,3,True,6d 2d Jc Td Jh,9s Th,139,-139,11,0,-139,139
5379,1793,0,BTN,0,2,False,9h Kh 4s Qd,Tc 8d,0,0,10,0,-480,480
5380,1793,1,SB,0,0,False,,2h Ad,-10,10,2,0,-10,10
5381,1793,2,BB,0,3,False,9h Kh 4s Qd 7d,Th Kd,150,-150,12,0,-150,150
5382,1794,0,BTN,0,2,False,4s 9s Qd 8d,5s Qc,0,0,8,0,-20,20
5383,1794,1,SB,0,0,False,,Tc 2d,-10,10,2,0,-10,10
5384,1794,2,BB,0,3,True,4s 9s Qd 8d 7s,5d 8h,20,-20,9,0,-20,20
5385,1795,0,BTN,0,3,True,8d Js 7c 8s Qc,Jc 3c,0,0,9,0,1920,-1920
5386,1795,1,SB,0,3,True,8d Js 7c 8s Qc,Kh Kd,1828.5714285714284,-1828.5714285714287,10,-1808.5714285714287,1828.5714285714284,-20.0
5387,1795,2,BB,0,3,True,8d Js 7c 8s Qc,4d 4h,-120,120,12,-1740,1860,-120
5388,1796,0,BTN,0,3,False,Ks 9s Qh Kh 6d,2c 4c,0,0,11,0,-320,320
5389,1796,1,SB,0,0,False,,Jh 8h,20,-20,3,0,20,-20
5390,1796,2,BB,0,1,False,Ks 9s Qh,9d 7s,-20,20,5,0,20,-20
5391,1797,0,BTN,0,3,True,7h Tc 3h Js 8d,8s Qc,0,0,10,0,480,-480
5392,1797,1,SB,0,3,True,7h Tc 3h Js 8d,Qd As,60,-60,9,0,60,-60
5393,1797,2,BB,0,3,True,7h Tc 3h Js 8d,Ad 4d,-80,80,9,0,80,-80
5394,1798,0,BTN,0,2,False,2c Kc 2s Ts,7s 8d,0,0,7,0,20,-20
5395,1798,1,SB,0,0,False,,4s Td,-10,10,2,0,-10,10
5396,1798,2,BB,0,1,False,2c Kc 2s,6c 5h,20,-20,6,0,-20,20
5397,1799,0,BTN,0,3,True,7s Jd 4c Ah 8d,9h 5d,0,0,9,0,20,-20
5398,1799,1,SB,0,2,False,7s Jd 4c Ah,9s Qh,100,-100,7,0,100,-100
5399,1799,2,BB,0,3,True,7s Jd 4c Ah 8d,Qs 5c,-20,20,9,0,20,-20
5400,1800,0,BTN,0,3,True,2d 8c Qs Jh Js,Ac 4h,70,-70,9,70,-50,-20
5401,1800,1,SB,0,0,False,,Ts Kc,20,-20,3,0,20,-20
5402,1800,2,BB,0,3,True,2d 8c Qs Jh Js,5c 2s,40,-40,9,0,-40,40
5403,1801,0,BTN,0,3,False,3s Th Tc Ac Kh,2c Kc,142,-142,11,142,-10,-132
5404,1801,1,SB,0,0,False,,2h 4c,-10,10,2,0,-10,10
5405,1801,2,BB,0,1,False,3s Th Tc,4d 8d,20,-20,6,0,-20,20
5406,1802,0,BTN,0,3,True,Qs Ks 2s 7h Kc,2c Tc,0,0,9,0,-20,20
5407,1802,1,SB,0,3,True,Qs Ks 2s 7h Kc,Ad 5h,-60,60,9,0,-60,60
5408,1802,2,BB,0,1,False,Qs Ks 2s,2d 4d,20,-20,6,0,-20,20
5409,1803,0,BTN,0,3,True,7h 7c 6c 3c 8s,Kh 6d,0,0,9,0,1280,-1280
5410,1803,1,SB,0,3,True,7h 7c 6c 3c 8s,Qc Tc,2020,-2020,11,-2000,2020,-20
5411,1803,2,BB,0,3,True,7h 7c 6c 3c 8s,6s 4h,-20,20,11,-1694,1714,-20
5412,1804,0,BTN,0,0,False,,Kh 3c,0,0,4,0,-20,20
5413,1804,1,SB,0,0,False,,7h 2s,-10,10,2,0,-10,10
5414,1804,2,BB,0,3,True,8h 6s Js Tc Th,Ac 9c,20,-20,9,0,-20,20
5415,1805,0,BTN,0,3,True,8d 2c 4s 8h Kh,7s 9d,0,0,11,0,-1520,1520
5416,1805,1,SB,0,0,False,,2d Ts,-10,10,2,0,-10,10
5417,1805,2,BB,0,3,True,8d 2c 4s 8h Kh,4d Js,186,-186,10,0,-186,186
5418,1806,0,BTN,0,3,True,Kc 5h Qs As Ts,Kd 7s,0,0,11,0,-1604,1604
5419,1806,1,SB,0,3,True,Kc 5h Qs As Ts,Qc 3c,-1981,1981,16,-1981,-1981,3962
5420,1806,2,BB,0,3,True,Kc 5h Qs As Ts,Th Js,4000,-4000,16,-2000,-2000,4000
5421,1807,0,BTN,0,3,True,6s Jc 8s 7s 2d,3s Js,0,0,9,0,-1920,1920
5422,1807,1,SB,0,3,True,6s Jc 8s 7s 2d,Ad As,-1330.0,1330.0,10,1350.0,-1330.0,-20.0
5423,1807,2,BB,0,3,True,6s Jc 8s 7s 2d,2h 6c,-20,20,11,1856,-1836,-20
5424,1808,0,BTN,0,1,False,8h 8c 2c,6h Jd,0,0,5,0,20,-20
5425,1808,1,SB,0,0,False,,Kc 2h,-10,10,2,0,-10,10
5426,1808,2,BB,0,1,False,8h 8c 2c,Td 3s,-20,20,5,0,20,-20
5427,1809,0,BTN,0,3,True,2s Kh 8s Kc 9s,2h 8h,0,0,11,0,1604,-1604
5428,1809,1,SB,0,3,True,2s Kh 8s Kc 9s,7s Ks,2000,-2000,11,0,2000,-2000
5429,1809,2,BB,0,3,True,2s Kh 8s Kc 9s,As 8d,-2000,2000,10,0,2000,-2000
5430,1810,0,BTN,0,0,False,,9h 4d,0,0,4,0,-20,20
5431,1810,1,SB,0,0,False,,2h 8h,-10,10,2,0,-10,10
5432,1810,2,BB,0,3,True,7s 7c 3s Jd Ac,Kd 4c,20,-20,9,0,-20,20
5433,1811,0,BTN,0,3,True,3d 5d 7c 3h 7d,8d Ah,60,-60,9,60,-10,-50
5434,1811,1,SB,0,3,True,3d 5d 7c 3h 7d,Ad 4c,60,-60,9,0,60,-60
5435,1811,2,BB,0,2,False,3d 5d 7c 3h,Qc 6h,-80,80,7,0,80,-80
5436,1812,0,BTN,0,1,False,5s 6h As,6c Ts,0,0,6,0,-20,20
5437,1812,1,SB,0,2,False,5s 6h As 2c,8h 9h,-750,750,9,0,-750,750
5438,1812,2,BB,0,3,True,5s 6h As 2c Tc,6d Ks,60,-60,10,0,-60,60
5439,1813,0,BTN,0,3,True,6h Td Tc 3c 2d,8c 2c,0,0,9,0,-20,20
5440,1813,1,SB,0,0,False,,5c 7h,-10,10,2,0,-10,10
5441,1813,2,BB,0,3,True,6h Td Tc 3c 2d,4h Qc,20,-20,9,0,-20,20
5442,1814,0,BTN,0,3,True,Ad 7d Td 8c 3s,3c Jc,0,0,9,0,-20,20
5443,1814,1,SB,0,3,True,Ad 7d Td 8c 3s,9s 4d,-10,10,9,30,-10,-20
5444,1814,2,BB,0,3,True,Ad 7d Td 8c 3s,3h 2c,-20,20,12,40,-20,-20
5445,1815,0,BTN,0,1,False,3d 6d Ac,8s 2s,0,0,6,0,-20,20
5446,1815,1,SB,0,0,False,,4c 2h,-10,10,2,0,-10,10
5447,1815,2,BB,0,1,False,3d 6d Ac,6h 5d,20,-20,6,0,-20,20
5448,1816,0,BTN,0,0,False,,Kc 7s,0,0,4,0,-20,20
5449,1816,1,SB,0,3,True,Ts Qh Qd 6h Ad,4d Td,-10,10,10,-1995,-10,2005
5450,1816,2,BB,0,3,True,Ts Qh Qd 6h Ad,Ac Ks,63,-63,9,-53,-10,63
5451,1817,0,BTN,0,1,False,4d 6d Kc,4s 3s,0,0,7,0,-120,120
5452,1817,1,SB,0,0,False,,Jd 5c,-10,10,2,0,-10,10
5453,1817,2,BB,0,1,False,4d 6d Kc,6s 6c,20,-20,6,0,-20,20
5454,1818,0,BTN,0,0,False,,6d 3c,0,0,4,0,-20,20
5455,1818,1,SB,0,0,False,,3s 8s,-10,10,2,0,-10,10
5456,1818,2,BB,0,1,False,8h 6s 2s,Kc 4d,-20,20,5,0,20,-20
5457,1819,0,BTN,0,3,True,Kh 4h Td Ac 6h,Qs Th,-1323,1323,9,-1323,-10,1333
5458,1819,1,SB,0,0,False,,9c 2c,-10,10,2,0,-10,10
5459,1819,2,BB,0,1,False,Kh 4h Td,3c Ah,20,-20,6,0,-20,20
5460,1820,0,BTN,0,2,False,Tc 8c 6c 5c,Qs 6d,0,0,7,0,20,-20
5461,1820,1,SB,0,0,False,,2c 5s,-10,10,2,0,-10,10
5462,1820,2,BB,0,2,False,Tc 8c 6c 5c,9h 4s,-20,20,7,0,20,-20
5463,1821,0,BTN,0,3,False,7d 2c 3h 6s Qd,7s 9d,0,0,11,0,-320,320
5464,1821,1,SB,0,2,False,7d 2c 3h 6s,4c Ah,-420,420,10,0,-420,420
5465,1821,2,BB,0,3,False,7d 2c 3h 6s Qd,7c Tc,80,-80,10,0,-80,80
5466,1822,0,BTN,0,3,True,Tc Qs Qd 9s Jc,6h 3h,0,0,9,0,1920,-1920
5467,1822,1,SB,0,3,True,Tc Qs Qd 9s Jc,Ts Td,2000,-2000,11,0,2000,-2000
5468,1822,2,BB,0,3,True,Tc Qs Qd 9s Jc,Kc 7d,-2000,2000,10,0,2000,-2000
5469,1823,0,BTN,0,3,True,Td 7d 4s Ts 4d,As 5d,-1755,1755,9,-1755,-10,1765
5470,1823,1,SB,0,0,False,,Tc 3c,-10,10,2,0,-10,10
5471,1823,2,BB,0,3,True,Td 7d 4s Ts 4d,7s 4c,960.0,-960.0,8,0.0,-960.0,960.0
5472,1824,0,BTN,0,3,True,9d 4h 4c Jc 5h,9h Kh,-50,50,12,-50,-1925,1975
5473,1824,1,SB,0,3,True,9d 4h 4c Jc 5h,Jh 6c,-10,10,11,-1770,-10,1780
5474,1824,2,BB,0,3,True,9d 4h 4c Jc 5h,Ad Ah,1417.0,-1417.0,11,-1397.0,-20.0,1417.0
5475,1825,0,BTN,0,3,True,7s 3s Kh 8c 2s,Ah Qc,60,-60,9,60,-10,-50
5476,1825,1,SB,0,0,False,,Kd 4h,-10,10,2,0,-10,10
5477,1825,2,BB,0,1,False,7s 3s Kh,6h Jd,-20,20,5,0,20,-20
5478,1826,0,BTN,0,2,False,4c 5d 9s As,3h 2s,0,0,10,0,-480,480
5479,1826,1,SB,0,0,False,,Jd 6h,-10,10,2,0,-10,10
5480,1826,2,BB,0,2,False,4c 5d 9s As,Js Ac,20,-20,8,0,-20,20
5481,1827,0,BTN,0,2,False,7d 5c 7c Ks,Qc Jd,-50,50,9,-50,100,-50
5482,1827,1,SB,0,0,False,,5d Kh,-10,10,2,0,-10,10
5483,1827,2,BB,0,2,False,7d 5c 7c Ks,9d Ah,-80,80,7,0,80,-80
5484,1828,0,BTN,0,3,True,5c 4d Td 5d 4h,4s Ts,0,0,10,0,1920,-1920
5485,1828,1,SB,0,3,True,5c 4d Td 5d 4h,Ah Th,1714.2857142857142,-1714.2857142857142,10,0.0,1714.2857142857142,-1714.2857142857142
5486,1828,2,BB,0,3,True,5c 4d Td 5d 4h,Ac Kh,-1280,1280,9,0,1280,-1280
5487,1829,0,BTN,0,3,True,8h 3s Td 7h Ad,Ts 9s,-1967,1967,11,-1967,-50,2017
5488,1829,1,SB,0,0,False,,6h 5s,-10,10,2,0,-10,10
5489,1829,2,BB,0,2,False,8h 3s Td 7h,Tc Jc,20,-20,8,0,-20,20
5490,1830,0,BTN,0,3,True,9d Qs Ah 3c Td,Ks 9s,-1967,1967,10,-1967,2017,-50
5491,1830,1,SB,0,3,True,9d Qs Ah 3c Td,9c 9h,2020,-2020,12,-2000,2020,-20
5492,1830,2,BB,0,3,True,9d Qs Ah 3c Td,4s 8c,-20,20,12,-1910,1930,-20
5493,1831,0,BTN,0,3,True,Ad 2d As 2s 3c,4s 5d,0,0,9,0,-20,20
5494,1831,1,SB,0,0,False,,8s 6c,-10,10,2,0,-10,10
5495,1831,2,BB,0,3,True,Ad 2d As 2s 3c,9s 8c,20,-20,9,0,-20,20
5496,1832,0,BTN,0,0,False,,2h 3h,0,0,4,0,-20,20
5497,1832,1,SB,0,0,False,,6s 8c,-10,10,2,0,-10,10
5498,1832,2,BB,0,2,False,5c Ks 7d 5s,6h Kh,20,-20,8,0,-20,20
5499,1833,0,BTN,0,3,True,9s 7c 3s 6h 9d,Ks 3c,0,0,9,0,20,-20
5500,1833,1,SB,0,0,False,,3h 5h,-10,10,2,0,-10,10
5501,1833,2,BB,0,3,True,9s 7c 3s 6h 9d,8c Qc,-40,40,9,0,40,-40
5502,1834,0,BTN,0,1,False,7c Jc 7h,8s 6d,0,0,6,0,-20,20
5503,1834,1,SB,0,0,False,,2s 9d,-10,10,2,0,-10,10
5504,1834,2,BB,0,3,True,7c Jc 7h As 9c,6c Ks,-20,20,9,0,20,-20
5505,1835,0,BTN,0,3,True,7c 2h 7d 3c Jc,Ad 7h,832,-832,14,832,-50,-782
5506,1835,1,SB,0,3,True,7c 2h 7d 3c Jc,5h 6h,-250,250,9,0,-250,250
5507,1835,2,BB,0,3,True,7c 2h 7d 3c Jc,8d Kc,20,-20,9,0,-20,20
5508,1836,0,BTN,0,3,True,Qs 3h 8s Ac Td,5c 4s,0,0,9,0,-20,20
5509,1836,1,SB,0,0,False,,6c Jh,-10,10,2,0,-10,10
5510,1836,2,BB,0,3,True,Qs 3h 8s Ac Td,3d 9h,20,-20,9,0,-20,20
5511,1837,0,BTN,0,3,True,Qh Ad 7s Qc 3h,2h 4c,0,0,9,0,1280,-1280
5512,1837,1,SB,0,3,True,Qh Ad 7s Qc 3h,As Jh,232,-232,9,0,232,-232
5513,1837,2,BB,0,3,True,Qh Ad 7s Qc 3h,Kh 3s,-1280,1280,9,0,1280,-1280
5514,1838,0,BTN,0,3,False,8h Js 4d 9c 7c,Kc Qc,-132,132,10,-132,-10,142
5515,1838,1,SB,0,3,False,8h Js 4d 9c 7c,3d 5h,-10,10,9,-20,-10,30
5516,1838,2,BB,0,3,False,8h Js 4d 9c 7c,Th 6d,40,-40,13,-20,-20,40
5517,1839,0,BTN,0,3,False,Ts 6c Kd 2d 5h,8s 9d,0,0,9,0,320,-320
5518,1839,1,SB,0,3,True,Ts 6c Kd 2d 5h,6d 6h,232,-232,9,0,232,-232
5519,1839,2,BB,0,3,False,Ts 6c Kd 2d 5h,9c Ad,-320,320,9,0,320,-320
5520,1840,0,BTN,0,3,True,3d As 6d 8s Jd,4h 4c,60,-60,9,60,-10,-50
5521,1840,1,SB,0,0,False,,Qs 8h,-10,10,2,0,-10,10
5522,1840,2,BB,0,2,False,3d As 6d 8s,2d 5c,-20,20,7,0,20,-20
5523,1841,0,BTN,0,3,True,7h 8h 5c 4h 3h,6c Ah,1857.1428571428573,-1857.142857142857,9,1857.1428571428573,-1807.142857142857,-50.0
5524,1841,1,SB,0,3,True,7h 8h 5c 4h 3h,9h 8d,209,-209,10,0,209,-209
5525,1841,2,BB,0,2,False,7h 8h 5c 4h,Qd 5d,-80,80,7,0,80,-80
5526,1842,0,BTN,0,2,False,8c Qc 5c Td,5d Kh,0,0,9,0,-120,120
5527,1842,1,SB,0,0,False,,Js 7h,-10,10,2,0,-10,10
5528,1842,2,BB,0,3,True,8c Qc 5c Td 5h,Ts Ad,20,-20,9,0,-20,20
5529,1843,0,BTN,0,1,False,9s Jc 6c,Qc 6s,0,0,5,0,20,-20
5530,1843,1,SB,0,0,False,,Kd 6d,20,-20,3,0,20,-20
5531,1843,2,BB,0,1,False,9s Jc 6c,2c 5d,-20,20,5,0,20,-20
5532,1844,0,BTN,0,3,True,9h 5s 7d 7s 7h,Jd 6h,0,0,10,0,720,-720
5533,1844,1,SB,0,3,True,9h 5s 7d 7s 7h,2c Ac,240,-240,10,0,240,-240
5534,1844,2,BB,0,3,True,9h 5s 7d 7s 7h,Qs Ks,-80,80,9,0,80,-80
5535,1845,0,BTN,0,3,True,7d 9d 2d Jd 8d,9c 9s,5,-5,10,5,-10,5
5536,1845,1,SB,0,2,False,7d 9d 2d Jd,Qc 4d,-10,10,9,480,-10,-470
5537,1845,2,BB,0,2,False,7d 9d 2d Jd,7h 8c,-110,110,11,130,-20,-110
5538,1846,0,BTN,0,2,False,Ac 5h Qd Jd,8d Jh,-50,50,7,-50,-10,60
5539,1846,1,SB,0,0,False,,Qs 4c,-10,10,2,0,-10,10
5540,1846,2,BB,0,3,True,Ac 5h Qd Jd 4d,6c Jc,-1280,1280,9,0,1280,-1280
5541,1847,0,BTN,0,1,False,6d 6c 3s,7d Td,-50,50,7,-50,-50,100
5542,1847,1,SB,0,3,True,6d 6c 3s Jc 5c,9s Js,-2000.0,2000.0,10,0.0,-2000.0,2000.0
5543,1847,2,BB,0,3,True,6d 6c 3s Jc 5c,Jh Jd,2000.0,-2000.0,11,0.0,-2000.0,2000.0
5544,1848,0,BTN,0,2,False,2h Qs 4s Th,6d Js,0,0,7,0,80,-80
5545,1848,1,SB,0,3,True,2h Qs 4s Th Qh,Ks Qc,348,-348,9,0,348,-348
5546,1848,2,BB,0,2,False,2h Qs 4s Th,7h Ac,-80,80,7,0,80,-80
5547,1849,0,BTN,0,3,True,5c Qh Qd 4s 7c,Kh 6s,0,0,10,0,-180,180
5548,1849,1,SB,0,3,True,5c Qh Qd 4s 7c,Ks 6d,-10,10,10,-495,-10,505
5549,1849,2,BB,0,3,True,5c Qh Qd 4s 7c,3s 4h,40,-40,12,-20,-20,40
5550,1850,0,BTN,0,1,False,Kc Jd 6s,8d 5c,0,0,6,0,-20,20
5551,1850,1,SB,0,0,False,,7h 5d,-10,10,2,0,-10,10
5552,1850,2,BB,0,1,False,Kc Jd 6s,Th Js,20,-20,6,0,-20,20
5553,1851,0,BTN,0,3,False,8h Ac Ad Qh 7h,Kh 4c,0,0,10,0,-20,20
5554,1851,1,SB,0,1,False,8h Ac Ad,9d Jc,60,-60,5,0,60,-60
5555,1851,2,BB,0,2,False,8h Ac Ad Qh,2s 7d,-20,20,7,0,20,-20
5556,1852,0,BTN,0,3,True,2c 9h Th 8s 4s,8d 6s,0,0,11,0,-1520,1520
5557,1852,1,SB,0,0,False,,6d 8h,-10,10,2,0,-10,10
5558,1852,2,BB,0,3,True,2c 9h Th 8s 4s,Td 3d,2000,-2000,11,0,-2000,2000
5559,1853,0,BTN,0,3,True,Jh 6c 9s 6d 2h,6h Kc,0,0,12,0,-720,720
5560,1853,1,SB,0,3,True,Jh 6c 9s 6d 2h,Kd 7d,-88,88,15,1734,-88,-1646
5561,1853,2,BB,0,3,True,Jh 6c 9s 6d 2h,Td As,-470,470,14,490,-20,-470
5562,1854,0,BTN,0,3,True,Jd 6s 3h 4s 3d,6d 9h,0,0,11,0,-1604,1604
5563,1854,1,SB,0,3,True,Jd 6s 3h 4s 3d,Ks Js,-2000,2000,11,0,-2000,2000
5564,1854,2,BB,0,3,True,Jd 6s 3h 4s 3d,4d Jh,-1480.0,1480.0,8,0.0,1480.0,-1480.0
5565,1855,0,BTN,0,3,True,7s Jd 4s 5s 5d,Qd As,60,-60,9,60,-10,-50
5566,1855,1,SB,0,3,True,7s Jd 4s 5s 5d,Th Qc,-60,60,9,0,-60,60
5567,1855,2,BB,0,3,True,7s Jd 4s 5s 5d,3h Kc,20,-20,9,0,-20,20
5568,1856,0,BTN,0,0,False,,Qd 7s,0,0,4,0,-20,20
5569,1856,1,SB,0,0,False,,2s 7c,-10,10,2,0,-10,10
5570,1856,2,BB,0,1,False,8h Qs Tc,As Qc,20,-20,6,0,-20,20
5571,1857,0,BTN,0,0,False,,6c Ts,0,0,4,0,-20,20
5572,1857,1,SB,0,0,False,,3s 9h,-10,10,2,0,-10,10
5573,1857,2,BB,0,3,False,8d Kh Td As 8h,Qs Ad,46,-46,11,0,-46,46
5574,1858,0,BTN,0,3,True,Tc Ts Js 8d Qd,Kh 8h,232,-232,11,232,-10,-222
5575,1858,1,SB,0,3,True,Tc Ts Js 8d Qd,2d 9s,-10,10,11,505,-10,-495
5576,1858,2,BB,0,3,True,Tc Ts Js 8d Qd,4c 4s,-20,20,12,-110,130,-20
5577,1859,0,BTN,0,3,True,4s 7c Ks 2h 5s,Jh Kd,1281,-1281,11,1281,-10,-1271
5578,1859,1,SB,0,3,True,4s 7c Ks 2h 5s,6d 2s,-10,10,11,1780,-10,-1770
5579,1859,2,BB,0,2,False,4s 7c Ks 2h,Ad Qh,-110,110,11,130,-20,-110
5580,1860,0,BTN,0,3,True,4c Kd Kh 5c 4h,Jh Jd,-2000.0,2000.0,8,-2000.0,-10.0,2010.0
5581,1860,1,SB,0,3,True,4c Kd Kh 5c 4h,8c 3d,-10,10,11,-1808,-10,1818
5582,1860,2,BB,0,3,True,4c Kd Kh 5c 4h,Kc Js,2020,-2020,14,-2000,-20,2020
5583,1861,0,BTN,0,2,False,4s Jh 8d 5d,Ah 9c,-275,275,8,-275,325,-50
5584,1861,1,SB,0,3,True,4s Jh 8d 5d 9s,8h Kh,-970,970,11,990,-970,-20
5585,1861,2,BB,0,3,True,4s Jh 8d 5d 9s,7s 6s,-20,20,10,1930,-1910,-20
5586,1862,0,BTN,0,1,False,5h 3h 7d,Jc Js,100,-100,8,100,-50,-50
5587,1862,1,SB,0,0,False,,8d Kd,-88,88,5,108,-88,-20
5588,1862,2,BB,0,3,True,5h 3h 7d 4h Ad,8c Qd,-20,20,12,40,-20,-20
5589,1863,0,BTN,0,0,False,,6c 9h,0,0,4,0,-20,20
5590,1863,1,SB,0,0,False,,9c 2c,-10,10,2,0,-10,10
5591,1863,2,BB,0,3,True,3s 8d 9d Kd Th,Ks Qd,742,-742,10,0,-742,742
5592,1864,0,BTN,0,3,True,Ad Qh 3s 8h 3c,8d 6c,0,0,10,0,-1140,1140
5593,1864,1,SB,0,0,False,,2s 3h,-10,10,2,0,-10,10
5594,1864,2,BB,0,3,True,Ad Qh 3s 8h 3c,3d Ks,2000,-2000,12,0,-2000,2000
5595,1865,0,BTN,0,3,True,7s 4c 4d 5c Ah,Kd Jc,-1967,1967,10,-1967,2017,-50
5596,1865,1,SB,0,3,True,7s 4c 4d 5c Ah,As 7h,1691,-1691,11,-1603,1691,-88
5597,1865,2,BB,0,3,True,7s 4c 4d 5c Ah,Ks 9c,-20,20,10,-1910,1930,-20
5598,1866,0,BTN,0,3,True,Js Qh 7d 8c 7c,4d Ah,5,-5,10,5,-10,5
5599,1866,1,SB,0,3,True,Js Qh 7d 8c 7c,9h Qc,580,-580,9,0,580,-580
5600,1866,2,BB,0,1,False,Js Qh 7d,4c Ad,-20,20,5,0,20,-20
5601,1867,0,BTN,0,2,False,Qd 5s 9h Jh,Ah 6s,-215,215,7,-215,-10,225
5602,1867,1,SB,0,0,False,,3h 5d,-10,10,2,0,-10,10
5603,1867,2,BB,0,3,True,Qd 5s 9h Jh 7c,5h 9d,1067,-1067,12,0,-1067,1067
5604,1868,0,BTN,0,3,True,2h Ah Kh Jc 7d,As 3c,0,0,9,0,20,-20
5605,1868,1,SB,0,0,False,,3s 7s,-10,10,2,0,-10,10
5606,1868,2,BB,0,1,False,2h Ah Kh,6s 5d,20,-20,6,0,-20,20
5607,1869,0,BTN,0,0,False,,4s 3h,0,0,4,0,-20,20
5608,1869,1,SB,0,3,True,Jd 8h Qh Qc 2h,6h 9h,-2000,2000,11,0,-2000,2000
5609,1869,2,BB,0,3,True,Jd 8h Qh Qc 2h,Qs Jc,2000,-2000,12,0,-2000,2000
5610,1870,0,BTN,0,2,False,3d 3c 4s Ah,Jd 8s,60,-60,8,60,-10,-50
5611,1870,1,SB,0,0,False,,9d 3s,-10,10,2,0,-10,10
5612,1870,2,BB,0,1,False,3d 3c 4s,6d 2h,-20,20,5,0,20,-20
5613,1871,0,BTN,0,2,False,8s 4c 5s 7c,Ts 4s,0,0,8,0,-20,20
5614,1871,1,SB,0,0,False,,3d Kh,-10,10,2,0,-10,10
5615,1871,2,BB,0,3,True,8s 4c 5s 7c 8c,7h Qh,20,-20,9,0,-20,20
5616,1872,0,BTN,0,1,False,5h Qs 7s,2h Jc,0,0,5,0,20,-20
5617,1872,1,SB,0,0,False,,7c 5s,-10,10,2,0,-10,10
5618,1872,2,BB,0,1,False,5h Qs 7s,8s 4h,-20,20,5,0,20,-20
5619,1873,0,BTN,0,2,False,5d 4c 5c 2d,6c 6d,96,-96,9,96,-10,-86
5620,1873,1,SB,0,1,False,5d 4c 5c,5h 4s,-10,10,6,30,-10,-20
5621,1873,2,BB,0,3,True,5d 4c 5c 2d Ad,9d 7s,-20,20,11,-1694,1714,-20
5622,1874,0,BTN,0,1,False,9d 3h 9s,4d 5c,0,0,5,0,20,-20
5623,1874,1,SB,0,0,False,,6d 3c,-10,10,2,0,-10,10
5624,1874,2,BB,0,3,True,9d 3h 9s 4c Qs,7c 8h,-170,170,10,0,170,-170
5625,1875,0,BTN,0,3,True,7h Ad 8h 3c 8s,3s Ac,0,0,12,0,-270,270
5626,1875,1,SB,0,3,True,7h Ad 8h 3c 8s,Qc Th,-360,360,12,0,-360,360
5627,1875,2,BB,0,3,True,7h Ad 8h 3c 8s,Jh Ks,40,-40,9,0,-40,40
5628,1876,0,BTN,0,3,True,Ks 6h 9c 2c 9h,Qc Jd,-1755,1755,9,-1755,-10,1765
5629,1876,1,SB,0,0,False,,2d 9s,-10,10,2,0,-10,10
5630,1876,2,BB,0,3,True,Ks 6h 9c 2c 9h,7c 6c,-2000,2000,12,0,2000,-2000
5631,1877,0,BTN,0,1,False,9c 4s 6d,4h As,60,-60,6,60,-10,-50
5632,1877,1,SB,0,0,False,,2c Qs,-10,10,2,0,-10,10
5633,1877,2,BB,0,3,False,9c 4s 6d Ac Qh,3h 8d,-20,20,9,0,20,-20
5634,1878,0,BTN,0,2,False,8h 6d 3c 9c,6c Qs,0,0,7,0,20,-20
5635,1878,1,SB,0,0,False,,3d 9h,-10,10,2,0,-10,10
5636,1878,2,BB,0,2,False,8h 6d 3c 9c,7d Qc,-20,20,7,0,20,-20
5637,1879,0,BTN,0,3,True,2c 7c 5c 6c Js,8d 4d,0,0,9,0,20,-20
5638,1879,1,SB,0,0,False,,3h 2d,-10,10,2,0,-10,10
5639,1879,2,BB,0,1,False,2c 7c 5c,9h Td,20,-20,6,0,-20,20
5640,1880,0,BTN,0,1,False,Td 3s 2s,6h 4c,0,0,6,0,-20,20
5641,1880,1,SB,0,0,False,,Js 8h,-10,10,2,0,-10,10
5642,1880,2,BB,0,3,False,Td 3s 2s 7s Ad,Ts 7c,46,-46,11,0,-46,46
5643,1881,0,BTN,0,3,False,Ks 3s Ts Ad 9c,2d 8d,0,0,9,0,20,-20
5644,1881,1,SB,0,3,True,Ks 3s Ts Ad 9c,9h Qc,250,-250,9,0,250,-250
5645,1881,2,BB,0,3,False,Ks 3s Ts Ad 9c,Jc 4h,-20,20,9,0,20,-20
5646,1882,0,BTN,0,3,True,Jh Jd Th Jc 6d,Kh 5c,0,0,12,0,-1280,1280
5647,1882,1,SB,0,0,False,,Ks 5d,-10,10,2,0,-10,10
5648,1882,2,BB,0,3,True,Jh Jd Th Jc 6d,Js 3s,107,-107,11,0,-107,107
5649,1883,0,BTN,0,2,False,9h Js Kd 8c,Td 7c,0,0,8,0,480,-480
5650,1883,1,SB,0,0,False,,Kh 2d,-10,10,2,0,-10,10
5651,1883,2,BB,0,2,False,9h Js Kd 8c,Qc 6h,-80,80,7,0,80,-80
5652,1884,0,BTN,0,3,True,Qh Tc 6h 5s 6c,Qd Jh,1532.6190476190477,-1532.6190476190477,8,1532.6190476190477,-10.0,-1522.6190476190477
5653,1884,1,SB,0,3,True,Qh Tc 6h 5s 6c,2s Qs,-2000,2000,11,0,-2000,2000
5654,1884,2,BB,0,1,False,Qh Tc 6h,6s 7s,-20,20,5,0,20,-20
5655,1885,0,BTN,0,0,False,,2d Kh,0,0,4,0,-20,20
5656,1885,1,SB,0,0,False,,2c 5c,-10,10,2,0,-10,10
5657,1885,2,BB,0,3,True,6c 8s 3c 8d Js,7c Ks,20,-20,9,0,-20,20
5658,1886,0,BTN,0,3,True,Ac 8h Jd 4s Qs,3s 8s,0,0,11,0,1604,-1604
5659,1886,1,SB,0,3,True,Ac 8h Jd 4s Qs,Qc Ah,2000,-2000,11,0,2000,-2000
5660,1886,2,BB,0,3,True,Ac 8h Jd 4s Qs,Td Jh,-1280,1280,9,0,1280,-1280
5661,1887,0,BTN,0,1,False,Kh Kc Ah,5c 4c,-50,50,6,-50,100,-50
5662,1887,1,SB,0,0,False,,Kd 6h,-10,10,2,0,-10,10
5663,1887,2,BB,0,2,False,Kh Kc Ah 9s,7h Jd,-80,80,7,0,80,-80
5664,1888,0,BTN,0,3,True,6d 7h Qh 9s 5h,6s Ah,-50,50,12,-50,-1400,1450
5665,1888,1,SB,0,3,True,6d 7h Qh 9s 5h,9d Kc,-960,960,11,0,-960,960
5666,1888,2,BB,0,3,True,6d 7h Qh 9s 5h,8d Ts,2000.0,-2000.0,10,0.0,-2000.0,2000.0
5667,1889,0,BTN,0,3,True,9c 8s 2s Th 4c,4h 6s,0,0,9,0,20,-20
5668,1889,1,SB,0,0,False,,Kh 3c,-10,10,2,0,-10,10
5669,1889,2,BB,0,3,True,9c 8s 2s Th 4c,3s Jc,-20,20,9,0,20,-20
5670,1890,0,BTN,0,3,True,4s Th 7s Ks Kd,4d Tc,0,0,10,0,-120,120
5671,1890,1,SB,0,0,False,,2c 6s,-10,10,2,0,-10,10
5672,1890,2,BB,0,3,True,4s Th 7s Ks Kd,Qc 6d,20,-20,9,0,-20,20
5673,1891,0,BTN,0,3,True,6d Tc Kc Ts 4c,9s As,-50,50,12,-50,100,-50
5674,1891,1,SB,0,3,True,6d Tc Kc Ts 4c,6h Jc,-10,10,10,130,-10,-120
5675,1891,2,BB,0,3,True,6d Tc Kc Ts 4c,Js 7h,-20,20,12,-20,40,-20
5676,1892,0,BTN,0,0,False,,Kd 2h,0,0,4,0,-20,20
5677,1892,1,SB,0,0,False,,3c 9h,-10,10,2,0,-10,10
5678,1892,2,BB,0,1,False,Th 2c 5c,Kh 7s,20,-20,6,0,-20,20
5679,1893,0,BTN,0,3,True,8c 5d Kc 4c Qd,7c 3c,0,0,12,0,-480,480
5680,1893,1,SB,0,1,False,8c 5d Kc,3d 3h,-60,60,6,0,-60,60
5681,1893,2,BB,0,3,True,8c 5d Kc 4c Qd,9h 8s,20,-20,9,0,-20,20
5682,1894,0,BTN,0,1,False,6d Js 8c,Th Ks,60,-60,6,60,-10,-50
5683,1894,1,SB,0,0,False,,Jh 4s,-10,10,2,0,-10,10
5684,1894,2,BB,0,3,False,6d Js 8c 5d Kh,Qh 7h,-320,320,9,0,320,-320
5685,1895,0,BTN,0,3,True,5d Ad 4d 3h Jh,Jc 5s,0,0,9,0,1280,-1280
5686,1895,1,SB,0,0,False,,3d 3c,20,-20,3,0,20,-20
5687,1895,2,BB,0,2,False,5d Ad 4d 3h,4s 9h,-80,80,7,0,80,-80
5688,1896,0,BTN,0,3,True,9d 7h Qc 7c Jc,4s Ah,5,-5,10,5,-10,5
5689,1896,1,SB,0,0,False,,4h 9h,-10,10,2,0,-10,10
5690,1896,2,BB,0,3,True,9d 7h Qc 7c Jc,Td Ad,-320,320,9,0,320,-320
5691,1897,0,BTN,0,3,True,6d 5s Ad Th Kc,7h 9d,0,0,9,0,20,-20
5692,1897,1,SB,0,1,False,6d 5s Ad,Qd 9h,60,-60,5,0,60,-60
5693,1897,2,BB,0,3,True,6d 5s Ad Th Kc,8h 2d,-20,20,9,0,20,-20
5694,1898,0,BTN,0,3,False,Js 5s 7s Jc 5d,2h 2s,-215,215,9,-215,-10,225
5695,1898,1,SB,0,2,False,Js 5s 7s Jc,3h Ah,-60,60,8,0,-60,60
5696,1898,2,BB,0,3,True,Js 5s 7s Jc 5d,2d 7c,80,-80,9,0,-80,80
5697,1899,0,BTN,0,3,True,9c Jh 9h Qh Td,8d Ac,-50,50,10,-50,2017,-1967
5698,1899,1,SB,0,1,False,9c Jh 9h,As 9s,-100,100,6,0,-100,100
5699,1899,2,BB,0,3,True,9c Jh 9h Qh Td,Js 3h,-1280,1280,9,0,1280,-1280
5700,1900,0,BTN,0,1,False,7h 5h 4h,Jd 9c,-50,50,6,-50,100,-50
5701,1900,1,SB,0,2,False,7h 5h 4h Qd,6s 3s,-10,10,8,-182,-10,192
5702,1900,2,BB,0,1,False,7h 5h 4h,8d 8s,-20,20,6,-20,40,-20
5703,1901,0,BTN,0,2,False,4s 4h Ks 3h,Kh Jd,60,-60,8,60,-10,-50
5704,1901,1,SB,0,1,False,4s 4h Ks,6c 2h,-10,10,6,30,-10,-20
5705,1901,2,BB,0,1,False,4s 4h Ks,5s 6h,-20,20,8,40,-20,-20
5706,1902,0,BTN,0,3,True,8c As Qs Kh 4c,9h 8s,5,-5,10,5,-10,5
5707,1902,1,SB,0,0,False,,Tc 2h,-10,10,2,0,-10,10
5708,1902,2,BB,0,3,True,8c As Qs Kh 4c,9c 8h,20,-20,9,0,-20,20
5709,1903,0,BTN,0,3,False,Jd Js Th 4c 3s,Kh 8c,0,0,9,0,20,-20
5710,1903,1,SB,0,0,False,,3d 9s,-10,10,2,0,-10,10
5711,1903,2,BB,0,1,False,Jd Js Th,Ks 5s,20,-20,6,0,-20,20
5712,1904,0,BTN,0,3,True,7d Kd 3h Qs Th,2c 2s,-875,875,9,-875,-10,885
5713,1904,1,SB,0,0,False,,8d 4d,-10,10,2,0,-10,10
5714,1904,2,BB,0,3,True,7d Kd 3h Qs Th,7h 5s,20,-20,9,0,-20,20
5715,1905,0,BTN,0,2,False,2d Th 5h Js,4s Qd,0,0,9,0,-80,80
5716,1905,1,SB,0,0,False,,3h 9h,-10,10,2,0,-10,10
5717,1905,2,BB,0,3,True,2d Th 5h Js 8s,3d 5c,20,-20,9,0,-20,20
5718,1906,0,BTN,0,3,True,Ac Ad As 7c Tc,7d 5c,0,0,10,0,-1520,1520
5719,1906,1,SB,0,0,False,,2d Kc,-10,10,2,0,-10,10
5720,1906,2,BB,0,3,True,Ac Ad As 7c Tc,8s Ah,2000,-2000,11,0,-2000,2000
5721,1907,0,BTN,0,2,False,3d Jc 6c 4c,Qd Js,60,-60,8,60,-10,-50
5722,1907,1,SB,0,0,False,,8s Qc,-10,10,2,0,-10,10
5723,1907,2,BB,0,3,True,3d Jc 6c 4c 8d,Ks 8h,80,-80,9,0,-80,80
5724,1908,0,BTN,0,3,True,2d Ad Kh Js Qh,9h 5s,0,0,9,0,-20,20
5725,1908,1,SB,0,0,False,,7c 3s,-10,10,2,0,-10,10
5726,1908,2,BB,0,3,True,2d Ad Kh Js Qh,5d 9s,20,-20,9,0,-20,20
5727,1909,0,BTN,0,3,True,7d Ad Td 7c 7s,Kh Ks,-2000,2000,10,-2000,-10,2010
5728,1909,1,SB,0,3,True,7d Ad Td 7c 7s,Jc 2h,-10,10,10,-1770,-10,1780
5729,1909,2,BB,0,0,False,,7h Jh,-240,240,5,250,-10,-240
5730,1910,0,BTN,0,3,False,8h 4d Th 5d 7c,6s 9h,0,0,12,0,-160,160
5731,1910,1,SB,0,2,False,8h 4d Th 5d,Kc Jd,-100,100,8,0,-100,100
5732,1910,2,BB,0,1,False,8h 4d Th,6h 7d,20,-20,6,0,-20,20
5733,1911,0,BTN,0,1,False,Ks Jc 8h,3s Qh,0,0,7,0,-120,120
5734,1911,1,SB,0,0,False,,2d 6c,-10,10,2,0,-10,10
5735,1911,2,BB,0,1,False,Ks Jc 8h,Jh Kd,20,-20,6,0,-20,20
5736,1912,0,BTN,0,2,False,Kc 7s Qd 4c,Js Kd,96,-96,9,96,-10,-86
5737,1912,1,SB,0,1,False,Kc 7s Qd,5c Qs,-10,10,6,30,-10,-20
5738,1912,2,BB,0,3,True,Kc 7s Qd 4c Ac,Jh 2s,-20,20,12,1930,-1910,-20
5739,1913,0,BTN,0,3,True,8s 9h 8h 5h 9d,6c 4c,0,0,9,0,1920,-1920
5740,1913,1,SB,0,3,True,8s 9h 8h 5h 9d,As Ac,139,-139,9,0,139,-139
5741,1913,2,BB,0,0,False,,6h Qd,-20,20,3,0,20,-20
5742,1914,0,BTN,0,3,True,Ah 5s Js 3s 8h,Ks Ad,-2000,2000,11,-2000,2050,-50
5743,1914,1,SB,0,2,False,Ah 5s Js 3s,Jh 5c,-10,10,9,105,-10,-95
5744,1914,2,BB,0,3,True,Ah 5s Js 3s 8h,6s Kc,-20,20,12,-1910,1930,-20
5745,1915,0,BTN,0,3,True,8c Ad 3h Kc 2s,Qs Tc,142,-142,10,142,-10,-132
5746,1915,1,SB,0,0,False,,Ts 6c,-10,10,2,0,-10,10
5747,1915,2,BB,0,3,True,8c Ad 3h Kc 2s,7d Qh,20,-20,9,0,-20,20
5748,1916,0,BTN,0,1,False,9h 5c 2h,Kc 3h,0,0,5,0,20,-20
5749,1916,1,SB,0,2,False,9h 5c 2h Qh,Ah 4d,60,-60,7,0,60,-60
5750,1916,2,BB,0,2,False,9h 5c 2h Qh,7d 3d,-170,170,8,0,170,-170
5751,1917,0,BTN,0,2,False,7d Jh 2s 5c,Td 8h,-218,218,8,-218,-10,228
5752,1917,1,SB,0,0,False,,Qh 9c,20,-20,3,0,20,-20
5753,1917,2,BB,0,3,True,7d Jh 2s 5c Ah,3c 2h,20,-20,9,0,-20,20
5754,1918,0,BTN,0,2,False,3c 8h Qc 4d,8s 5s,0,0,9,0,-80,80
5755,1918,1,SB,0,2,False,3c 8h Qc 4d,Ad 9h,-250,250,8,0,-250,250
5756,1918,2,BB,0,3,True,3c 8h Qc 4d 9s,6s 8d,-184,184,10,0,184,-184
5757,1919,0,BTN,0,1,False,8h 3s 6d,Jd 9h,60,-60,6,60,-10,-50
5758,1919,1,SB,0,3,True,8h 3s 6d 2d Qc,3h 6s,-10,10,9,30,-10,-20
5759,1919,2,BB,0,1,False,8h 3s 6d,4s 9c,-20,20,6,-20,40,-20
5760,1920,0,BTN,0,3,True,Qd Jc 7s 9h 6h,9s Ac,-1535,1535,10,-1535,-10,1545
5761,1920,1,SB,0,3,True,Qd Jc 7s 9h 6h,7h 3d,-10,10,9,-1595,-10,1605
5762,1920,2,BB,0,3,True,Qd Jc 7s 9h 6h,6c 7d,120,-120,13,-60,-60,120
5763,1921,0,BTN,0,3,True,2h 6s Js Qh 8s,9s Kh,-1967,1967,10,-1967,2017,-50
5764,1921,1,SB,0,3,False,2h 6s Js Qh 8s,Jd 9d,255,-255,10,-235,255,-20
5765,1921,2,BB,0,2,False,2h 6s Js Qh,9c 8d,-20,20,8,-110,130,-20
5766,1922,0,BTN,0,1,False,Ad 7h 8s,4s 2d,0,0,5,0,20,-20
5767,1922,1,SB,0,0,False,,3h 7d,-10,10,2,0,-10,10
5768,1922,2,BB,0,3,False,Ad 7h 8s 8c 3c,Th 6h,-80,80,9,0,80,-80
5769,1923,0,BTN,0,3,True,2c 9c Tc Kd 7s,Jh As,-50,50,12,-50,100,-50
5770,1923,1,SB,0,3,True,2c 9c Tc Kd 7s,4h 4c,578,-578,10,-558,578,-20
5771,1923,2,BB,0,3,True,2c 9c Tc Kd 7s,3s 6d,-20,20,12,-20,40,-20
5772,1924,0,BTN,0,3,True,7c Qh Th 6d 2d,Ts 5h,0,0,9,0,20,-20
5773,1924,1,SB,0,0,False,,Jd 4d,20,-20,3,0,20,-20
5774,1924,2,BB,0,3,True,7c Qh Th 6d 2d,9h 4h,-20,20,9,0,20,-20
5775,1925,0,BTN,0,2,False,Qc 4s 6s 5h,4h 8s,0,0,8,0,-20,20
5776,1925,1,SB,0,0,False,,Jh 3s,-10,10,2,0,-10,10
5777,1925,2,BB,0,1,False,Qc 4s 6s,5c 4c,20,-20,6,0,-20,20
5778,1926,0,BTN,0,0,False,,Ts 3h,0,0,4,0,-20,20
5779,1926,1,SB,0,0,False,,4s 2s,-10,10,2,0,-10,10
5780,1926,2,BB,0,3,True,As 7d Th 5h 5c,Qd 6d,20,-20,9,0,-20,20
5781,1927,0,BTN,0,1,False,5c Tc 9s,6s Qd,0,0,6,0,-20,20
5782,1927,1,SB,0,0,False,,8d 4s,-10,10,2,0,-10,10
5783,1927,2,BB,0,2,False,5c Tc 9s 6h,4d Td,20,-20,8,0,-20,20
5784,1928,0,BTN,0,3,True,Qd Kc 5c 7h 5h,Kd Th,-1714.2857142857142,1714.2857142857142,12,-1714.2857142857142,1714.2857142857142,0.0
5785,1928,1,SB,0,3,True,Qd Kc 5c 7h 5h,Ks As,2000,-2000,11,0,2000,-2000
5786,1928,2,BB,0,3,True,Qd Kc 5c 7h 5h,4c Qc,-666.6666666666667,666.6666666666665,8,0.0,666.6666666666665,-666.6666666666667
5787,1929,0,BTN,0,1,False,7s 4s Jh,Kd 2d,-50,50,5,-50,-10,60
5788,1929,1,SB,0,1,False,7s 4s Jh,Ah 2h,-100,100,6,0,-100,100
5789,1929,2,BB,0,3,True,7s 4s Jh 9c Ts,Js 3d,107,-107,11,0,-107,107
5790,1930,0,BTN,0,1,False,5c 3c Tc,9s 3s,0,0,5,0,120,-120
5791,1930,1,SB,0,2,False,5c 3c Tc Td,7c 7h,100,-100,7,0,100,-100
5792,1930,2,BB,0,3,True,5c 3c Tc Td 6c,Qd Kh,-1440,1440,11,0,1440,-1440
5793,1931,0,BTN,0,3,False,Tc 6c 4h 5s 3s,Kc 6h,0,0,9,0,20,-20
5794,1931,1,SB,0,2,False,Tc 6c 4h 5s,Jc 7h,-10,10,9,105,-10,-95
5795,1931,2,BB,0,3,True,Tc 6c 4h 5s 3s,9d 8c,-20,20,12,-110,130,-20
5796,1932,0,BTN,0,2,False,5d 8d 2c 7c,Qc Jc,96,-96,9,96,-10,-86
5797,1932,1,SB,0,0,False,,5s 3c,-10,10,2,0,-10,10
5798,1932,2,BB,0,2,False,5d 8d 2c 7c,Jh 4s,-20,20,7,0,20,-20
5799,1933,0,BTN,0,1,False,8s 9s Ad,3s 3d,-50,50,5,-50,-10,60
5800,1933,1,SB,0,0,False,,4d 7s,-10,10,2,0,-10,10
5801,1933,2,BB,0,1,False,8s 9s Ad,Qd Ac,20,-20,6,0,-20,20
5802,1934,0,BTN,0,1,False,7c 3c 7h,6c 2h,0,0,5,0,20,-20
5803,1934,1,SB,0,3,False,7c 3c 7h 4h 4c,Ks 7s,150,-150,9,0,150,-150
5804,1934,2,BB,0,3,False,7c 3c 7h 4h 4c,Th 6h,-320,320,9,0,320,-320
5805,1935,0,BTN,0,2,False,9c Th Qd 2c,Ks Ah,-50,50,10,-50,-275,325
5806,1935,1,SB,0,3,True,9c Th Qd 2c Jh,Ac 5d,-88,88,12,1628,-88,-1540
5807,1935,2,BB,0,3,True,9c Th Qd 2c Jh,Ad Qh,-550,550,12,570,-20,-550
5808,1936,0,BTN,0,1,False,9d 7d 5d,3c 6c,0,0,6,0,-20,20
5809,1936,1,SB,0,0,False,,2s Qc,-10,10,2,0,-10,10
5810,1936,2,BB,0,1,False,9d 7d 5d,8d 9c,20,-20,6,0,-20,20
5811,1937,0,BTN,0,2,False,Jd Qd Jc 2s,6d 5h,0,0,7,0,80,-80
5812,1937,1,SB,0,3,False,Jd Qd Jc 2s 3d,Js Tc,250,-250,9,0,250,-250
5813,1937,2,BB,0,3,False,Jd Qd Jc 2s 3d,9d 8c,-320,320,9,0,320,-320
5814,1938,0,BTN,0,3,False,9c 7d Ts 8d As,9h Jc,60,-60,10,60,-10,-50
5815,1938,1,SB,0,1,False,9c 7d Ts,Ah 3s,-10,10,6,30,-10,-20
5816,1938,2,BB,0,1,False,9c 7d Ts,Kd 3h,-20,20,8,40,-20,-20
5817,1939,0,BTN,0,3,True,Qs 5c Qc Ks 6h,3s Qh,0,0,11,0,1920,-1920
5818,1939,1,SB,0,0,False,,Kc 4d,-10,10,2,0,-10,10
5819,1939,2,BB,0,3,True,Qs 5c Qc Ks 6h,As Js,-320,320,9,0,320,-320
5820,1940,0,BTN,0,1,False,6h 5c Kh,Qc 4d,0,0,6,0,-20,20
5821,1940,1,SB,0,0,False,,Jd 3c,-10,10,2,0,-10,10
5822,1940,2,BB,0,3,True,6h 5c Kh As 5d,4c 5h,46,-46,10,0,-46,46
5823,1941,0,BTN,0,3,True,5c Kd 4s 6s 6c,3s Qs,-545,545,10,-545,-10,555
5824,1941,1,SB,0,3,True,5c Kd 4s 6s 6c,6h 4h,557,-557,10,0,557,-557
5825,1941,2,BB,0,2,False,5c Kd 4s 6s,Ac 7c,-80,80,7,0,80,-80
5826,1942,0,BTN,0,3,True,Js 2c Ad 4h 8h,Qh Qc,198,-198,10,198,-10,-188
5827,1942,1,SB,0,2,False,Js 2c Ad 4h,Th 3d,-10,10,9,105,-10,-95
5828,1942,2,BB,0,2,False,Js 2c Ad 4h,Ks 6d,-110,110,11,130,-20,-110
5829,1943,0,BTN,0,1,False,9s 4c 4s,4h 5h,60,-60,6,60,-10,-50
5830,1943,1,SB,0,0,False,,3c Ad,-10,10,2,0,-10,10
5831,1943,2,BB,0,1,False,9s 4c 4s,8d 2s,-20,20,5,0,20,-20
5832,1944,0,BTN,0,3,True,9s Ad Jh Td 5c,4d Ts,0,0,9,0,-20,20
5833,1944,1,SB,0,0,False,,3s 4h,-10,10,2,0,-10,10
5834,1944,2,BB,0,3,True,9s Ad Jh Td 5c,8d 2d,20,-20,9,0,-20,20
5835,1945,0,BTN,0,3,True,5c Kh 6s 6d 4h,8s 2c,0,0,10,0,1920,-1920
5836,1945,1,SB,0,0,False,,Kd 3h,-10,10,2,0,-10,10
5837,1945,2,BB,0,3,True,5c Kh 6s 6d 4h,9h Ah,-1280,1280,9,0,1280,-1280
5838,1946,0,BTN,0,1,False,6s Qc Ks,9h Ts,60,-60,6,60,-10,-50
5839,1946,1,SB,0,0,False,,2h Td,-10,10,2,0,-10,10
5840,1946,2,BB,0,3,True,6s Qc Ks Ac 7h,5s 3c,-20,20,9,0,20,-20
5841,1947,0,BTN,0,1,False,Qh Qs 6s,8h 9c,0,0,5,0,20,-20
5842,1947,1,SB,0,3,True,Qh Qs 6s 8s Tc,Ah 5s,-400,400,10,0,-400,400
5843,1947,2,BB,0,1,False,Qh Qs 6s,3d Ts,-20,20,5,0,20,-20
5844,1948,0,BTN,0,3,True,Kh 7d Kc 7c 2c,Tc 6d,0,0,10,0,0,0
5845,1948,1,SB,0,3,True,Kh 7d Kc 7c 2c,8s Js,0,0,9,0,0,0
5846,1948,2,BB,0,3,True,Kh 7d Kc 7c 2c,Ts Jc,0,0,9,0,0,0
5847,1949,0,BTN,0,2,False,Ah Qs 2c 4c,7d 8c,0,0,10,0,-480,480
5848,1949,1,SB,0,1,False,Ah Qs 2c,Ks 8h,-100,100,6,0,-100,100
5849,1949,2,BB,0,3,True,Ah Qs 2c 4c 3c,Qc Jc,139,-139,11,0,-139,139
5850,1950,0,BTN,0,3,False,Tc 7h 6s 2c 5d,Kc Qc,-50,50,13,-50,-50,100
5851,1950,1,SB,0,3,True,Tc 7h 6s 2c 5d,As Qs,108,-108,10,-88,108,-20
5852,1950,2,BB,0,3,False,Tc 7h 6s 2c 5d,3h 4s,40,-40,13,-20,-20,40
5853,1951,0,BTN,0,3,False,Ad As 7d 2d 8s,5c 8d,0,0,9,0,320,-320
5854,1951,1,SB,0,0,False,,7h Jd,-10,10,2,0,-10,10
5855,1951,2,BB,0,3,False,Ad As 7d 2d 8s,4d Qh,-320,320,9,0,320,-320
5856,1952,0,BTN,0,3,True,4c 2h Kc 8c 9h,9d 4h,0,0,10,0,-1704,1704
5857,1952,1,SB,0,3,True,4c 2h Kc 8c 9h,Qc Qs,-2000,2000,11,0,-2000,2000
5858,1952,2,BB,0,0,False,,4s Kd,-20,20,3,0,20,-20
5859,1953,0,BTN,0,2,False,Qh Ac 9s 2d,Jh 2h,0,0,9,0,-80,80
5860,1953,1,SB,0,0,False,,3d Jc,-10,10,2,0,-10,10
5861,1953,2,BB,0,2,False,Qh Ac 9s 2d,Qd 7s,46,-46,9,0,-46,46
5862,1954,0,BTN,0,3,True,Qd Td 6s 2s 8d,2c 4d,0,0,9,0,80,-80
5863,1954,1,SB,0,3,True,Qd Td 6s 2s 8d,7h 9h,139,-139,9,0,139,-139
5864,1954,2,BB,0,3,True,Qd Td 6s 2s 8d,8h 4h,-80,80,9,0,80,-80
5865,1955,0,BTN,0,3,True,Qh 7h Qc 6c Ks,Jd 4d,0,0,10,0,0,0
5866,1955,1,SB,0,0,False,,2d As,-10,10,2,0,-10,10
5867,1955,2,BB,0,3,True,Qh 7h Qc 6c Ks,3c Ad,0,0,9,0,0,0
5868,1956,0,BTN,0,3,True,5s 8s Kh 7c Th,Qs 5h,0,0,11,0,1604,-1604
5869,1956,1,SB,0,2,False,5s 8s Kh 7c,Jc 9d,60,-60,7,0,60,-60
5870,1956,2,BB,0,3,True,5s 8s Kh 7c Th,Td 6d,-80,80,9,0,80,-80
5871,1957,0,BTN,0,3,True,Ts 8d 3d Qc 7h,6s Td,0,0,10,0,1520,-1520
5872,1957,1,SB,0,3,True,Ts 8d 3d Qc 7h,Jh 8h,1600,-1600,11,0,1600,-1600
5873,1957,2,BB,0,3,True,Ts 8d 3d Qc 7h,4c 8s,-1280,1280,9,0,1280,-1280
5874,1958,0,BTN,0,3,True,Js Ks 9h Tc 3h,4h Ac,-338,338,11,-338,-10,348
5875,1958,1,SB,0,0,False,,Kc 2d,-10,10,2,0,-10,10
5876,1958,2,BB,0,1,False,Js Ks 9h,9d 7h,-20,20,5,0,20,-20
5877,1959,0,BTN,0,2,False,6h 2h Kh 8d,6d 7c,0,0,7,0,20,-20
5878,1959,1,SB,0,0,False,,Tc 2c,-10,10,2,0,-10,10
5879,1959,2,BB,0,3,True,6h 2h Kh 8d 5s,3c Td,-20,20,9,0,20,-20
5880,1960,0,BTN,0,1,False,6d 4d Kd,Qs 7s,-50,50,5,-50,-10,60
5881,1960,1,SB,0,1,False,6d 4d Kd,Qh Th,-60,60,6,0,-60,60
5882,1960,2,BB,0,1,False,6d 4d Kd,5d Qd,20,-20,6,0,-20,20
5883,1961,0,BTN,0,3,True,Kd 7s 4s 4d Td,Ts 5d,0,0,11,0,-1704,1704
5884,1961,1,SB,0,0,False,,5c 7c,-60,60,4,0,-60,60
5885,1961,2,BB,0,3,True,Kd 7s 4s 4d Td,Kh Ah,1360.0,-1360.0,8,0.0,-1360.0,1360.0
5886,1962,0,BTN,0,3,True,5d Qs Th 2d 6d,9s Qc,1532.6190476190477,-1532.6190476190477,8,1532.6190476190477,-10.0,-1522.6190476190477
5887,1962,1,SB,0,0,False,,3d 4c,-10,10,2,0,-10,10
5888,1962,2,BB,0,2,False,5d Qs Th 2d,6h Td,20,-20,8,0,-20,20
5889,1963,0,BTN,0,2,False,Tc Jc 9d 8s,6h Jd,0,0,8,0,-20,20
5890,1963,1,SB,0,0,False,,6c 2s,-10,10,2,0,-10,10
5891,1963,2,BB,0,1,False,Tc Jc 9d,4d 7d,20,-20,6,0,-20,20
5892,1964,0,BTN,0,2,False,Kh 5h Ad 9s,Jc 4h,0,0,8,0,-40,40
5893,1964,1,SB,0,0,False,,8d Qc,-10,10,2,0,-10,10
5894,1964,2,BB,0,3,True,Kh 5h Ad 9s Qs,5s Js,-80,80,9,0,80,-80
5895,1965,0,BTN,0,1,False,7d 2s Td,7s Jd,0,0,5,0,20,-20
5896,1965,1,SB,0,3,True,7d 2s Td Js 6c,Ah Th,-1521.4285714285716,1521.4285714285716,10,1541.4285714285716,-1521.4285714285716,-20.0
5897,1965,2,BB,0,3,True,7d 2s Td Js 6c,9h Qd,-20,20,12,1930,-1910,-20
5898,1966,0,BTN,0,0,False,,7c 6s,0,0,4,0,-20,20
5899,1966,1,SB,0,0,False,,4h 5d,-10,10,2,0,-10,10
5900,1966,2,BB,0,1,False,6h Qs Qh,Kh Td,20,-20,6,0,-20,20
5901,1967,0,BTN,0,3,True,Jh Kd 5h 8s 4c,Ah 5c,1461,-1461,10,1461,-10,-1451
5902,1967,1,SB,0,0,False,,6d Qh,-10,10,2,0,-10,10
5903,1967,2,BB,0,3,True,Jh Kd 5h 8s 4c,5d 9c,20,-20,9,0,-20,20
5904,1968,0,BTN,0,1,False,Kc 9s Tc,6d Jc,0,0,5,0,20,-20
5905,1968,1,SB,0,3,True,Kc 9s Tc Qh Jh,9d Ad,139,-139,9,0,139,-139
5906,1968,2,BB,0,1,False,Kc 9s Tc,5s 3d,-20,20,5,0,20,-20
5907,1969,0,BTN,0,3,True,Ac 2h 5h Qs As,4c Js,0,0,11,0,-1704,1704
5908,1969,1,SB,0,0,False,,6s Qh,-10,10,2,0,-10,10
5909,1969,2,BB,0,3,True,Ac 2h 5h Qs As,Qd Kd,1428.5714285714284,-1428.5714285714284,10,0.0,-1428.5714285714284,1428.5714285714284
5910,1970,0,BTN,0,3,True,9d As Kc 8h 3s,Qd 8d,-50,50,11,-50,1450,-1400
5911,1970,1,SB,0,1,False,9d As Kc,3d Kd,-100,100,6,0,-100,100
5912,1970,2,BB,0,3,True,9d As Kc 8h 3s,Ah 2h,-2000,2000,10,0,2000,-2000
5913,1971,0,BTN,0,1,False,8h Qh 3h,Kc 3c,-50,50,5,-50,-10,60
5914,1971,1,SB,0,3,True,8h Qh 3h Ts 2d,Qc 9h,2000,-2000,12,0,2000,-2000
5915,1971,2,BB,0,3,True,8h Qh 3h Ts 2d,Qs 5s,-2000,2000,10,0,2000,-2000
5916,1972,0,BTN,0,3,True,3c Th Ah 7d Ac,Tc Kc,-1785.7142857142858,1785.7142857142858,12,-1785.7142857142858,3571.4285714285716,-1785.7142857142858
5917,1972,1,SB,0,3,True,3c Th Ah 7d Ac,Qs Ad,2000,-2000,11,0,2000,-2000
5918,1972,2,BB,0,3,True,3c Th Ah 7d Ac,Td Ks,-2000,2000,10,0,2000,-2000
5919,1973,0,BTN,0,3,False,6h 7c 8h Tc 3h,Ac 2c,-215,215,9,-215,-10,225
5920,1973,1,SB,0,0,False,,3c Ah,-10,10,2,0,-10,10
5921,1973,2,BB,0,3,True,6h 7c 8h Tc 3h,Jh Kh,93,-93,10,0,-93,93
5922,1974,0,BTN,0,2,False,2h Jc Jh Ad,9s 8s,-215,215,7,-215,-10,225
5923,1974,1,SB,0,0,False,,3d 6s,-10,10,2,0,-10,10
5924,1974,2,BB,0,2,False,2h Jc Jh Ad,2d Ac,20,-20,8,0,-20,20
5925,1975,0,BTN,0,1,False,9h 7s 4h,Kh 3d,0,0,6,0,-20,20
5926,1975,1,SB,0,0,False,,3s 8h,-10,10,2,0,-10,10
5927,1975,2,BB,0,2,False,9h 7s 4h 2c,9d Kc,20,-20,8,0,-20,20
5928,1976,0,BTN,0,2,False,Ac 6d 7c 5s,6h 6s,199,-199,11,199,-50,-149
5929,1976,1,SB,0,2,False,Ac 6d 7c 5s,5d Jc,-10,10,10,505,-10,-495
5930,1976,2,BB,0,1,False,Ac 6d 7c,Jd Kc,-20,20,8,40,-20,-20
5931,1977,0,BTN,0,3,True,Th Ac 5s 6s 2h,Js Ah,2010,-2010,12,2010,-10,-2000
5932,1977,1,SB,0,3,True,Th Ac 5s 6s 2h,9s 3d,-10,10,11,1605,-10,-1595
5933,1977,2,BB,0,1,False,Th Ac 5s,8s Td,-500,500,10,520,-20,-500
5934,1978,0,BTN,0,1,False,5s 9d Kh,8c Jc,-50,50,5,-50,-10,60
5935,1978,1,SB,0,1,False,5s 9d Kh,Tc 7c,-100,100,6,0,-100,100
5936,1978,2,BB,0,1,False,5s 9d Kh,7d 5d,20,-20,6,0,-20,20
5937,1979,0,BTN,0,3,True,2c Ks Jd 4d Kc,Qc Ac,-1755,1755,9,-1755,-10,1765
5938,1979,1,SB,0,3,True,2c Ks Jd 4d Kc,2s 5s,-10,10,9,-1595,-10,1605
5939,1979,2,BB,0,3,True,2c Ks Jd 4d Kc,9d Js,2010,-2010,12,-2000,-10,2010
5940,1980,0,BTN,0,3,True,Ac 2s Tc 4s Ad,2c 8s,0,0,11,0,-1520,1520
5941,1980,1,SB,0,2,False,Ac 2s Tc 4s,Kh Qs,-240,240,9,0,-240,240
5942,1980,2,BB,0,3,True,Ac 2s Tc 4s Ad,Th Jh,186,-186,10,0,-186,186
5943,1981,0,BTN,0,0,False,,4d Qh,0,0,4,0,-20,20
5944,1981,1,SB,0,0,False,,5h Th,-10,10,2,0,-10,10
5945,1981,2,BB,0,2,False,Ks 3h Ac 3d,Kh Ah,46,-46,9,0,-46,46
5946,1982,0,BTN,0,1,False,6h 9d 3h,5c Jh,0,0,6,0,-20,20
5947,1982,1,SB,0,0,False,,5h Qc,-10,10,2,0,-10,10
5948,1982,2,BB,0,3,True,6h 9d 3h Td Ac,Jc 9c,20,-20,9,0,-20,20
5949,1983,0,BTN,0,0,False,,8c Qs,0,0,4,0,-20,20
5950,1983,1,SB,0,0,False,,7c 2h,-10,10,2,0,-10,10
5951,1983,2,BB,0,2,False,9d Jc Jh 2c,3h Kh,-20,20,7,0,20,-20
5952,1984,0,BTN,0,2,False,Jd 5s 3s Ac,Td As,60,-60,8,60,-10,-50
5953,1984,1,SB,0,0,False,,Ah 2s,-10,10,2,0,-10,10
5954,1984,2,BB,0,1,False,Jd 5s 3s,4d 8s,-20,20,5,0,20,-20
5955,1985,0,BTN,0,3,True,Qs 7h 6c Jd 7d,Qd 6d,5,-5,12,5,-10,5
5956,1985,1,SB,0,0,False,,Th 5c,-10,10,2,0,-10,10
5957,1985,2,BB,0,1,False,Qs 7h 6c,Qc 4h,20,-20,6,0,-20,20
5958,1986,0,BTN,0,1,False,6s 3c Qh,4d 3s,0,0,6,0,120,-120
5959,1986,1,SB,0,3,True,6s 3c Qh 4h Ad,6h 6c,232,-232,9,0,232,-232
5960,1986,2,BB,0,2,False,6s 3c Qh 4h,Kh 8d,-80,80,7,0,80,-80
5961,1987,0,BTN,0,2,False,6h Ah 4h 7s,5d Jh,0,0,9,0,-80,80
5962,1987,1,SB,0,0,False,,2h Qd,-10,10,2,0,-10,10
5963,1987,2,BB,0,3,False,6h Ah 4h 7s 6d,Ac 8h,46,-46,11,0,-46,46
5964,1988,0,BTN,0,2,False,Qh 4h 4c Ac,9h Ad,100,-100,11,100,-50,-50
5965,1988,1,SB,0,1,False,Qh 4h 4c,6s 7s,-88,88,7,108,-88,-20
5966,1988,2,BB,0,2,False,Qh 4h 4c Ac,9s 5h,-20,20,11,40,-20,-20
5967,1989,0,BTN,0,0,False,,8s Kc,0,0,4,0,-20,20
5968,1989,1,SB,0,0,False,,Th 2c,-10,10,2,0,-10,10
5969,1989,2,BB,0,2,False,4h 4c 9h 9s,4s 3c,46,-46,9,0,-46,46
5970,1990,0,BTN,0,0,False,,As 2d,0,0,4,0,-20,20
5971,1990,1,SB,0,2,False,Qs 6s 4c Th,7h 8h,-60,60,8,0,-60,60
5972,1990,2,BB,0,2,False,Qs 6s 4c Th,Td Kh,20,-20,8,0,-20,20
5973,1991,0,BTN,0,3,False,Ac Ah 9s Jc 3d,9d Jd,232,-232,12,232,-10,-222
5974,1991,1,SB,0,1,False,Ac Ah 9s,Th 2h,-10,10,6,30,-10,-20
5975,1991,2,BB,0,1,False,Ac Ah 9s,7s 8c,-20,20,6,30,-10,-20
5976,1992,0,BTN,0,1,False,Ks Jd 7c,8s 2d,0,0,5,0,20,-20
5977,1992,1,SB,0,2,False,Ks Jd 7c Tc,Ac Qh,60,-60,7,0,60,-60
5978,1992,2,BB,0,1,False,Ks Jd 7c,8d 3c,-20,20,5,0,20,-20
5979,1993,0,BTN,0,3,True,Kd 8c 9d 7d As,6c 6s,-50,50,11,-50,1225,-1175
5980,1993,1,SB,0,3,True,Kd 8c 9d 7d As,Jd Tc,578,-578,10,-558,578,-20
5981,1993,2,BB,0,3,False,Kd 8c 9d 7d As,5d 7h,-20,20,11,-110,130,-20
5982,1994,0,BTN,0,1,False,Jd 2s Th,7s Ah,60,-60,6,60,-10,-50
5983,1994,1,SB,0,0,False,,3s 2c,-10,10,2,0,-10,10
5984,1994,2,BB,0,3,True,Jd 2s Th 7c 8d,3c 5d,-20,20,9,0,20,-20
5985,1995,0,BTN,0,0,False,,2h Kd,0,0,4,0,-20,20
5986,1995,1,SB,0,0,False,,6s 7d,-10,10,2,0,-10,10
5987,1995,2,BB,0,1,False,Ac Jc 4s,Qd Td,20,-20,6,0,-20,20
5988,1996,0,BTN,0,1,False,Ts 8s Ad,7d Kh,0,0,6,0,-20,20
5989,1996,1,SB,0,3,True,Ts 8s Ad 8h 2s,5c 7s,-10,10,9,-1595,-10,1605
5990,1996,2,BB,0,3,True,Ts 8s Ad 8h 2s,Th 5s,40,-40,12,-20,-20,40
5991,1997,0,BTN,0,3,True,4s Jc 3c Ts 3d,7c 4d,0,0,9,0,80,-80
5992,1997,1,SB,0,0,False,,8c Qc,20,-20,3,0,20,-20
5993,1997,2,BB,0,1,False,4s Jc 3c,2h 5d,-20,20,5,0,20,-20
5994,1998,0,BTN,0,2,False,Ts 3s 6d Js,8d 6c,0,0,7,0,20,-20
5995,1998,1,SB,0,0,False,,Jd 4d,-10,10,2,0,-10,10
5996,1998,2,BB,0,2,False,Ts 3s 6d Js,7s 2h,-20,20,7,0,20,-20
5997,1999,0,BTN,0,3,True,6s Ad 4c Ac 3c,4d 2h,0,0,10,0,1920,-1920
5998,1999,1,SB,0,0,False,,Ah 2c,-10,10,2,0,-10,10
5999,1999,2,BB,0,1,False,6s Ad 4c,Jh Qs,-20,20,5,0,20,-20
6000,2000,0,BTN,0,3,True,2c 6s 3h Jd Ah,7h 5c,0,0,10,0,480,-480
6001,2000,1,SB,0,3,True,2c 6s 3h Jd Ah,Ad 9s,139,-139,9,0,139,-139
6002,2000,2,BB,0,3,False,2c 6s 3h Jd Ah,Th Kc,-40,40,9,0,40,-40
6003,2001,0,BTN,0,3,True,6c Jd 5c 8h Qs,Qc 8s,0,0,11,0,-1988,1988
6004,2001,1,SB,0,0,False,,6d 2s,-10,10,2,0,-10,10
6005,2001,2,BB,0,3,True,6c Jd 5c 8h Qs,5d 6s,464,-464,11,0,-464,464
6006,2002,0,BTN,0,1,False,Qs Ks Jc,7s 6d,0,0,5,0,20,-20
6007,2002,1,SB,0,3,True,Qs Ks Jc 7h Kh,6c Tc,60,-60,9,0,60,-60
6008,2002,2,BB,0,1,False,Qs Ks Jc,2s 8c,-20,20,5,0,20,-20
6009,2003,0,BTN,0,3,True,2s Jd 3d 9d As,4d 6c,0,0,10,0,-40,40
6010,2003,1,SB,0,0,False,,Qd 4h,-10,10,2,0,-10,10
6011,2003,2,BB,0,3,True,2s Jd 3d 9d As,Ks 2d,20,-20,9,0,-20,20
6012,2004,0,BTN,0,3,True,Ad 2c Td 4d Jh,2s Kh,0,0,11,0,-1704,1704
6013,2004,1,SB,0,3,True,Ad 2c Td 4d Jh,6c Ac,-1809.5238095238096,1809.5238095238096,10,0.0,-1809.5238095238096,1809.5238095238096
6014,2004,2,BB,0,3,True,Ad 2c Td 4d Jh,Ah Jd,2000,-2000,10,0,-2000,2000
6015,2005,0,BTN,0,1,False,4d 6c 8h,9s Qc,-50,50,6,-50,100,-50
6016,2005,1,SB,0,3,False,4d 6c 8h As 3d,4s 4c,60,-60,9,0,60,-60
6017,2005,2,BB,0,2,False,4d 6c 8h As,Qd 7c,-80,80,7,0,80,-80
6018,2006,0,BTN,0,3,False,5h 5d 3d Js 7c,2c Kh,0,0,9,0,20,-20
6019,2006,1,SB,0,0,False,,Td 7s,-10,10,2,0,-10,10
6020,2006,2,BB,0,3,False,5h 5d 3d Js 7c,8d 6h,-20,20,9,0,20,-20
6021,2007,0,BTN,0,3,True,7d 7c 5d 6c 4c,8d Jh,0,0,9,0,-20,20
6022,2007,1,SB,0,3,True,7d 7c 5d 6c 4c,Qh 9s,-60,60,9,0,-60,60
6023,2007,2,BB,0,3,True,7d 7c 5d 6c 4c,9d Ks,20,-20,9,0,-20,20
6024,2008,0,BTN,0,3,True,8s 2h Kd 4h As,9s Js,-50,50,13,-50,-1967,2017
6025,2008,1,SB,0,3,True,8s 2h Kd 4h As,7h Qh,108,-108,10,-88,108,-20
6026,2008,2,BB,0,2,False,8s 2h Kd 4h,8h Jd,-60,60,9,-20,80,-60
6027,2009,0,BTN,0,2,False,9d 6s Kd 5s,Ac 7s,-275,275,8,-275,325,-50
6028,2009,1,SB,0,1,False,9d 6s Kd,Js Kc,60,-60,5,0,60,-60
6029,2009,2,BB,0,1,False,9d 6s Kd,5h 3s,-20,20,5,0,20,-20
6030,2010,0,BTN,0,3,True,7s Th Ac 7d 2h,Td 3d,0,0,10,0,-40,40
6031,2010,1,SB,0,0,False,,4s Qd,-10,10,2,0,-10,10
6032,2010,2,BB,0,3,True,7s Th Ac 7d 2h,Kh 3c,20,-20,9,0,-20,20
6033,2011,0,BTN,0,3,True,3c 7h 8c 8d Jd,Ad 3d,-230,230,9,-230,250,-20
6034,2011,1,SB,0,3,False,3c 7h 8c 8d Jd,Jh Kh,60,-60,9,0,60,-60
6035,2011,2,BB,0,3,False,3c 7h 8c 8d Jd,4s Qd,-20,20,9,0,20,-20
6036,2012,0,BTN,0,3,True,8h Ad As Kd 2s,6d 7d,-222,222,11,-222,-10,232
6037,2012,1,SB,0,0,False,,2h 3c,-10,10,2,0,-10,10
6038,2012,2,BB,0,3,False,8h Ad As Kd 2s,9h 7c,-20,20,9,0,20,-20
6039,2013,0,BTN,0,3,True,5c 3d 4c Qc 7h,Ac 5d,-1755,1755,9,-1755,-10,1765
6040,2013,1,SB,0,0,False,,Kc 2s,-10,10,2,0,-10,10
6041,2013,2,BB,0,3,False,5c 3d 4c Qc 7h,7c 9c,150,-150,12,0,-150,150
6042,2014,0,BTN,0,2,False,6h 6c 2d Th,8c Kc,96,-96,9,96,-10,-86
6043,2014,1,SB,0,3,True,6h 6c 2d Th 3s,Qd 7h,-10,10,9,30,-10,-20
6044,2014,2,BB,0,3,True,6h 6c 2d Th 3s,7s 9h,-20,20,12,40,-20,-20
6045,2015,0,BTN,0,3,True,2s Ad 5c 4d 6c,Jc 5h,0,0,11,0,-1704,1704
6046,2015,1,SB,0,2,False,2s Ad 5c 4d,9d 9h,-300,300,9,0,-300,300
6047,2015,2,BB,0,3,True,2s Ad 5c 4d 6c,Ah Ts,960,-960,10,0,-960,960
6048,2016,0,BTN,0,3,True,2c Ts Ad 9h Ks,6c 9c,100,-100,12,100,-50,-50
6049,2016,1,SB,0,3,True,2c Ts Ad 9h Ks,6d Jd,0,0,9,0,0,0
6050,2016,2,BB,0,3,True,2c Ts Ad 9h Ks,8c Jc,0,0,9,0,0,0
6051,2017,0,BTN,0,2,False,Jc Jd 2s 4d,Ad 7s,60,-60,8,60,-10,-50
6052,2017,1,SB,0,2,False,Jc Jd 2s 4d,Qd Tc,100,-100,7,0,100,-100
6053,2017,2,BB,0,3,True,Jc Jd 2s 4d Kd,7d 8s,-40,40,9,0,40,-40
6054,2018,0,BTN,0,3,True,Js 2h 5c 4s Qc,3h Kh,-50,50,12,-50,-1400,1450
6055,2018,1,SB,0,3,True,Js 2h 5c 4s Qc,6s 5s,-1992,1992,12,0,-1992,1992
6056,2018,2,BB,0,3,True,Js 2h 5c 4s Qc,Jd 7h,1120.0,-1120.0,8,0.0,-1120.0,1120.0
6057,2019,0,BTN,0,3,True,Qd 8h 8c 3h 2d,Ad 9s,60,-60,9,60,-10,-50
6058,2019,1,SB,0,3,True,Qd 8h 8c 3h 2d,8d Ts,2262,-2262,12,-2000,2262,-262
6059,2019,2,BB,0,3,True,Qd 8h 8c 3h 2d,5s Kc,-20,20,10,-1910,1930,-20
6060,2020,0,BTN,0,1,False,6d 3s 4s,Ah 3h,70,-70,6,70,-50,-20
6061,2020,1,SB,0,0,False,,Jc 7s,-10,10,2,0,-10,10
6062,2020,2,BB,0,3,False,6d 3s 4s 9s 5h,Tc 4d,-20,20,9,0,20,-20
6063,2021,0,BTN,0,3,False,8s 5d Ah 2d 2c,4s 3h,0,0,10,0,-20,20
6064,2021,1,SB,0,0,False,,7d Jh,-10,10,2,0,-10,10
6065,2021,2,BB,0,3,False,8s 5d Ah 2d 2c,2s 9h,20,-20,10,0,-20,20
6066,2022,0,BTN,0,3,True,Kc 3d As 7c 8c,Ks Th,1437.1428571428573,-1437.142857142857,8,1437.1428571428573,-10.0,-1427.142857142857
6067,2022,1,SB,0,0,False,,5d Qh,-10,10,2,0,-10,10
6068,2022,2,BB,0,3,False,Kc 3d As 7c 8c,Kd 2h,107,-107,12,0,-107,107
6069,2023,0,BTN,0,2,False,8d 9s 2s 8c,5s Tc,0,0,8,0,120,-120
6070,2023,1,SB,0,0,False,,Ks 2h,-10,10,2,0,-10,10
6071,2023,2,BB,0,2,False,8d 9s 2s 8c,4s 3h,-20,20,7,0,20,-20
6072,2024,0,BTN,0,3,True,2s 5h 7c Ks 8h,5c 8s,0,0,10,0,120,-120
6073,2024,1,SB,0,3,True,2s 5h 7c Ks 8h,3s 3d,1523.8095238095239,-1523.8095238095239,11,0.0,1523.8095238095239,-1523.8095238095239
6074,2024,2,BB,0,3,True,2s 5h 7c Ks 8h,Ad 2h,-20,20,9,0,20,-20
6075,2025,0,BTN,0,3,True,8c 5s 5h Ad 2h,4c 4h,-1755,1755,9,-1755,-10,1765
6076,2025,1,SB,0,0,False,,7d Th,-10,10,2,0,-10,10
6077,2025,2,BB,0,1,False,8c 5s 5h,3h 8d,20,-20,6,0,-20,20
6078,2026,0,BTN,0,3,True,3h Kh 5s 5d 7d,Td 4d,0,0,12,0,-1920,1920
6079,2026,1,SB,0,1,False,3h Kh 5s,Jh Qs,-100,100,6,0,-100,100
6080,2026,2,BB,0,3,True,3h Kh 5s 5d 7d,5h 5c,432,-432,12,0,-432,432
6081,2027,0,BTN,0,0,False,,3c Qd,0,0,4,0,-20,20
6082,2027,1,SB,0,0,False,,9c 5s,-10,10,2,0,-10,10
6083,2027,2,BB,0,3,False,2h 8d 8c Jd Jh,Ah Qs,20,-20,10,0,-20,20
6084,2028,0,BTN,0,2,False,9h Jh Jc 4h,6s 8s,-132,132,8,-132,-10,142
6085,2028,1,SB,0,0,False,,Qh 5s,-10,10,2,0,-10,10
6086,2028,2,BB,0,3,True,9h Jh Jc 4h 8c,Kd 4d,20,-20,9,0,-20,20
6087,2029,0,BTN,0,1,False,5d Jc 9h,Qc 6s,0,0,5,0,20,-20
6088,2029,1,SB,0,0,False,,7c 5h,-10,10,2,0,-10,10
6089,2029,2,BB,0,1,False,5d Jc 9h,8d 4h,-20,20,5,0,20,-20
6090,2030,0,BTN,0,1,False,2s 8c 2h,Js 7d,0,0,6,0,-20,20
6091,2030,1,SB,0,3,False,2s 8c 2h 4c Qd,Qc 5c,108,-108,10,-88,108,-20
6092,2030,2,BB,0,1,False,2s 8c 2h,Qh 2c,40,-40,7,-20,-20,40
6093,2031,0,BTN,0,0,False,,4c 3d,0,0,4,0,-20,20
6094,2031,1,SB,0,0,False,,9s 8d,-10,10,2,0,-10,10
6095,2031,2,BB,0,2,False,Th 3h 9h 7s,Ks Jd,-80,80,8,0,80,-80
6096,2032,0,BTN,0,3,True,Kc As 3d 7c Kh,Jc Qs,142,-142,10,142,-10,-132
6097,2032,1,SB,0,0,False,,6d 2d,-10,10,2,0,-10,10
6098,2032,2,BB,0,3,True,Kc As 3d 7c Kh,Qd 8s,20,-20,9,0,-20,20
6099,2033,0,BTN,0,1,False,4h 3h Qs,5d 5h,60,-60,6,60,-10,-50
6100,2033,1,SB,0,1,False,4h 3h Qs,2d 8d,-10,10,6,30,-10,-20
6101,2033,2,BB,0,2,False,4h 3h Qs Qc,2c 6d,-20,20,11,40,-20,-20
6102,2034,0,BTN,0,2,False,Th 9h Kc 9s,8d 9c,60,-60,8,60,-10,-50
6103,2034,1,SB,0,0,False,,Ks 4h,-10,10,2,0,-10,10
6104,2034,2,BB,0,3,True,Th 9h Kc 9s 6h,7d 6d,-1280,1280,9,0,1280,-1280
6105,2035,0,BTN,0,3,True,Qd Qs 8h Tc 3d,6d 2h,0,0,9,0,0,0
6106,2035,1,SB,0,0,False,,9c 2s,-10,10,2,0,-10,10
6107,2035,2,BB,0,1,False,Qd Qs 8h,5d 9d,20,-20,6,0,-20,20
6108,2036,0,BTN,0,2,False,8d Qc 6d Jh,Ad 9c,-78,78,7,-78,-10,88
6109,2036,1,SB,0,3,False,8d Qc 6d Jh 5h,8c 4d,-10,10,9,-95,-10,105
6110,2036,2,BB,0,3,True,8d Qc 6d Jh 5h,5d Jd,239,-239,14,-60,-179,239
6111,2037,0,BTN,0,3,True,Kd 2h 6d Jc Jh,6h 8h,216,-216,11,216,-10,-206
6112,2037,1,SB,0,3,True,Kd 2h 6d Jc Jh,Ah 3h,-100,100,9,0,-100,100
6113,2037,2,BB,0,3,True,Kd 2h 6d Jc Jh,4h 2s,20,-20,9,0,-20,20
6114,2038,0,BTN,0,1,False,Ks Jd Ac,As Kd,60,-60,6,60,-10,-50
6115,2038,1,SB,0,1,False,Ks Jd Ac,2s 9s,-10,10,6,30,-10,-20
6116,2038,2,BB,0,1,False,Ks Jd Ac,4s 2h,-20,20,8,40,-20,-20
6117,2039,0,BTN,0,0,False,,7s 4h,0,0,4,0,-20,20
6118,2039,1,SB,0,0,False,,9s 3h,-10,10,2,0,-10,10
6119,2039,2,BB,0,3,True,6h 3d 5d Th 8h,9h 9d,80,-80,10,0,-80,80
6120,2040,0,BTN,0,3,True,6h 3c 4h Kh 2d,8c 6d,0,0,11,0,-1704,1704
6121,2040,1,SB,0,2,False,6h 3c 4h Kh,8d 8h,-360,360,9,0,-360,360
6122,2040,2,BB,0,3,True,6h 3c 4h Kh 2d,Kd As,320,-320,9,0,-320,320
6123,2041,0,BTN,0,3,True,3c 9h Ks Ts 8d,9d Tc,-2000,2000,12,-2000,-10,2010
6124,2041,1,SB,0,0,False,,3d 2h,-10,10,2,0,-10,10
6125,2041,2,BB,0,3,True,3c 9h Ks Ts 8d,6c 7d,93,-93,10,0,-93,93
6126,2042,0,BTN,0,0,False,,Kc 5h,0,0,4,0,-20,20
6127,2042,1,SB,0,0,False,,9h 4h,-10,10,2,0,-10,10
6128,2042,2,BB,0,1,False,3c Tc Ad,Td Ac,20,-20,6,0,-20,20
6129,2043,0,BTN,0,3,True,Qs Qc 3h 5s Kh,7d Ad,-275,275,12,-275,325,-50
6130,2043,1,SB,0,3,True,Qs Qc 3h 5s Kh,Kc 6s,-10,10,10,-1595,-10,1605
6131,2043,2,BB,0,3,True,Qs Qc 3h 5s Kh,3d 6d,-20,20,12,-110,130,-20
6132,2044,0,BTN,0,3,True,2h As 7c 8d Qc,3h 5c,0,0,9,0,40,-40
6133,2044,1,SB,0,3,True,2h As 7c 8d Qc,Th Kd,100,-100,9,0,100,-100
6134,2044,2,BB,0,3,True,2h As 7c 8d Qc,3d Kh,-40,40,9,0,40,-40
6135,2045,0,BTN,0,1,False,Qc Jd 7s,8d Ac,60,-60,6,60,-10,-50
6136,2045,1,SB,0,0,False,,Ks 3c,-10,10,2,0,-10,10
6137,2045,2,BB,0,3,True,Qc Jd 7s 7h Tc,2c Ts,20,-20,9,0,-20,20
6138,2046,0,BTN,0,0,False,,7h 8s,0,0,4,0,-20,20
6139,2046,1,SB,0,0,False,,9d 8c,-10,10,2,0,-10,10
6140,2046,2,BB,0,3,False,7d Qd 7s 4d 2c,Jh Jd,107,-107,12,0,-107,107
6141,2047,0,BTN,0,1,False,Ks Jh Qh,Qd 8s,-380,380,7,-380,-10,390
6142,2047,1,SB,0,0,False,,9s 5s,-10,10,2,0,-10,10
6143,2047,2,BB,0,2,False,Ks Jh Qh Kh,Ac Qs,20,-20,8,0,-20,20
6144,2048,0,BTN,0,1,False,Ah 7c Jc,3s Ac,0,0,6,0,120,-120
6145,2048,1,SB,0,1,False,Ah 7c Jc,Kh Js,60,-60,5,0,60,-60
6146,2048,2,BB,0,1,False,Ah 7c Jc,4s 3h,-20,20,5,0,20,-20
6147,2049,0,BTN,0,2,False,Ah 5c 7c 4h,4c As,60,-60,8,60,-10,-50
6148,2049,1,SB,0,0,False,,8d Js,-10,10,2,0,-10,10
6149,2049,2,BB,0,3,True,Ah 5c 7c 4h 4d,9d 2c,-20,20,9,0,20,-20
6150,2050,0,BTN,0,1,False,Jh Ts Jd,3h 2d,0,0,5,0,20,-20
6151,2050,1,SB,0,3,False,Jh Ts Jd 4s 2s,Ks Td,60,-60,9,0,60,-60
6152,2050,2,BB,0,1,False,Jh Ts Jd,6h 9h,-170,170,7,0,170,-170
6153,2051,0,BTN,0,2,False,Qs 9h Kc 2d,4h Ad,-215,215,7,-215,-10,225
6154,2051,1,SB,0,0,False,,6h 4d,-10,10,2,0,-10,10
6155,2051,2,BB,0,2,False,Qs 9h Kc 2d,2h 9d,20,-20,8,0,-20,20
6156,2052,0,BTN,0,1,False,Kh Jc 9c,Qh 3h,60,-60,6,60,-10,-50
6157,2052,1,SB,0,0,False,,4h Jd,-10,10,2,0,-10,10
6158,2052,2,BB,0,1,False,Kh Jc 9c,4s 5c,-20,20,5,0,20,-20
6159,2053,0,BTN,0,3,True,Ts Ad 3c 5c 6c,7d 8h,0,0,10,0,1704,-1704
6160,2053,1,SB,0,3,True,Ts Ad 3c 5c 6c,Jc Jh,1615,-1615,10,0,1615,-1615
6161,2053,2,BB,0,3,True,Ts Ad 3c 5c 6c,8c 8s,-1440,1440,11,0,1440,-1440
6162,2054,0,BTN,0,3,True,6d 4h 9c 9s Ad,Ah Ac,2050,-2050,14,2050,-2000,-50
6163,2054,1,SB,0,3,True,6d 4h 9c 9s Ad,5d 6h,-10,10,11,2005,-10,-1995
6164,2054,2,BB,0,1,False,6d 4h 9c,2s As,-120,120,6,130,-10,-120
6165,2055,0,BTN,0,3,True,9c Qc Qh Kd Jc,4d 7d,0,0,12,0,1840,-1840
6166,2055,1,SB,0,2,False,9c Qc Qh Kd,Tc Jh,-250,250,8,0,-250,250
6167,2055,2,BB,0,3,True,9c Qc Qh Kd Jc,3h Ks,-1619.047619047619,1619.0476190476193,10,0.0,1619.0476190476193,-1619.047619047619
6168,2056,0,BTN,0,3,True,9h 2s 6s 2h As,Ad Kd,-50,50,12,-50,1225,-1175
6169,2056,1,SB,0,2,False,9h 2s 6s 2h,Ac Kh,-88,88,11,-88,-88,176
6170,2056,2,BB,0,3,True,9h 2s 6s 2h As,7h 9d,-1952,1952,16,976,976,-1952
6171,2057,0,BTN,0,2,False,3s Ks Kc 7h,6h 9s,0,0,7,0,20,-20
6172,2057,1,SB,0,0,False,,6d 7s,-10,10,2,0,-10,10
6173,2057,2,BB,0,2,False,3s Ks Kc 7h,8c 5h,-20,20,7,0,20,-20
6174,2058,0,BTN,0,3,False,9s 6s 2d Qh 7d,Qc 3c,-50,50,13,-50,-1175,1225
6175,2058,1,SB,0,0,False,,Ks 8s,20,-20,3,0,20,-20
6176,2058,2,BB,0,3,False,9s 6s 2d Qh 7d,9h 7h,80,-80,10,0,-80,80
6177,2059,0,BTN,0,3,False,2s Ad Jd Js 3c,Qc 7s,0,0,9,0,20,-20
6178,2059,1,SB,0,0,False,,2d 5s,-10,10,2,0,-10,10
6179,2059,2,BB,0,2,False,2s Ad Jd Js,5d 7h,-20,20,7,0,20,-20
6180,2060,0,BTN,0,1,False,Qh 4c 8d,4h 2d,0,0,5,0,20,-20
6181,2060,1,SB,0,0,False,,3h 8s,-10,10,2,0,-10,10
6182,2060,2,BB,0,2,False,Qh 4c 8d 9c,Jc 5h,-20,20,7,0,20,-20
6183,2061,0,BTN,0,3,True,5c 8s 6d Ks Th,9s Ad,60,-60,9,60,-10,-50
6184,2061,1,SB,0,2,False,5c 8s 6d Ks,2c 3d,-10,10,8,30,-10,-20
6185,2061,2,BB,0,2,False,5c 8s 6d Ks,3s 7h,-20,20,8,30,-10,-20
6186,2062,0,BTN,0,1,False,8d As 2h,5h Qc,0,0,6,0,120,-120
6187,2062,1,SB,0,2,False,8d As 2h Ts,9h Ac,100,-100,7,0,100,-100
6188,2062,2,BB,0,1,False,8d As 2h,7d Jc,-20,20,5,0,20,-20
6189,2063,0,BTN,0,2,False,9d Kc 8h Jc,4d Jd,0,0,7,0,20,-20
6190,2063,1,SB,0,2,False,9d Kc 8h Jc,Ad Ts,60,-60,7,0,60,-60
6191,2063,2,BB,0,2,False,9d Kc 8h Jc,5d 2d,-80,80,8,0,80,-80
6192,2064,0,BTN,0,3,True,4c 3s Qd 7h Kc,Kh 6s,0,0,9,0,0,0
6193,2064,1,SB,0,3,False,4c 3s Qd 7h Kc,5c 8s,-10,10,10,30,-10,-20
6194,2064,2,BB,0,3,False,4c 3s Qd 7h Kc,8h 5d,-20,20,14,40,-20,-20
6195,2065,0,BTN,0,1,False,3d 2d 3c,Kh 7d,0,0,6,0,-20,20
6196,2065,1,SB,0,3,False,3d 2d 3c 5s 2s,9h Js,-88,88,14,-88,-88,176
6197,2065,2,BB,0,3,False,3d 2d 3c 5s 2s,5c Ac,40,-40,13,-20,-20,40
6198,2066,0,BTN,0,3,True,8c 3d As 8h Qs,4s Jh,0,0,9,0,-20,20
6199,2066,1,SB,0,0,False,,7d 5h,-10,10,2,0,-10,10
6200,2066,2,BB,0,1,False,8c 3d As,9h 7c,20,-20,6,0,-20,20
6201,2067,0,BTN,0,3,True,5c Kc 3c Js Jd,5h Qd,0,0,9,0,20,-20
6202,2067,1,SB,0,0,False,,3h 4h,-10,10,2,0,-10,10
6203,2067,2,BB,0,1,False,5c Kc 3c,7s 2h,-20,20,5,0,20,-20
6204,2068,0,BTN,0,3,False,8h Jc 6h Ks 4c,9s 5s,0,0,9,0,320,-320
6205,2068,1,SB,0,0,False,,9d 8s,-10,10,2,0,-10,10
6206,2068,2,BB,0,3,False,8h Jc 6h Ks 4c,2h Qh,-320,320,9,0,320,-320
6207,2069,0,BTN,0,3,True,9d 4d 7h Ks 5d,Th Kd,-819,819,15,-819,-819,1638
6208,2069,1,SB,0,0,False,,7c Js,-10,10,2,0,-10,10
6209,2069,2,BB,0,2,False,9d 4d 7h Ks,4c 5c,-80,80,7,0,80,-80
6210,2070,0,BTN,0,1,False,Jd 6s 2c,8c Ad,-50,50,5,-50,-10,60
6211,2070,1,SB,0,0,False,,5s 9d,-10,10,2,0,-10,10
6212,2070,2,BB,0,2,False,Jd 6s 2c 7c,7s 6d,20,-20,8,0,-20,20
6213,2071,0,BTN,0,3,True,9s 9h 7h 5c 2h,6d 9d,2149.0,-2149.0,13,2149.0,-149.0,-2000.0
6214,2071,1,SB,0,3,True,9s 9h 7h 5c 2h,8h Kh,2000,-2000,11,0,2000,-2000
6215,2071,2,BB,0,3,True,9s 9h 7h 5c 2h,7s 8s,-2000,2000,10,0,2000,-2000
6216,2072,0,BTN,0,3,True,8h Kd Th Qh 5s,6d 5d,-50,50,10,-50,2017,-1967
6217,2072,1,SB,0,3,True,8h Kd Th Qh 5s,8d Kc,580,-580,9,0,580,-580
6218,2072,2,BB,0,2,False,8h Kd Th Qh,Ts 9d,-80,80,7,0,80,-80
6219,2073,0,BTN,0,1,False,9s 6s Jc,Ad Td,-50,50,7,-50,-50,100
6220,2073,1,SB,0,3,True,9s 6s Jc 5c 2h,8s Kh,-88,88,12,-1540,-88,1628
6221,2073,2,BB,0,3,True,9s 6s Jc 5c 2h,As Jd,172,-172,11,-152,-20,172
6222,2074,0,BTN,0,3,True,Ts 2s 5s 9s 4d,7d Ah,-50,50,13,-50,-1783,1833
6223,2074,1,SB,0,1,False,Ts 2s 5s,Kh 9c,-60,60,6,0,-60,60
6224,2074,2,BB,0,1,False,Ts 2s 5s,6s 5c,20,-20,6,0,-20,20
6225,2075,0,BTN,0,1,False,7c Qs 7s,8h Ks,-380,380,7,-380,-10,390
6226,2075,1,SB,0,0,False,,7d Qh,-10,10,2,0,-10,10
6227,2075,2,BB,0,3,True,7c Qs 7s Kd 8c,Qc Td,-2000,2000,12,0,2000,-2000
6228,2076,0,BTN,0,3,False,Kd Ah 6c Ts 7s,Kc 8s,0,0,9,0,20,-20
6229,2076,1,SB,0,0,False,,Js 7h,-10,10,2,0,-10,10
6230,2076,2,BB,0,3,False,Kd Ah 6c Ts 7s,5h 2d,-20,20,9,0,20,-20
6231,2077,0,BTN,0,3,True,8h 9c 7s 6h 9s,Ad 8c,100,-100,12,100,-50,-50
6232,2077,1,SB,0,3,True,8h 9c 7s 6h 9s,Ac Js,60,-60,9,0,60,-60
6233,2077,2,BB,0,1,False,8h 9c 7s,3c 4h,-20,20,5,0,20,-20
6234,2078,0,BTN,0,0,False,,8d Th,0,0,4,0,-20,20
6235,2078,1,SB,0,0,False,,3d 8h,-10,10,2,0,-10,10
6236,2078,2,BB,0,2,False,Ah 8s 7s Js,6s Qs,-80,80,7,0,80,-80
6237,2079,0,BTN,0,3,True,2s 3c 4c 9d As,5d 3d,0,0,9,0,20,-20
6238,2079,1,SB,0,0,False,,2h Ts,-10,10,2,0,-10,10
6239,2079,2,BB,0,2,False,2s 3c 4c 9d,6d Jh,-20,20,7,0,20,-20
6240,2080,0,BTN,0,3,True,Th 9s Jc Qd Qs,Jd 3s,0,0,9,0,80,-80
6241,2080,1,SB,0,0,False,,7h Ts,-10,10,2,0,-10,10
6242,2080,2,BB,0,1,False,Th 9s Jc,4h Ac,-20,20,5,0,20,-20
6243,2081,0,BTN,0,3,True,Ah As 7s 2d 2c,7h 8d,0,0,9,0,-20,20
6244,2081,1,SB,0,0,False,,9c 6s,-10,10,2,0,-10,10
6245,2081,2,BB,0,3,True,Ah As 7s 2d 2c,Js 4c,20,-20,9,0,-20,20
6246,2082,0,BTN,0,1,False,4c 6d 7h,Ah As,60,-60,6,60,-10,-50
6247,2082,1,SB,0,0,False,,4d 8d,-10,10,3,30,-10,-20
6248,2082,2,BB,0,0,False,,3h 8h,-20,20,3,30,-10,-20
6249,2083,0,BTN,0,1,False,9c 2h Jd,Td Ac,60,-60,6,60,-10,-50
6250,2083,1,SB,0,1,False,9c 2h Jd,Ts Qs,60,-60,5,0,60,-60
6251,2083,2,BB,0,3,True,9c 2h Jd 5h Qc,5s 3s,-1400,1400,11,0,1400,-1400
6252,2084,0,BTN,0,3,True,Qs 8d Ts 6s 5h,Qd 4d,832,-832,14,832,-50,-782
6253,2084,1,SB,0,0,False,,6c 3c,-10,10,2,0,-10,10
6254,2084,2,BB,0,3,True,Qs 8d Ts 6s 5h,Ah Kd,-20,20,9,0,20,-20
6255,2085,0,BTN,0,3,True,7h Jh Ks 3s 8s,7c 2s,0,0,9,0,-20,20
6256,2085,1,SB,0,0,False,,2d 9s,-10,10,2,0,-10,10
6257,2085,2,BB,0,3,True,7h Jh Ks 3s 8s,Ad 6d,20,-20,9,0,-20,20
6258,2086,0,BTN,0,3,True,8c 3c Ts 6d 3s,Js Ks,-132,132,10,-132,-10,142
6259,2086,1,SB,0,3,True,8c 3c Ts 6d 3s,4s 6s,176,-176,13,-88,176,-88
6260,2086,2,BB,0,3,True,8c 3c Ts 6d 3s,As 5s,-20,20,12,-20,40,-20
6261,2087,0,BTN,0,3,True,5c Qc 2s 2h 3h,3d Ah,0,0,9,0,40,-40
6262,2087,1,SB,0,3,True,5c Qc 2s 2h 3h,7d Ad,60,-60,9,0,60,-60
6263,2087,2,BB,0,3,True,5c Qc 2s 2h 3h,Kc 9d,-20,20,9,0,20,-20
6264,2088,0,BTN,0,0,False,,7s Jc,0,0,4,0,-20,20
6265,2088,1,SB,0,3,True,3c Qd 5h 6c 8d,2h 3h,-10,10,10,5,-10,5
6266,2088,2,BB,0,3,True,3c Qd 5h 6c 8d,Js 7h,5,-5,9,5,-10,5
6267,2089,0,BTN,0,1,False,Tc 9h 7s,2d Kd,-50,50,5,-50,-10,60
6268,2089,1,SB,0,3,True,Tc 9h 7s 3h 8d,Td 7d,100,-100,9,0,100,-100
6269,2089,2,BB,0,2,False,Tc 9h 7s 3h,Ac 8s,-80,80,7,0,80,-80
6270,2090,0,BTN,0,2,False,2d 4s 5d 8h,Qc 7s,0,0,7,0,80,-80
6271,2090,1,SB,0,0,False,,2c 4d,-10,10,2,0,-10,10
6272,2090,2,BB,0,1,False,2d 4s 5d,Ts 3d,-20,20,5,0,20,-20
6273,2091,0,BTN,0,3,True,9h 2s 9s 6d Th,Kd 4s,0,0,10,0,-120,120
6274,2091,1,SB,0,0,False,,7s 5d,-10,10,2,0,-10,10
6275,2091,2,BB,0,3,True,9h 2s 9s 6d Th,Jc Qd,20,-20,9,0,-20,20
6276,2092,0,BTN,0,2,False,9s 8h 9d 5s,Tc Jc,-275,275,9,-275,550,-275
6277,2092,1,SB,0,3,False,9s 8h 9d 5s 7h,Qs Qd,250,-250,9,0,250,-250
6278,2092,2,BB,0,3,True,9s 8h 9d 5s 7h,Ad Jd,-1280.0,1280.0,8,0.0,1280.0,-1280.0
6279,2093,0,BTN,0,3,True,Qd 3c Kc Ts 3s,4c 6c,0,0,9,0,-20,20
6280,2093,1,SB,0,0,False,,Js 8d,-10,10,2,0,-10,10
6281,2093,2,BB,0,1,False,Qd 3c Kc,Ac 4s,20,-20,6,0,-20,20
6282,2094,0,BTN,0,1,False,5s Js Th,9h Ad,60,-60,6,60,-10,-50
6283,2094,1,SB,0,1,False,5s Js Th,8d Tc,-10,10,6,30,-10,-20
6284,2094,2,BB,0,3,True,5s Js Th Jc 9s,4c 2s,-20,20,10,-1910,1930,-20
6285,2095,0,BTN,0,3,False,2d 6d Tc Ks 5s,As Jd,-215,215,9,-215,-10,225
6286,2095,1,SB,0,3,True,2d 6d Tc Ks 5s,6c 2h,-10,10,10,-1595,-10,1605
6287,2095,2,BB,0,3,True,2d 6d Tc Ks 5s,Kd 9c,-20,20,10,-1910,1930,-20
6288,2096,0,BTN,0,1,False,Ks Kc Th,Qc 7h,0,0,5,0,20,-20
6289,2096,1,SB,0,1,False,Ks Kc Th,Jc Ac,60,-60,5,0,60,-60
6290,2096,2,BB,0,1,False,Ks Kc Th,4d 7s,-20,20,5,0,20,-20
6291,2097,0,BTN,0,2,False,Jd 3d 5c Tc,4c 5s,0,0,7,0,80,-80
6292,2097,1,SB,0,3,True,Jd 3d 5c Tc 2s,As 3s,250,-250,9,0,250,-250
6293,2097,2,BB,0,2,False,Jd 3d 5c Tc,Ad 6c,-170,170,8,0,170,-170
6294,2098,0,BTN,0,1,False,8c Tc Ac,Kh 4h,-50,50,5,-50,-10,60
6295,2098,1,SB,0,0,False,,Td 4d,-10,10,2,0,-10,10
6296,2098,2,BB,0,3,True,8c Tc Ac Th Qc,Kc Jc,1142.8571428571427,-1142.857142857143,9,0.0,-1142.857142857143,1142.8571428571427
6297,2099,0,BTN,0,1,False,Ah Ts Ad,Qd 7h,0,0,5,0,20,-20
6298,2099,1,SB,0,0,False,,3c Td,-10,10,2,0,-10,10
6299,2099,2,BB,0,1,False,Ah Ts Ad,8d 6h,-20,20,5,0,20,-20
6300,2100,0,BTN,0,3,True,Ks 6c 2h 9d 3d,Td Th,-2000,2000,14,-2000,-275,2275
6301,2100,1,SB,0,3,True,Ks 6c 2h 9d 3d,Jc Qs,-88,88,12,-1540,-88,1628
6302,2100,2,BB,0,3,True,Ks 6c 2h 9d 3d,6s Kd,2060,-2060,15,-2000,-60,2060
6303,2101,0,BTN,0,1,False,4h 8s 2h,7s 3s,0,0,6,0,-20,20
6304,2101,1,SB,0,0,False,,6c Qd,-10,10,2,0,-10,10
6305,2101,2,BB,0,1,False,4h 8s 2h,9h 8h,20,-20,6,0,-20,20
6306,2102,0,BTN,0,3,True,9c 5c Ks 5h 6s,Kh 4h,-2000,2000,15,-2000,4000,-2000
6307,2102,1,SB,0,0,False,,6h 5s,-10,10,2,0,-10,10
6308,2102,2,BB,0,3,True,9c 5c Ks 5h 6s,9h 8d,-1700,1700,10,0,1700,-1700
6309,2103,0,BTN,0,3,True,4h 7d Ks Jc 5s,4c 6c,0,0,9,0,1280,-1280
6310,2103,1,SB,0,0,False,,Kh 4s,-10,10,2,0,-10,10
6311,2103,2,BB,0,1,False,4h 7d Ks,4d As,-170,170,7,0,170,-170
6312,2104,0,BTN,0,3,True,5h As Qh 9s 9c,3d 3h,225,-225,9,225,-10,-215
6313,2104,1,SB,0,0,False,,5d 3c,-10,10,2,0,-10,10
6314,2104,2,BB,0,3,True,5h As Qh 9s 9c,Td Kc,-320,320,9,0,320,-320
6315,2105,0,BTN,0,3,False,Kc Jc 9h 4h 2d,3c Ah,0,0,9,0,20,-20
6316,2105,1,SB,0,0,False,,4s 2c,-10,10,2,0,-10,10
6317,2105,2,BB,0,3,False,Kc Jc 9h 4h 2d,8h 7c,-20,20,9,0,20,-20
6318,2106,0,BTN,0,1,False,7h 3c Jd,3s Ac,0,0,5,0,20,-20
6319,2106,1,SB,0,3,True,7h 3c Jd 7s Jh,6h 6c,-60,60,9,0,-60,60
6320,2106,2,BB,0,3,True,7h 3c Jd 7s Jh,Td 9d,680,-680,10,0,-680,680
6321,2107,0,BTN,0,3,True,Ad 6d 5s 8d 2c,6s Jd,0,0,10,0,-80,80
6322,2107,1,SB,0,1,False,Ad 6d 5s,Kh 7h,-60,60,6,0,-60,60
6323,2107,2,BB,0,3,True,Ad 6d 5s 8d 2c,3c 6c,60,-60,10,0,-60,60
6324,2108,0,BTN,0,0,False,,7s Qd,0,0,3,0,20,-20
6325,2108,1,SB,0,3,True,Kd 7c Ks Kc 9h,As Ac,2000.0,-2000.0,10,0.0,2000.0,-2000.0
6326,2108,2,BB,0,3,True,Kd 7c Ks Kc 9h,7h 8s,-2000.0,2000.0,8,0.0,2000.0,-2000.0
6327,2109,0,BTN,0,0,False,,Jh 8d,0,0,4,0,-20,20
6328,2109,1,SB,0,0,False,,Tc 5h,-10,10,2,0,-10,10
6329,2109,2,BB,0,1,False,5d Qd Th,7h Jd,-20,20,5,0,20,-20
6330,2110,0,BTN,0,3,True,2d 9d Qh 5d Qs,Jh 3s,0,0,11,0,-1520,1520
6331,2110,1,SB,0,0,False,,2c Kd,-10,10,2,0,-10,10
6332,2110,2,BB,0,3,True,2d 9d Qh 5d Qs,Jc 9c,2000,-2000,12,0,-2000,2000
6333,2111,0,BTN,0,1,False,3d 9h Th,8s 5d,0,0,6,0,-20,20
6334,2111,1,SB,0,2,False,3d 9h Th Kh,Qs 5s,-250,250,8,0,-250,250
6335,2111,2,BB,0,1,False,3d 9h Th,Td 8h,20,-20,6,0,-20,20
6336,2112,0,BTN,0,3,False,Jh 6d 9h 6h 5h,6s 2h,0,0,10,0,-20,20
6337,2112,1,SB,0,0,False,,7s 5d,-10,10,2,0,-10,10
6338,2112,2,BB,0,3,False,Jh 6d 9h 6h 5h,5s Qh,20,-20,10,0,-20,20
6339,2113,0,BTN,0,3,False,4s 8s Ts 3h 6d,Kd 9c,-132,132,10,-132,-10,142
6340,2113,1,SB,0,3,False,4s 8s Ts 3h 6d,Qc 3s,-10,10,9,-20,-10,30
6341,2113,2,BB,0,3,True,4s 8s Ts 3h 6d,2s 5d,80,-80,13,-20,-60,80
6342,2114,0,BTN,0,2,False,Kd 9h Qd 5d,6c Ts,0,0,9,0,-80,80
6343,2114,1,SB,0,2,False,Kd 9h Qd 5d,Js 7s,-300,300,9,0,-300,300
6344,2114,2,BB,0,3,False,Kd 9h Qd 5d 2h,Qc 9s,46,-46,11,0,-46,46
6345,2115,0,BTN,0,1,False,Js Jd 4d,8c 9s,0,0,5,0,20,-20
6346,2115,1,SB,0,0,False,,9h 4h,-10,10,2,0,-10,10
6347,2115,2,BB,0,1,False,Js Jd 4d,2c 5s,-20,20,5,0,20,-20
6348,2116,0,BTN,0,1,False,Tc 9c 6s,Kd 4c,0,0,5,0,20,-20
6349,2116,1,SB,0,2,False,Tc 9c 6s Js,Jh Th,60,-60,7,0,60,-60
6350,2116,2,BB,0,1,False,Tc 9c 6s,5c 3h,-20,20,5,0,20,-20
6351,2117,0,BTN,0,3,True,5s 2s 3s Qd Th,7h 2c,0,0,11,0,-1520,1520
6352,2117,1,SB,0,3,True,5s 2s 3s Qd Th,Js Ah,-1920,1920,12,0,-1920,1920
6353,2117,2,BB,0,3,True,5s 2s 3s Qd Th,9s Qs,986,-986,12,0,-986,986
6354,2118,0,BTN,0,0,False,,6d Th,0,0,4,0,-20,20
6355,2118,1,SB,0,0,False,,9c 5c,-10,10,2,0,-10,10
6356,2118,2,BB,0,1,False,Jc 2c 8c,3h Qd,-20,20,5,0,20,-20
6357,2119,0,BTN,0,3,True,6c 7h Th Ah Qc,6s Ts,577.8571428571427,-577.8571428571429,9,577.8571428571427,-10.0,-567.8571428571429
6358,2119,1,SB,0,0,False,,2d 3h,-10,10,2,0,-10,10
6359,2119,2,BB,0,2,False,6c 7h Th Ah,Ad Jh,20,-20,8,0,-20,20
6360,2120,0,BTN,0,1,False,Ah 7c Js,Ad 2c,0,0,6,0,-20,20
6361,2120,1,SB,0,0,False,,2d 5c,-10,10,2,0,-10,10
6362,2120,2,BB,0,3,True,Ah 7c Js Qd Kc,7d 3d,20,-20,9,0,-20,20
6363,2121,0,BTN,0,3,False,Jc 4s 7s Ts Ks,Ah 7d,-350,350,9,-350,370,-20
6364,2121,1,SB,0,0,False,,Th As,20,-20,3,0,20,-20
6365,2121,2,BB,0,3,False,Jc 4s 7s Ts Ks,Tc 5c,-240,240,10,0,240,-240
6366,2122,0,BTN,0,3,True,9s Qc 9c 3d 3h,2c 4h,0,0,11,0,-1704,1704
6367,2122,1,SB,0,1,False,9s Qc 9c,Jh Ad,60,-60,5,0,60,-60
6368,2122,2,BB,0,3,True,9s Qc 9c 3d 3h,4d 3c,400,-400,10,0,-400,400
6369,2123,0,BTN,0,1,False,4d 4s 6s,9c Kc,-50,50,5,-50,-10,60
6370,2123,1,SB,0,2,False,4d 4s 6s 8s,Qs 6d,-10,10,7,-95,-10,105
6371,2123,2,BB,0,3,True,4d 4s 6s 8s Qd,6c 9s,-1910,1910,10,-20,1930,-1910
6372,2124,0,BTN,0,3,True,6s 2d Ah Kc Qd,Kh 4s,0,0,9,0,20,-20
6373,2124,1,SB,0,2,False,6s 2d Ah Kc,9d 8c,60,-60,7,0,60,-60
6374,2124,2,BB,0,3,True,6s 2d Ah Kc Qd,7d 8s,-20,20,9,0,20,-20
6375,2125,0,BTN,0,3,True,2d 7h 9h 7s 5s,6d 4s,0,0,10,0,-120,120
6376,2125,1,SB,0,0,False,,3d Jh,-10,10,2,0,-10,10
6377,2125,2,BB,0,3,True,2d 7h 9h 7s 5s,As Qc,20,-20,9,0,-20,20
6378,2126,0,BTN,0,2,False,Qs Qd Tc Td,Ah Jd,-380,380,8,-380,-10,390
6379,2126,1,SB,0,3,True,Qs Qd Tc Td 9c,7d 3h,-10,10,10,-1995,-10,2005
6380,2126,2,BB,0,3,True,Qs Qd Tc Td 9c,Kh Jc,2020,-2020,15,-2000,-20,2020
6381,2127,0,BTN,0,2,False,7h Kd 2d Td,Js Qs,60,-60,8,60,-10,-50
6382,2127,1,SB,0,0,False,,6c 2h,-10,10,2,0,-10,10
6383,2127,2,BB,0,3,False,7h Kd 2d Td 7c,4c 9c,-20,20,9,0,20,-20
6384,2128,0,BTN,0,3,True,4c 4h Js Jh 6d,Jd 7d,216,-216,11,216,-10,-206
6385,2128,1,SB,0,1,False,4c 4h Js,9h 6h,-88,88,7,108,-88,-20
6386,2128,2,BB,0,1,False,4c 4h Js,2h Qs,-20,20,8,40,-20,-20
6387,2129,0,BTN,0,1,False,6s 5d Ah,4c 3s,0,0,5,0,20,-20
6388,2129,1,SB,0,0,False,,2d Ac,-10,10,2,0,-10,10
6389,2129,2,BB,0,1,False,6s 5d Ah,Tc 2h,-20,20,5,0,20,-20
6390,2130,0,BTN,0,3,False,2h Kh 6c 9s Jh,Qd Ad,-50,50,13,-50,-275,325
6391,2130,1,SB,0,2,False,2h Kh 6c 9s,7d Ac,-154,154,12,242,-154,-88
6392,2130,2,BB,0,3,True,2h Kh 6c 9s Jh,9d 7h,-20,20,13,210,-190,-20
6393,2131,0,BTN,0,2,False,7h 2h 9h 3c,Jh 9d,60,-60,8,60,-10,-50
6394,2131,1,SB,0,3,True,7h 2h 9h 3c 5d,9s Qc,2020,-2020,12,-2000,2020,-20
6395,2131,2,BB,0,3,True,7h 2h 9h 3c 5d,8s 4c,-20,20,13,-1694,1714,-20
6396,2132,0,BTN,0,3,True,5d 3h 7h 4s 2h,Qc 3s,0,0,10,0,-480,480
6397,2132,1,SB,0,0,False,,8d 5s,-10,10,2,0,-10,10
6398,2132,2,BB,0,3,True,5d 3h 7h 4s 2h,7c Qd,160,-160,9,0,-160,160
6399,2133,0,BTN,0,2,False,Kc Ad 6s 5c,2s 9d,0,0,8,0,-20,20
6400,2133,1,SB,0,0,False,,Jd 3d,-10,10,2,0,-10,10
6401,2133,2,BB,0,3,True,Kc Ad 6s 5c Js,3c 5s,-80,80,9,0,80,-80
6402,2134,0,BTN,0,2,False,8c Qh 7s 5s,7h Kd,0,0,8,0,-20,20
6403,2134,1,SB,0,3,True,8c Qh 7s 5s Td,2h Js,-10,10,11,-1895,-10,1905
6404,2134,2,BB,0,3,True,8c Qh 7s 5s Td,7c 5c,172,-172,12,-152,-20,172
6405,2135,0,BTN,0,3,True,Qs Td 3d 7c 3h,Qd Ac,801,-801,12,801,-10,-791
6406,2135,1,SB,0,0,False,,Tc 5d,-10,10,2,0,-10,10
6407,2135,2,BB,0,1,False,Qs Td 3d,As 2h,-20,20,5,0,20,-20
6408,2136,0,BTN,0,3,True,Kc 4s 7c 9d 5h,4h Ac,-325,325,9,-325,-10,335
6409,2136,1,SB,0,0,False,,6h Td,-10,10,2,0,-10,10
6410,2136,2,BB,0,3,True,Kc 4s 7c 9d 5h,5c Qc,20,-20,9,0,-20,20
6411,2137,0,BTN,0,3,True,9c Qh Td 5c 8c,Kd Ad,-1502,1502,11,-1502,-10,1512
6412,2137,1,SB,0,3,True,9c Qh Td 5c 8c,Jd 8h,-10,10,11,-1595,-10,1605
6413,2137,2,BB,0,3,True,9c Qh Td 5c 8c,9h Qd,-2000,2000,13,-110,2110,-2000
6414,2138,0,BTN,0,3,True,Ks Qs 7c Jh Kd,3h 6c,0,0,9,0,-20,20
6415,2138,1,SB,0,0,False,,4s 3c,-10,10,2,0,-10,10
6416,2138,2,BB,0,1,False,Ks Qs 7c,5s Ts,20,-20,6,0,-20,20
6417,2139,0,BTN,0,1,False,Qc 8h Qs,Jc 4h,0,0,5,0,20,-20
6418,2139,1,SB,0,0,False,,6h Qd,-10,10,2,0,-10,10
6419,2139,2,BB,0,1,False,Qc 8h Qs,7d 5h,-20,20,5,0,20,-20
6420,2140,0,BTN,0,2,False,4c 3h 6h Td,Kd 7d,-230,230,7,-230,250,-20
6421,2140,1,SB,0,3,True,4c 3h 6h Td 2s,Qh Qc,255,-255,10,-235,255,-20
6422,2140,2,BB,0,2,False,4c 3h 6h Td,9c 2c,-20,20,9,-20,40,-20
6423,2141,0,BTN,0,1,False,Ts 3h 4s,6d Qd,-50,50,5,-50,-10,60
6424,2141,1,SB,0,0,False,,3d 9s,-10,10,2,0,-10,10
6425,2141,2,BB,0,3,True,Ts 3h 4s Js 4h,Th Jc,557,-557,11,0,-557,557
6426,2142,0,BTN,0,3,True,Kc 8s Qd Jh 9d,4d 5d,-50,50,11,-50,1450,-1400
6427,2142,1,SB,0,3,True,Kc 8s Qd Jh 9d,3s Ks,1142.8571428571427,-1142.857142857143,10,0.0,1142.8571428571427,-1142.857142857143
6428,2142,2,BB,0,3,True,Kc 8s Qd Jh 9d,Qs Ac,-1280,1280,9,0,1280,-1280
6429,2143,0,BTN,0,1,False,7h Jh 3c,9d 2h,0,0,5,0,20,-20
6430,2143,1,SB,0,3,True,7h Jh 3c 6d 4s,6s Js,2000,-2000,12,0,2000,-2000
6431,2143,2,BB,0,1,False,7h Jh 3c,9s 6c,-20,20,5,0,20,-20
6432,2144,0,BTN,0,3,True,3h Th 8h Qh 2d,Kd Ts,60,-60,9,60,-10,-50
6433,2144,1,SB,0,0,False,,4h Jc,-10,10,2,0,-10,10
6434,2144,2,BB,0,3,False,3h Th 8h Qh 2d,Jd 8d,-320,320,10,0,320,-320
6435,2145,0,BTN,0,2,False,4d 5d 8s Ad,4c Js,0,0,8,0,-20,20
6436,2145,1,SB,0,2,False,4d 5d 8s Ad,Jc Kh,-60,60,8,0,-60,60
6437,2145,2,BB,0,3,True,4d 5d 8s Ad 9c,Td 2d,432,-432,12,0,-432,432
6438,2146,0,BTN,0,3,True,8d 2d Kc Qd 3d,Ad Qc,2010,-2010,10,2010,-10,-2000
6439,2146,1,SB,0,0,False,,6h 2s,-10,10,2,0,-10,10
6440,2146,2,BB,0,3,True,8d 2d Kc Qd 3d,Qh Th,46,-46,10,0,-46,46
6441,2147,0,BTN,0,3,False,Kh Qh 3h 9d 5s,Jh Ts,60,-60,10,60,-10,-50
6442,2147,1,SB,0,1,False,Kh Qh 3h,6h Th,60,-60,5,0,60,-60
6443,2147,2,BB,0,1,False,Kh Qh 3h,4s 7s,-20,20,5,0,20,-20
6444,2148,0,BTN,0,1,False,7h Kc 6s,3d Jd,0,0,5,0,20,-20
6445,2148,1,SB,0,1,False,7h Kc 6s,8c Kd,108,-108,6,-88,108,-20
6446,2148,2,BB,0,1,False,7h Kc 6s,3s 9d,-20,20,6,-20,40,-20
6447,2149,0,BTN,0,3,True,Ks 7c 2s Kc 5s,Qs Td,-50,50,12,-50,-1967,2017
6448,2149,1,SB,0,2,False,Ks 7c 2s Kc,Ad Jh,-240,240,9,0,-240,240
6449,2149,2,BB,0,3,True,Ks 7c 2s Kc 5s,Jd 7s,1067,-1067,12,0,-1067,1067
6450,2150,0,BTN,0,3,True,8h Tc 3h Ac 7c,6s As,1819.0476190476193,-1819.047619047619,8,1819.0476190476193,-10.0,-1809.047619047619
6451,2150,1,SB,0,3,True,8h Tc 3h Ac 7c,7h Qd,-10,10,10,1905,-10,-1895
6452,2150,2,BB,0,3,True,8h Tc 3h Ac 7c,6d 8s,-470,470,14,490,-20,-470
6453,2151,0,BTN,0,2,False,Ad As 3s Qh,Ks 6h,0,0,10,0,-480,480
6454,2151,1,SB,0,3,True,Ad As 3s Qh Tc,Js 7d,-10,10,10,-1995,-10,2005
6455,2151,2,BB,0,3,False,Ad As 3s Qh Tc,Th Kc,40,-40,13,-20,-20,40
6456,2152,0,BTN,0,1,False,Td 3h 7d,3s 7h,0,0,5,0,20,-20
6457,2152,1,SB,0,2,False,Td 3h 7d Ad,Kd Th,60,-60,7,0,60,-60
6458,2152,2,BB,0,1,False,Td 3h 7d,5c 4c,-170,170,7,0,170,-170
6459,2153,0,BTN,0,1,False,7s 4c Tc,2s Th,0,0,5,0,120,-120
6460,2153,1,SB,0,3,False,7s 4c Tc 9s 5d,Ad As,60,-60,9,0,60,-60
6461,2153,2,BB,0,0,False,,6s Jh,-20,20,3,0,20,-20
6462,2154,0,BTN,0,3,False,Qc 4s Qd 8d 9s,9d 4c,0,0,9,0,20,-20
6463,2154,1,SB,0,0,False,,3d 9c,-10,10,2,0,-10,10
6464,2154,2,BB,0,3,False,Qc 4s Qd 8d 9s,5h Jh,-20,20,9,0,20,-20
6465,2155,0,BTN,0,3,True,2d 9h Td Qs 6d,6s 4h,0,0,11,0,-1704,1704
6466,2155,1,SB,0,0,False,,7s Qd,-10,10,2,0,-10,10
6467,2155,2,BB,0,3,True,2d 9h Td Qs 6d,Qc Kh,1714.2857142857142,-1714.2857142857142,10,0.0,-1714.2857142857142,1714.2857142857142
6468,2156,0,BTN,0,2,False,Qh 8d 2s 2c,Jc 9s,-215,215,7,-215,-10,225
6469,2156,1,SB,0,3,False,Qh 8d 2s 2c 6s,3c 2d,-10,10,9,-395,-10,405
6470,2156,2,BB,0,3,False,Qh 8d 2s 2c 6s,8h 6c,30,-30,9,-20,-10,30
6471,2157,0,BTN,0,2,False,Jh 9c 6c Ah,8d 4d,0,0,8,0,-20,20
6472,2157,1,SB,0,0,False,,2c 7s,-10,10,2,0,-10,10
6473,2157,2,BB,0,1,False,Jh 9c 6c,Ac 3h,20,-20,6,0,-20,20
6474,2158,0,BTN,0,2,False,5s 8d 9c 5d,Ks Tc,-230,230,7,-230,250,-20
6475,2158,1,SB,0,0,False,,Kd 8c,20,-20,3,0,20,-20
6476,2158,2,BB,0,3,True,5s 8d 9c 5d Qh,4d 9h,320,-320,9,0,-320,320
6477,2159,0,BTN,0,3,True,6d 6c Ts 3c 5s,Kd Tc,2275,-2275,16,2275,-275,-2000
6478,2159,1,SB,0,2,False,6d 6c Ts 3c,9c Ad,-240,240,9,0,-240,240
6479,2159,2,BB,0,3,True,6d 6c Ts 3c 5s,8c Th,986,-986,12,0,-986,986
6480,2160,0,BTN,0,3,True,Th Ah 7h Jh 8h,4d 9h,0,0,9,0,0,0
6481,2160,1,SB,0,0,False,,3s 8d,-10,10,2,0,-10,10
6482,2160,2,BB,0,3,True,Th Ah 7h Jh 8h,4s 2s,0,0,9,0,0,0
6483,2161,0,BTN,0,3,True,7s 6s Js As Th,Jd Kc,-1639,1639,10,-1639,-10,1649
6484,2161,1,SB,0,3,True,7s 6s Js As Th,9s 5d,-10,10,10,-1595,-10,1605
6485,2161,2,BB,0,3,True,7s 6s Js As Th,8c Ah,-20,20,11,-470,490,-20
6486,2162,0,BTN,0,1,False,Kd 6d 7c,5h 3c,0,0,6,0,-20,20
6487,2162,1,SB,0,0,False,,4c Qs,-10,10,2,0,-10,10
6488,2162,2,BB,0,2,False,Kd 6d 7c 9h,5d 8d,20,-20,8,0,-20,20
6489,2163,0,BTN,0,3,True,Ad Kc 5c 3s Jc,6h Qd,0,0,9,0,20,-20
6490,2163,1,SB,0,0,False,,2h 8c,-10,10,2,0,-10,10
6491,2163,2,BB,0,3,True,Ad Kc 5c 3s Jc,7h 6d,-20,20,9,0,20,-20
6492,2164,0,BTN,0,1,False,9c 4h 8c,As 9s,60,-60,6,60,-10,-50
6493,2164,1,SB,0,1,False,9c 4h 8c,4c 9d,-10,10,6,30,-10,-20
6494,2164,2,BB,0,3,True,9c 4h 8c Kc 2c,Td 2s,-20,20,12,-1910,1930,-20
6495,2165,0,BTN,0,2,False,Tc 8c 2c 9c,Jd Kh,60,-60,8,60,-10,-50
6496,2165,1,SB,0,3,True,Tc 8c 2c 9c Ah,4c Qs,-10,10,10,130,-10,-120
6497,2165,2,BB,0,3,True,Tc 8c 2c 9c Ah,3h 4d,-20,20,12,-20,40,-20
6498,2166,0,BTN,0,3,True,4d Jh Qs Js Kc,As 3s,-1967,1967,10,-1967,2017,-50
6499,2166,1,SB,0,3,False,4d Jh Qs Js Kc,Kh Jc,250,-250,9,0,250,-250
6500,2166,2,BB,0,1,False,4d Jh Qs,Td 6h,-20,20,5,0,20,-20
6501,2167,0,BTN,0,3,True,Ah 9c Ac Qs 3s,2d 2s,-50,50,12,-50,-50,100
6502,2167,1,SB,0,0,False,,6s Jd,-10,10,2,0,-10,10
6503,2167,2,BB,0,3,False,Ah 9c Ac Qs 3s,9d 4d,20,-20,10,0,-20,20
6504,2168,0,BTN,0,1,False,Kc 4h Ks,Jd 5s,0,0,6,0,-20,20
6505,2168,1,SB,0,2,False,Kc 4h Ks As,7c 6c,-250,250,8,0,-250,250
6506,2168,2,BB,0,2,False,Kc 4h Ks As,5c Ah,20,-20,8,0,-20,20
6507,2169,0,BTN,0,1,False,3h Kd Ts,8d Jh,-50,50,5,-50,-10,60
6508,2169,1,SB,0,0,False,,2h Qd,-10,10,2,0,-10,10
6509,2169,2,BB,0,3,True,3h Kd Ts 3c Qs,Qc Jc,0,0,9,0,0,0
6510,2170,0,BTN,0,3,True,As 4c 2h 8c 3c,7h 2s,0,0,11,0,-1604,1604
6511,2170,1,SB,0,3,True,As 4c 2h 8c 3c,Qc Ah,-1920,1920,12,0,-1920,1920
6512,2170,2,BB,0,3,True,As 4c 2h 8c 3c,5s 3d,1800.0,-1800.0,8,0.0,-1800.0,1800.0
6513,2171,0,BTN,0,3,False,Jd 4s Kc 7h Tc,7d 7s,610,-610,12,610,-590,-20
6514,2171,1,SB,0,0,False,,6h Ad,-88,88,5,108,-88,-20
6515,2171,2,BB,0,3,True,Jd 4s Kc 7h Tc,4c Qd,-470,470,14,490,-20,-470
6516,2172,0,BTN,0,3,True,Ac 3s 4s 4c Ks,8s 6s,2050,-2050,11,2050,-2000,-50
6517,2172,1,SB,0,3,False,Ac 3s 4s 4c Ks,Tc Ad,60,-60,9,0,60,-60
6518,2172,2,BB,0,1,False,Ac 3s 4s,Jh 7c,-20,20,5,0,20,-20
6519,2173,0,BTN,0,1,False,7s 7d 9c,5c 2s,0,0,6,0,-20,20
6520,2173,1,SB,0,0,False,,2c 5h,-10,10,2,0,-10,10
6521,2173,2,BB,0,3,True,7s 7d 9c Tc 9s,4s Ad,20,-20,9,0,-20,20
6522,2174,0,BTN,0,1,False,Jc 6h 6c,Ad 2d,60,-60,6,60,-10,-50
6523,2174,1,SB,0,0,False,,3c 8h,-10,10,2,0,-10,10
6524,2174,2,BB,0,3,True,Jc 6h 6c Ts Ac,2c 8d,0,0,9,0,0,0
6525,2175,0,BTN,0,1,False,7d Js Ts,Kh 6s,0,0,6,0,120,-120
6526,2175,1,SB,0,2,False,7d Js Ts 5d,Qh Jd,255,-255,8,-235,255,-20
6527,2175,2,BB,0,1,False,7d Js Ts,2c Kc,-20,20,6,-20,40,-20
6528,2176,0,BTN,0,3,True,Qh 6s 4d 5h 6c,Qs Ah,801,-801,12,801,-10,-791
6529,2176,1,SB,0,0,False,,Kc 2s,-10,10,2,0,-10,10
6530,2176,2,BB,0,3,True,Qh 6s 4d 5h 6c,Ad Jh,20,-20,9,0,-20,20
6531,2177,0,BTN,0,3,True,5d 7c 6d 9d Kd,5h 7s,0,0,11,0,60,-60
6532,2177,1,SB,0,2,False,5d 7c 6d 9d,Jc Kc,-90,90,9,0,-90,90
6533,2177,2,BB,0,3,False,5d 7c 6d 9d Kd,Th 6h,-20,20,9,0,20,-20
6534,2178,0,BTN,0,0,False,,Jd 6s,0,0,4,0,-20,20
6535,2178,1,SB,0,0,False,,8h 2s,-10,10,2,0,-10,10
6536,2178,2,BB,0,1,False,7s 3c Ah,Ac Jh,20,-20,6,0,-20,20
6537,2179,0,BTN,0,0,False,,3h 2d,0,0,3,0,20,-20
6538,2179,1,SB,0,3,True,4d Ts Kc 5c 8d,Jh Js,-2000,2000,12,0,-2000,2000
6539,2179,2,BB,0,1,False,4d Ts Kc,5d 4c,-120,120,5,0,120,-120
6540,2180,0,BTN,0,2,False,6s 5c 6h 9h,Th Kc,60,-60,8,60,-10,-50
6541,2180,1,SB,0,0,False,,3d 4c,-10,10,2,0,-10,10
6542,2180,2,BB,0,1,False,6s 5c 6h,Td 7c,20,-20,6,0,-20,20
6543,2181,0,BTN,0,3,True,8c Kc Qc Jd Jc,9c 2s,0,0,11,0,-1520,1520
6544,2181,1,SB,0,0,False,,Td 8s,-10,10,2,0,-10,10
6545,2181,2,BB,0,3,True,8c Kc Qc Jd Jc,Ts Qh,320,-320,10,0,-320,320
6546,2182,0,BTN,0,3,False,7d 8d 2c 4h 9c,7c Jd,0,0,10,0,-20,20
6547,2182,1,SB,0,1,False,7d 8d 2c,5h Js,-10,10,6,30,-10,-20
6548,2182,2,BB,0,3,True,7d 8d 2c 4h 9c,9h Qh,80,-80,13,-60,-20,80
6549,2183,0,BTN,0,2,False,6h 5d 6s 2h,Ah Jh,96,-96,9,96,-10,-86
6550,2183,1,SB,0,3,True,6h 5d 6s 2h 6c,Qs 5s,2020,-2020,12,-2000,2020,-20
6551,2183,2,BB,0,3,True,6h 5d 6s 2h 6c,3s Th,-20,20,14,-1910,1930,-20
6552,2184,0,BTN,0,2,False,9d 5s Qh Td,As Ad,96,-96,9,96,-10,-86
6553,2184,1,SB,0,1,False,9d 5s Qh,2d Th,-10,10,6,130,-10,-120
6554,2184,2,BB,0,0,False,,6h 8d,-20,20,3,30,-10,-20
6555,2185,0,BTN,0,1,False,6c Th 2d,Js Td,100,-100,8,100,-50,-50
6556,2185,1,SB,0,0,False,,Jd 3d,-10,10,2,0,-10,10
6557,2185,2,BB,0,3,True,6c Th 2d 8h 3h,Qh 5s,-20,20,9,0,20,-20
6558,2186,0,BTN,0,2,False,Qc 2d Js Ts,9s 5s,0,0,8,0,-20,20
6559,2186,1,SB,0,0,False,,8c 4h,-10,10,2,0,-10,10
6560,2186,2,BB,0,3,True,Qc 2d Js Ts 3s,4c Th,20,-20,9,0,-20,20
6561,2187,0,BTN,0,3,False,8d 8s 2c 6d Qh,5d Qd,100,-100,14,100,-50,-50
6562,2187,1,SB,0,3,True,8d 8s 2c 6d Qh,9s Kh,60,-60,9,0,60,-60
6563,2187,2,BB,0,3,True,8d 8s 2c 6d Qh,Jd 3c,-40,40,9,0,40,-40
6564,2188,0,BTN,0,3,False,8c 3s 7d 2s Qh,8h 6c,0,0,9,0,20,-20
6565,2188,1,SB,0,0,False,,6d Qc,-10,10,2,0,-10,10
6566,2188,2,BB,0,1,False,8c 3s 7d,As 5h,20,-20,6,0,-20,20
6567,2189,0,BTN,0,1,False,Qd As Ts,Qh 8h,-380,380,7,-380,-10,390
6568,2189,1,SB,0,0,False,,4d 7h,-10,10,2,0,-10,10
6569,2189,2,BB,0,3,False,Qd As Ts 8c 5d,Td 5s,20,-20,10,0,-20,20
6570,2190,0,BTN,0,3,True,7d Ah Qs 5h 6d,9d Tc,-50,50,10,-50,2017,-1967
6571,2190,1,SB,0,3,True,7d Ah Qs 5h 6d,Ad Kd,1523.8095238095239,-1523.8095238095239,10,0.0,1523.8095238095239,-1523.8095238095239
6572,2190,2,BB,0,1,False,7d Ah Qs,7c 8d,-120,120,5,0,120,-120
6573,2191,0,BTN,0,3,False,Ah 4c 2s Qs 3h,Js Kh,-875,875,9,-875,-10,885
6574,2191,1,SB,0,3,False,Ah 4c 2s Qs 3h,5c Qd,-10,10,9,-395,-10,405
6575,2191,2,BB,0,3,True,Ah 4c 2s Qs 3h,Ad 5s,30,-30,13,-60,30,30
6576,2192,0,BTN,0,1,False,Kd Th 2c,2d 6c,0,0,6,0,-20,20
6577,2192,1,SB,0,0,False,,8h 6d,-10,10,2,0,-10,10
6578,2192,2,BB,0,3,True,Kd Th 2c 9c Qc,Ad 7c,20,-20,9,0,-20,20
6579,2193,0,BTN,0,1,False,9h 3s Qh,6c As,-50,50,5,-50,-10,60
6580,2193,1,SB,0,0,False,,7s Qd,-10,10,2,0,-10,10
6581,2193,2,BB,0,3,True,9h 3s Qh 8h Ts,9s 2c,-320,320,9,0,320,-320
6582,2194,0,BTN,0,3,True,Tc 6d Ks 4d 9h,5s 9d,0,0,10,0,1520,-1520
6583,2194,1,SB,0,0,False,,Kc 4s,-10,10,2,0,-10,10
6584,2194,2,BB,0,3,True,Tc 6d Ks 4d 9h,Ts 4c,-1809.5238095238096,1809.5238095238096,10,0.0,1809.5238095238096,-1809.5238095238096
6585,2195,0,BTN,0,3,True,3s Td 2c 3c Ks,Kd 2d,-50,50,12,-50,-1175,1225
6586,2195,1,SB,0,3,True,3s Td 2c 3c Ks,5c Kc,-2000,2000,12,0,-2000,2000
6587,2195,2,BB,0,3,True,3s Td 2c 3c Ks,3d 6s,2000,-2000,11,0,-2000,2000
6588,2196,0,BTN,0,1,False,4s Jd As,8s 5c,0,0,6,0,-20,20
6589,2196,1,SB,0,1,False,4s Jd As,9s Th,-100,100,6,0,-100,100
6590,2196,2,BB,0,3,True,4s Jd As Kc Qc,6h Ah,-184,184,10,0,184,-184
6591,2197,0,BTN,0,2,False,4s Qd 2h 8h,Js Jh,60,-60,8,60,-10,-50
6592,2197,1,SB,0,1,False,4s Qd 2h,Kd 4c,-10,10,6,30,-10,-20
6593,2197,2,BB,0,3,True,4s Qd 2h 8h 3s,Td Jc,-20,20,12,1860,-1840,-20
6594,2198,0,BTN,0,0,False,,9h 5h,0,0,3,0,20,-20
6595,2198,1,SB,0,1,False,3s 6d 4c,Ad Ac,60,-60,5,0,60,-60
6596,2198,2,BB,0,2,False,3s 6d 4c 2d,9d Th,-480,480,7,0,480,-480
6597,2199,0,BTN,0,3,True,Qh 7s 6h Qc Qd,5h 2h,0,0,10,0,1520,-1520
6598,2199,1,SB,0,3,True,Qh 7s 6h Qc Qd,7c Jc,2000,-2000,10,0,2000,-2000
6599,2199,2,BB,0,1,False,Qh 7s 6h,Ks 6d,-20,20,5,0,20,-20
6600,2200,0,BTN,0,1,False,4h 7c 8c,3d Qc,0,0,5,0,20,-20
6601,2200,1,SB,0,3,True,4h 7c 8c 7s 9d,Td Ac,60,-60,9,0,60,-60
6602,2200,2,BB,0,3,True,4h 7c 8c 7s 9d,2h 3h,-80,80,9,0,80,-80
6603,2201,0,BTN,0,1,False,Ah Ad As,Qs Th,-380,380,7,-380,-10,390
6604,2201,1,SB,0,0,False,,6s 3d,-10,10,2,0,-10,10
6605,2201,2,BB,0,1,False,Ah Ad As,Ac Tc,20,-20,6,0,-20,20
6606,2202,0,BTN,0,3,True,Qs 6s 2d Ac Qd,Kd 6c,0,0,11,0,-1280,1280
6607,2202,1,SB,0,3,True,Qs 6s 2d Ac Qd,9h 2h,-10,10,10,-1895,-10,1905
6608,2202,2,BB,0,3,True,Qs 6s 2d Ac Qd,Qc 8h,2060,-2060,15,-2000,-60,2060
6609,2203,0,BTN,0,2,False,Kd Qd 6c Js,5c 4h,0,0,7,0,20,-20
6610,2203,1,SB,0,2,False,Kd Qd 6c Js,Th 9s,100,-100,7,0,100,-100
6611,2203,2,BB,0,2,False,Kd Qd 6c Js,8s 9h,-20,20,7,0,20,-20
6612,2204,0,BTN,0,3,True,7s 6s Td Qc 8s,7c 5c,-1755,1755,9,-1755,-10,1765
6613,2204,1,SB,0,0,False,,2s Jh,-10,10,2,0,-10,10
6614,2204,2,BB,0,2,False,7s 6s Td Qc,Ad Qh,20,-20,8,0,-20,20
6615,2205,0,BTN,0,3,True,6c 8h 5s 9c Ac,Jc 4h,0,0,9,0,-20,20
6616,2205,1,SB,0,0,False,,2c 3d,-10,10,2,0,-10,10
6617,2205,2,BB,0,3,True,6c 8h 5s 9c Ac,6d 2s,20,-20,9,0,-20,20
6618,2206,0,BTN,0,1,False,Ah 7c 3c,4c Td,0,0,6,0,-20,20
6619,2206,1,SB,0,0,False,,6c Ts,-10,10,2,0,-10,10
6620,2206,2,BB,0,2,False,Ah 7c 3c 5s,3s 5c,20,-20,8,0,-20,20
6621,2207,0,BTN,0,3,False,Kh 9d Jd Ts 2c,Qd Jh,60,-60,10,60,-10,-50
6622,2207,1,SB,0,0,False,,3c 2s,-10,10,2,0,-10,10
6623,2207,2,BB,0,1,False,Kh 9d Jd,Ah 8d,20,-20,6,0,-20,20
6624,2208,0,BTN,0,0,False,,8s 2h,0,0,4,0,-20,20
6625,2208,1,SB,0,0,False,,4d 2s,-10,10,2,0,-10,10
6626,2208,2,BB,0,2,False,6d 5h 9c 4s,Ts Ad,-20,20,7,0,20,-20
6627,2209,0,BTN,0,3,True,8d 3c 3d 5d 9h,7c Qs,0,0,10,0,120,-120
6628,2209,1,SB,0,2,False,8d 3c 3d 5d,Ts As,-90,90,9,0,-90,90
6629,2209,2,BB,0,3,True,8d 3c 3d 5d 9h,4d Ah,-360,360,10,0,360,-360
6630,2210,0,BTN,0,0,False,,8d 3s,0,0,4,0,-20,20
6631,2210,1,SB,0,0,False,,5h Tc,-10,10,2,0,-10,10
6632,2210,2,BB,0,2,False,3h 5c Jh 6h,Qd 4d,-80,80,7,0,80,-80
6633,2211,0,BTN,0,2,False,6s 8c 9s 6h,Th 5c,0,0,8,0,120,-120
6634,2211,1,SB,0,3,True,6s 8c 9s 6h 4h,Jh Ah,60,-60,9,0,60,-60
6635,2211,2,BB,0,2,False,6s 8c 9s 6h,Kd Jc,-20,20,7,0,20,-20
6636,2212,0,BTN,0,3,True,3h Td 8s Qh 8c,Kd 8h,2050,-2050,11,2050,-2000,-50
6637,2212,1,SB,0,0,False,,Ah Tc,20,-20,3,0,20,-20
6638,2212,2,BB,0,2,False,3h Td 8s Qh,7d 9s,-80,80,7,0,80,-80
6639,2213,0,BTN,0,3,True,9d Ac 7d 5s 6d,Td 7s,0,0,11,0,1704,-1704
6640,2213,1,SB,0,0,False,,9c Ad,-60,60,4,0,-60,60
6641,2213,2,BB,0,3,True,9d Ac 7d 5s 6d,Kh Ah,-1560.0,1560.0,8,0.0,1560.0,-1560.0
6642,2214,0,BTN,0,1,False,Jc Ks Qd,Tc 3d,0,0,6,0,-20,20
6643,2214,1,SB,0,0,False,,7c 2s,-10,10,2,0,-10,10
6644,2214,2,BB,0,3,True,Jc Ks Qd Td Ts,Qh 2h,20,-20,9,0,-20,20
6645,2215,0,BTN,0,2,False,Qh Ah Th 2h,9d Kh,298,-298,13,298,-149,-149
6646,2215,1,SB,0,3,True,Qh Ah Th 2h 4c,5c As,-1540,1540,14,1628,-1540,-88
6647,2215,2,BB,0,3,True,Qh Ah Th 2h 4c,8c Jc,-20,20,13,1930,-1910,-20
6648,2216,0,BTN,0,1,False,Ad 8c 4d,Jd 5s,0,0,6,0,120,-120
6649,2216,1,SB,0,0,False,,Js 4c,-10,10,2,0,-10,10
6650,2216,2,BB,0,1,False,Ad 8c 4d,3h Qs,-20,20,5,0,20,-20
6651,2217,0,BTN,0,3,False,Kh 4s 5c 5d Kc,6h Ad,100,-100,14,100,-50,-50
6652,2217,1,SB,0,0,False,,Jc 3d,-10,10,2,0,-10,10
6653,2217,2,BB,0,1,False,Kh 4s 5c,3h 3c,20,-20,6,0,-20,20
6654,2218,0,BTN,0,2,False,7h Jd 9c 8d,3c Tc,0,0,7,0,40,-40
6655,2218,1,SB,0,2,False,7h Jd 9c 8d,Td Ah,100,-100,7,0,100,-100
6656,2218,2,BB,0,2,False,7h Jd 9c 8d,Kd 2h,-40,40,7,0,40,-40
6657,2219,0,BTN,0,3,True,4s 8s Tc 6h 7s,Js 5c,0,0,11,0,-1520,1520
6658,2219,1,SB,0,0,False,,8d 2c,-10,10,2,0,-10,10
6659,2219,2,BB,0,3,True,4s 8s Tc 6h 7s,8h Qd,80,-80,9,0,-80,80
6660,2220,0,BTN,0,1,False,9c 4d 8d,Qs 3h,0,0,5,0,20,-20
6661,2220,1,SB,0,3,True,9c 4d 8d 7d 6d,8s 9d,580,-580,9,0,580,-580
6662,2220,2,BB,0,2,False,9c 4d 8d 7d,5c 7c,-80,80,7,0,80,-80
6663,2221,0,BTN,0,3,True,Qh 2d 4s 9c 2c,3s Kd,0,0,11,0,720,-720
6664,2221,1,SB,0,3,True,Qh 2d 4s 9c 2c,5d As,225,-225,10,0,225,-225
6665,2221,2,BB,0,3,True,Qh 2d 4s 9c 2c,Jh Kh,-120,120,9,0,120,-120
6666,2222,0,BTN,0,3,True,2c Ad Ac Kd Qd,9h Kh,0,0,15,0,0,0
6667,2222,1,SB,0,3,True,2c Ad Ac Kd Qd,5h Ks,-10,10,11,5,-10,5
6668,2222,2,BB,0,3,True,2c Ad Ac Kd Qd,Ts Kc,0,0,14,0,0,0
6669,2223,0,BTN,0,1,False,Qd 9h 3d,3s 8s,0,0,5,0,20,-20
6670,2223,1,SB,0,1,False,Qd 9h 3d,9c Tc,60,-60,5,0,60,-60
6671,2223,2,BB,0,1,False,Qd 9h 3d,2h 4c,-20,20,5,0,20,-20
6672,2224,0,BTN,0,1,False,Qs Ks 6d,4h 9s,0,0,5,0,20,-20
6673,2224,1,SB,0,1,False,Qs Ks 6d,Ah Ts,60,-60,5,0,60,-60
6674,2224,2,BB,0,1,False,Qs Ks 6d,8d 2d,-20,20,5,0,20,-20
6675,2225,0,BTN,0,3,True,8s Qh 7s 6c 8c,9h 8d,0,0,11,0,-1704,1704
6676,2225,1,SB,0,3,True,8s Qh 7s 6c 8c,Js As,-1992,1992,12,0,-1992,1992
6677,2225,2,BB,0,3,True,8s Qh 7s 6c 8c,4d Qd,742,-742,10,0,-742,742
6678,2226,0,BTN,0,1,False,2c 7c 8s,7d As,60,-60,6,60,-10,-50
6679,2226,1,SB,0,0,False,,6c 9h,-10,10,2,0,-10,10
6680,2226,2,BB,0,3,True,2c 7c 8s Td 5d,Ts 3c,-2000,2000,12,0,2000,-2000
6681,2227,0,BTN,0,2,False,6c Jh Kd Ac,9h Ts,-380,380,8,-380,-10,390
6682,2227,1,SB,0,0,False,,4d 3s,-10,10,2,0,-10,10
6683,2227,2,BB,0,2,False,6c Jh Kd Ac,Jc 8c,20,-20,8,0,-20,20
6684,2228,0,BTN,0,1,False,As 2c Jh,9d Qd,-50,50,5,-50,-10,60
6685,2228,1,SB,0,0,False,,9s 3c,-10,10,2,0,-10,10
6686,2228,2,BB,0,3,True,As 2c Jh Tc 5h,8h 8s,20,-20,9,0,-20,20
6687,2229,0,BTN,0,3,True,Kd Th 2s 5c Jh,Ts 4s,0,0,9,0,-20,20
6688,2229,1,SB,0,3,True,Kd Th 2s 5c Jh,As 4d,-60,60,9,0,-60,60
6689,2229,2,BB,0,3,True,Kd Th 2s 5c Jh,2h 7c,20,-20,9,0,-20,20
6690,2230,0,BTN,0,2,False,7s 6h 5s Kh,2h Qs,0,0,8,0,180,-180
6691,2230,1,SB,0,0,False,,Jd 6s,-10,10,2,0,-10,10
6692,2230,2,BB,0,2,False,7s 6h 5s Kh,Ah Ts,-20,20,7,0,20,-20
6693,2231,0,BTN,0,1,False,6c 4d 2c,Kh 8h,-50,50,5,-50,-10,60
6694,2231,1,SB,0,3,False,6c 4d 2c 3h 7h,2h 2d,809,-809,11,-88,809,-721
6695,2231,2,BB,0,1,False,6c 4d 2c,Ad Qc,-20,20,6,-20,40,-20
6696,2232,0,BTN,0,2,False,7s 9h 8c 6c,6h 3d,0,0,7,0,80,-80
6697,2232,1,SB,0,3,True,7s 9h 8c 6c 9s,Ks Td,348,-348,9,0,348,-348
6698,2232,2,BB,0,3,False,7s 9h 8c 6c 9s,2s 6s,-320,320,9,0,320,-320
6699,2233,0,BTN,0,1,False,4s 8c Ks,Ts Td,60,-60,6,60,-10,-50
6700,2233,1,SB,0,1,False,4s 8c Ks,7s Tc,-10,10,6,30,-10,-20
6701,2233,2,BB,0,1,False,4s 8c Ks,5c 3s,-20,20,8,40,-20,-20
6702,2234,0,BTN,0,3,True,8d Js 4s Ts 8h,Td As,-1967,1967,10,-1967,2017,-50
6703,2234,1,SB,0,0,False,,7d Jh,-10,10,2,0,-10,10
6704,2234,2,BB,0,1,False,8d Js 4s,5s Kc,-20,20,5,0,20,-20
6705,2235,0,BTN,0,3,False,Ah 8h 6d Kc Qh,8s 3d,0,0,10,0,-20,20
6706,2235,1,SB,0,0,False,,7c 4d,-10,10,2,0,-10,10
6707,2235,2,BB,0,1,False,Ah 8h 6d,9s Qd,20,-20,6,0,-20,20
6708,2236,0,BTN,0,3,True,Tc 3c 9h 2c 8c,7d Td,610,-610,10,610,-590,-20
6709,2236,1,SB,0,2,False,Tc 3c 9h 2c,Jh Ah,-240,240,9,0,-240,240
6710,2236,2,BB,0,3,True,Tc 3c 9h 2c 8c,4h Ts,186,-186,10,0,-186,186
6711,2237,0,BTN,0,3,True,8c 4d Td Th 9h,9d Kh,199,-199,14,199,-50,-149
6712,2237,1,SB,0,3,True,8c 4d Td Th 9h,Ks 5h,-10,10,11,505,-10,-495
6713,2237,2,BB,0,3,True,8c 4d Td Th 9h,2c 2d,-110,110,14,130,-20,-110
6714,2238,0,BTN,0,3,True,6s Ad Jd 9s Jh,9h 5d,0,0,10,0,-1520,1520
6715,2238,1,SB,0,0,False,,6c 4h,-10,10,2,0,-10,10
6716,2238,2,BB,0,3,True,6s Ad Jd 9s Jh,9c 6h,1856,-1856,10,0,-1856,1856
6717,2239,0,BTN,0,3,True,Qs 7s 2h 5h 9c,Kd Jc,60,-60,9,60,-10,-50
6718,2239,1,SB,0,3,True,Qs 7s 2h 5h 9c,7h 5c,-10,10,9,30,-10,-20
6719,2239,2,BB,0,2,False,Qs 7s 2h 5h,4c 6d,-20,20,8,-40,60,-20
6720,2240,0,BTN,0,0,False,,3s 7c,0,0,3,0,20,-20
6721,2240,1,SB,0,3,True,5d Qc Td 2h 7d,Kc Ah,100,-100,9,0,100,-100
6722,2240,2,BB,0,0,False,,8d 6h,-20,20,3,0,20,-20
6723,2241,0,BTN,0,2,False,4c 6h 3c 7h,8c 4s,0,0,8,0,-20,20
6724,2241,1,SB,0,2,False,4c 6h 3c 7h,Kc 9h,-150,150,8,0,-150,150
6725,2241,2,BB,0,2,False,4c 6h 3c 7h,Qs 5c,20,-20,8,0,-20,20
6726,2242,0,BTN,0,1,False,Tc Ad 2c,5s 7h,0,0,6,0,-20,20
6727,2242,1,SB,0,0,False,,5d 7s,-10,10,2,0,-10,10
6728,2242,2,BB,0,2,False,Tc Ad 2c 9c,6h Ah,20,-20,8,0,-20,20
6729,2243,0,BTN,0,1,False,8h 2c Jh,6d 3c,0,0,5,0,20,-20
6730,2243,1,SB,0,1,False,8h 2c Jh,Ts As,60,-60,5,0,60,-60
6731,2243,2,BB,0,3,True,8h 2c Jh 3d 5d,9s 3s,120,-120,9,0,-120,120
6732,2244,0,BTN,0,3,True,5d 2s Kc Td 8d,8c 6d,0,0,10,0,-120,120
6733,2244,1,SB,0,3,True,5d 2s Kc Td 8d,Jc 9h,-150,150,9,0,-150,150
6734,2244,2,BB,0,3,True,5d 2s Kc Td 8d,3s Qd,20,-20,9,0,-20,20
6735,2245,0,BTN,0,3,True,Tc Jd 4h 4c 9h,8h Ah,-1639,1639,10,-1639,-10,1649
6736,2245,1,SB,0,3,True,Tc Jd 4h 4c 9h,2c 6d,-10,10,11,-1995,-10,2005
6737,2245,2,BB,0,2,False,Tc Jd 4h 4c,3c 4s,40,-40,10,-20,-20,40
6738,2246,0,BTN,0,3,True,7s Th 9c Js Ad,5d Qh,0,0,11,0,-1704,1704
6739,2246,1,SB,0,0,False,,Jd 2s,-10,10,2,0,-10,10
6740,2246,2,BB,0,3,True,7s Th 9c Js Ad,Ks Qs,2000.0,-2000.0,10,0.0,-2000.0,2000.0
6741,2247,0,BTN,0,3,True,4s 8c 2h 5s 3h,Qh 2s,0,0,11,0,-1520,1520
6742,2247,1,SB,0,0,False,,4d 9h,-10,10,2,0,-10,10
6743,2247,2,BB,0,3,True,4s 8c 2h 5s 3h,7c 8d,240,-240,10,0,-240,240
6744,2248,0,BTN,0,3,True,5h Ad 2s Ks 7c,8d 8s,369,-369,10,369,-10,-359
6745,2248,1,SB,0,3,True,5h Ad 2s Ks 7c,Ac 3c,1328,-1328,10,-1308,1328,-20
6746,2248,2,BB,0,3,True,5h Ad 2s Ks 7c,Qc 7h,-20,20,10,-1910,1930,-20
6747,2249,0,BTN,0,3,True,6s Ac Kc 7d 2h,9s Qs,60,-60,9,60,-10,-50
6748,2249,1,SB,0,0,False,,Jc 2c,-10,10,2,0,-10,10
6749,2249,2,BB,0,3,True,6s Ac Kc 7d 2h,8c 5c,-20,20,9,0,20,-20
6750,2250,0,BTN,0,3,True,9d 5d 2h 4c 9s,5c Ks,0,0,10,0,480,-480
6751,2250,1,SB,0,0,False,,Qh 2d,-10,10,2,0,-10,10
6752,2250,2,BB,0,3,False,9d 5d 2h 4c 9s,Qd Kc,-40,40,9,0,40,-40
6753,2251,0,BTN,0,1,False,7s 3c Ah,Kh 3d,0,0,5,0,20,-20
6754,2251,1,SB,0,0,False,,Qc 3s,-10,10,2,0,-10,10
6755,2251,2,BB,0,1,False,7s 3c Ah,8h 2c,-20,20,5,0,20,-20
6756,2252,0,BTN,0,1,False,4s 5c 5d,5h 8d,0,0,6,0,-20,20
6757,2252,1,SB,0,1,False,4s 5c 5d,Ts 9s,-60,60,6,0,-60,60
6758,2252,2,BB,0,3,False,4s 5c 5d 8s 7d,5s Tc,107,-107,12,0,-107,107
6759,2253,0,BTN,0,3,True,6d Td 7h Ah 9s,Tc As,2050,-2050,14,2050,-50,-2000
6760,2253,1,SB,0,0,False,,5h Ks,-10,10,2,0,-10,10
6761,2253,2,BB,0,2,False,6d Td 7h Ah,Ad 4c,20,-20,8,0,-20,20
6762,2254,0,BTN,0,2,False,Jc 8c 7h 7d,2d 8s,0,0,9,0,-80,80
6763,2254,1,SB,0,0,False,,2c Ts,-10,10,2,0,-10,10
6764,2254,2,BB,0,2,False,Jc 8c 7h 7d,Td Js,20,-20,8,0,-20,20
6765,2255,0,BTN,0,3,True,Kd 8s 9h 2s 8h,Ts 3d,0,0,10,0,1520,-1520
6766,2255,1,SB,0,2,False,Kd 8s 9h 2s,5c 8c,-240,240,9,0,-240,240
6767,2255,2,BB,0,3,True,Kd 8s 9h 2s 8h,6s Kc,-2000,2000,10,0,2000,-2000
6768,2256,0,BTN,0,1,False,8d Ks Ac,5h Tc,0,0,5,0,20,-20
6769,2256,1,SB,0,0,False,,3d Ah,-10,10,2,0,-10,10
6770,2256,2,BB,0,1,False,8d Ks Ac,3s 2h,-20,20,5,0,20,-20
6771,2257,0,BTN,0,3,False,8s Qd Qh 9s Jd,6s Kd,0,0,10,0,-20,20
6772,2257,1,SB,0,3,False,8s Qd Qh 9s Jd,Kh 5d,-10,10,9,-20,-10,30
6773,2257,2,BB,0,3,False,8s Qd Qh 9s Jd,3d Ts,40,-40,13,-20,-20,40
6774,2258,0,BTN,0,3,True,Ks 8c 5d Ah Qc,Qd 7h,0,0,10,0,1520,-1520
6775,2258,1,SB,0,3,True,Ks 8c 5d Ah Qc,Js As,2000,-2000,11,0,2000,-2000
6776,2258,2,BB,0,3,True,Ks 8c 5d Ah Qc,6s Ac,-2000,2000,10,0,2000,-2000
6777,2259,0,BTN,0,2,False,4h 8d 5d Js,Kd Jc,100,-100,11,100,-50,-50
6778,2259,1,SB,0,2,False,4h 8d 5d Js,Ks 7c,-10,10,8,30,-10,-20
6779,2259,2,BB,0,2,False,4h 8d 5d Js,9s Tc,-20,20,11,40,-20,-20
6780,2260,0,BTN,0,3,True,Jh 3h 9s Qc Tc,6d Ks,0,0,10,0,-1520,1520
6781,2260,1,SB,0,1,False,Jh 3h 9s,5h 9h,-10,10,5,-20,-10,30
6782,2260,2,BB,0,3,True,Jh 3h 9s Qc Tc,6s Js,490,-490,10,-20,-470,490
6783,2261,0,BTN,0,3,True,9s 5s 4s Ad 8s,Ah 3c,199,-199,13,199,-50,-149
6784,2261,1,SB,0,0,False,,Js 3h,-10,10,2,0,-10,10
6785,2261,2,BB,0,3,False,9s 5s 4s Ad 8s,Th 5c,-40,40,9,0,40,-40
6786,2262,0,BTN,0,1,False,Kd Tc Qh,8d 7s,0,0,6,0,-20,20
6787,2262,1,SB,0,0,False,,4s 3s,-10,10,2,0,-10,10
6788,2262,2,BB,0,2,False,Kd Tc Qh Qs,Qc 9c,20,-20,8,0,-20,20
6789,2263,0,BTN,0,3,True,2c 4h 6c 4c 3d,7s 7d,553,-553,10,553,-10,-543
6790,2263,1,SB,0,3,True,2c 4h 6c 4c 3d,Ts 3c,-10,10,11,1905,-10,-1895
6791,2263,2,BB,0,3,True,2c 4h 6c 4c 3d,Kc 2s,-20,20,12,40,-20,-20
6792,2264,0,BTN,0,3,True,Jh Ad 7c 7h Ks,5c Td,0,0,11,0,-1604,1604
6793,2264,1,SB,0,0,False,,Js 6h,-10,10,2,0,-10,10
6794,2264,2,BB,0,3,True,Jh Ad 7c 7h Ks,3d Ac,2000,-2000,10,0,-2000,2000
6795,2265,0,BTN,0,3,True,Ac 7c 6h Qs 9c,Kh 8h,-50,50,13,-50,-1400,1450
6796,2265,1,SB,0,3,True,Ac 7c 6h Qs 9c,9s 7s,237,-237,10,-217,237,-20
6797,2265,2,BB,0,3,True,Ac 7c 6h Qs 9c,8s 5d,2020,-2020,15,-20,-2000,2020
6798,2266,0,BTN,0,3,True,5s Qs Jd 2h Kc,Jc 9c,-1825,1825,10,-1825,-10,1835
6799,2266,1,SB,0,3,True,5s Qs Jd 2h Kc,Qh 5h,4000,-4000,13,-2000,4000,-2000
6800,2266,2,BB,0,3,True,5s Qs Jd 2h Kc,Kh Ah,-20,20,11,-1694,1714,-20
6801,2267,0,BTN,0,1,False,Qh As Qd,Jd 2c,0,0,6,0,-20,20
6802,2267,1,SB,0,0,False,,5d 7c,-10,10,2,0,-10,10
6803,2267,2,BB,0,3,True,Qh As Qd 2s 9h,Kh 6s,20,-20,9,0,-20,20
6804,2268,0,BTN,0,3,True,As 3d Qh 9d 3h,Ad 4d,429,-429,13,429,-50,-379
6805,2268,1,SB,0,3,True,As 3d Qh 9d 3h,9c Kd,60,-60,9,0,60,-60
6806,2268,2,BB,0,3,False,As 3d Qh 9d 3h,2d Jd,-320,320,10,0,320,-320
6807,2269,0,BTN,0,3,True,Jd Qh Kh 6c 3c,2h 7s,0,0,10,0,1520,-1520
6808,2269,1,SB,0,3,True,Jd Qh Kh 6c 3c,Td 9c,2000,-2000,12,0,2000,-2000
6809,2269,2,BB,0,3,True,Jd Qh Kh 6c 3c,2c Qs,-1280,1280,9,0,1280,-1280
6810,2270,0,BTN,0,0,False,,Kc 8h,0,0,4,0,-20,20
6811,2270,1,SB,0,0,False,,7c 6d,-10,10,2,0,-10,10
6812,2270,2,BB,0,1,False,9h Qc 5c,Ks Qd,20,-20,6,0,-20,20
6813,2271,0,BTN,0,3,False,Jh 8c 5h 5d 7h,9s 3s,0,0,12,0,-320,320
6814,2271,1,SB,0,2,False,Jh 8c 5h 5d,Qh Kd,-750,750,9,0,-750,750
6815,2271,2,BB,0,3,False,Jh 8c 5h 5d 7h,As 5c,46,-46,11,0,-46,46
6816,2272,0,BTN,0,3,False,7d 7h 2h As 3d,6c Ad,228,-228,11,228,-10,-218
6817,2272,1,SB,0,0,False,,Ts 5d,-10,10,2,0,-10,10
6818,2272,2,BB,0,1,False,7d 7h 2h,5h Th,20,-20,6,0,-20,20
6819,2273,0,BTN,0,3,True,3s 4s 4c Td 5h,Jh 9s,-215,215,9,-215,-10,225
6820,2273,1,SB,0,3,True,3s 4s 4c Td 5h,Qs 9c,-88,88,13,-88,-88,176
6821,2273,2,BB,0,3,True,3s 4s 4c Td 5h,Jd Ad,40,-40,12,-20,-20,40
6822,2274,0,BTN,0,0,False,,Ah 2d,0,0,4,0,-20,20
6823,2274,1,SB,0,0,False,,2s Td,-10,10,2,0,-10,10
6824,2274,2,BB,0,2,False,4d Ks Ad 6s,Kd As,46,-46,9,0,-46,46
6825,2275,0,BTN,0,1,False,4d 2c 4c,3h Qs,0,0,5,0,20,-20
6826,2275,1,SB,0,3,True,4d 2c 4c Td 3d,Ad Qc,60,-60,9,0,60,-60
6827,2275,2,BB,0,1,False,4d 2c 4c,9h Jh,-20,20,5,0,20,-20
6828,2276,0,BTN,0,2,False,4d Jc Qd Kd,Qh 2d,0,0,7,0,20,-20
6829,2276,1,SB,0,0,False,,8h Ad,20,-20,3,0,20,-20
6830,2276,2,BB,0,2,False,4d Jc Qd Kd,2s 5c,-20,20,7,0,20,-20
6831,2277,0,BTN,0,0,False,,Ah 3s,0,0,4,0,-20,20
6832,2277,1,SB,0,0,False,,4h 7s,-10,10,2,0,-10,10
6833,2277,2,BB,0,1,False,Jc 6s Kh,Qd Qh,20,-20,6,0,-20,20
6834,2278,0,BTN,0,3,True,Qs 8s 6c Kh Qh,3c 7h,0,0,9,0,20,-20
6835,2278,1,SB,0,0,False,,5h Jd,-10,10,2,0,-10,10
6836,2278,2,BB,0,3,True,Qs 8s 6c Kh Qh,5c 9c,-20,20,9,0,20,-20
6837,2279,0,BTN,0,3,True,Ac Td 6c Qc Th,9d 7h,0,0,9,0,-20,20
6838,2279,1,SB,0,0,False,,7d 2d,-10,10,2,0,-10,10
6839,2279,2,BB,0,3,True,Ac Td 6c Qc Th,2c 9s,20,-20,9,0,-20,20
6840,2280,0,BTN,0,3,True,9h Ac 7d 2d 2h,Th 4s,0,0,9,0,0,0
6841,2280,1,SB,0,0,False,,6c 3c,-10,10,2,0,-10,10
6842,2280,2,BB,0,3,True,9h Ac 7d 2d 2h,3d 6s,0,0,9,0,0,0
6843,2281,0,BTN,0,3,True,4s Ts As Ac 6c,Kd 4d,60,-60,9,60,-10,-50
6844,2281,1,SB,0,0,False,,Ks 3h,-10,10,2,0,-10,10
6845,2281,2,BB,0,3,True,4s Ts As Ac 6c,Qd 8h,-320,320,9,0,320,-320
6846,2282,0,BTN,0,3,True,5c 4h 8d 2h Kh,Jh Qs,-50,50,12,-50,325,-275
6847,2282,1,SB,0,3,True,5c 4h 8d 2h Kh,Ks Qh,1482,-1482,11,0,1482,-1482
6848,2282,2,BB,0,3,True,5c 4h 8d 2h Kh,3d Kc,-2000,2000,12,0,2000,-2000
6849,2283,0,BTN,0,3,True,Jd Ac 2s Ks Th,6c 2d,0,0,11,0,1280,-1280
6850,2283,1,SB,0,1,False,Jd Ac 2s,8h Qh,-60,60,6,0,-60,60
6851,2283,2,BB,0,3,True,Jd Ac 2s Ks Th,2c Ad,-2000,2000,13,0,2000,-2000
6852,2284,0,BTN,0,3,True,2h 5d Qh 8d 7c,5s Ah,-1755,1755,9,-1755,-10,1765
6853,2284,1,SB,0,1,False,2h 5d Qh,Ts 9c,-60,60,6,0,-60,60
6854,2284,2,BB,0,1,False,2h 5d Qh,Kh Qc,20,-20,6,0,-20,20
6855,2285,0,BTN,0,3,True,Ah 4h 6s 9d Kd,5d 7c,0,0,9,0,20,-20
6856,2285,1,SB,0,0,False,,Qc 7d,-10,10,2,0,-10,10
6857,2285,2,BB,0,3,True,Ah 4h 6s 9d Kd,3s Jc,-20,20,9,0,20,-20
6858,2286,0,BTN,0,3,True,9d Qc 4c Td 8s,6s Th,0,0,10,0,-1920,1920
6859,2286,1,SB,0,3,True,9d Qc 4c Td 8s,Kd 9c,-960,960,11,0,-960,960
6860,2286,2,BB,0,1,False,9d Qc 4c,Tc As,-170,170,7,0,170,-170
6861,2287,0,BTN,0,3,True,Qh 2c 6s Ad Qc,9d 2h,0,0,10,0,120,-120
6862,2287,1,SB,0,3,True,Qh 2c 6s Ad Qc,Kh Tc,60,-60,9,0,60,-60
6863,2287,2,BB,0,3,True,Qh 2c 6s Ad Qc,Ks 4d,-20,20,9,0,20,-20
6864,2288,0,BTN,0,3,True,2h 6h 9s Js 3d,5c 4s,0,0,10,0,1704,-1704
6865,2288,1,SB,0,3,True,2h 6h 9s Js 3d,Ac As,2000,-2000,11,0,2000,-2000
6866,2288,2,BB,0,3,True,2h 6h 9s Js 3d,Ah 9c,-1809.5238095238096,1809.5238095238096,10,0.0,1809.5238095238096,-1809.5238095238096
6867,2289,0,BTN,0,3,True,Jc 6d 2h 5s 9s,8s 3c,0,0,11,0,-320,320
6868,2289,1,SB,0,0,False,,Td 2s,-10,10,2,0,-10,10
6869,2289,2,BB,0,3,True,Jc 6d 2h 5s 9s,Kc 5h,60,-60,10,0,-60,60
6870,2290,0,BTN,0,2,False,Ks 4c Td 4d,Th 5d,0,0,7,0,20,-20
6871,2290,1,SB,0,0,False,,4s Jc,-10,10,2,0,-10,10
6872,2290,2,BB,0,2,False,Ks 4c Td 4d,6h 5s,-20,20,7,0,20,-20
6873,2291,0,BTN,0,3,True,3c 2s 2c 7s 4d,8h Jc,0,0,11,0,1800,-1800
6874,2291,1,SB,0,3,True,3c 2s 2c 7s 4d,7d 7h,1809.5238095238096,-1809.5238095238096,9,0.0,1809.5238095238096,-1809.5238095238096
6875,2291,2,BB,0,3,True,3c 2s 2c 7s 4d,Ah Ad,1760.0,-1760.0,8,0.0,-1760.0,1760.0
6876,2292,0,BTN,0,3,True,Ah Jh Jd 2h 4h,6s 5s,-86,86,10,-86,-10,96
6877,2292,1,SB,0,0,False,,2c 4s,-10,10,2,0,-10,10
6878,2292,2,BB,0,1,False,Ah Jh Jd,Qd 9s,20,-20,6,0,-20,20
6879,2293,0,BTN,0,1,False,5s Js Qs,Kd Ac,-380,380,7,-380,-10,390
6880,2293,1,SB,0,3,True,5s Js Qs Ad Jh,6h 3d,-10,10,10,1905,-10,-1895
6881,2293,2,BB,0,2,False,5s Js Qs Ad,5d Qd,-60,60,10,80,-20,-60
6882,2294,0,BTN,0,3,False,Kc 3h 2c 6c Tc,Td 3s,0,0,10,0,120,-120
6883,2294,1,SB,0,0,False,,8h Qc,-10,10,2,0,-10,10
6884,2294,2,BB,0,3,False,Kc 3h 2c 6c Tc,Qd 4d,-40,40,9,0,40,-40
6885,2295,0,BTN,0,1,False,4d Jd Jc,7d Ah,60,-60,6,60,-10,-50
6886,2295,1,SB,0,1,False,4d Jd Jc,2d 2h,60,-60,5,0,60,-60
6887,2295,2,BB,0,3,False,4d Jd Jc 5c Js,2c 7h,-20,20,9,0,20,-20
6888,2296,0,BTN,0,3,True,Ac Kc 2s 7d 9s,Qc 7h,0,0,9,0,20,-20
6889,2296,1,SB,0,0,False,,3d Th,-10,10,2,0,-10,10
6890,2296,2,BB,0,3,True,Ac Kc 2s 7d 9s,6d 8d,-20,20,9,0,20,-20
6891,2297,0,BTN,0,2,False,Qh 2c Qs Qd,6d 6h,100,-100,11,100,-50,-50
6892,2297,1,SB,0,1,False,Qh 2c Qs,8h 9c,-10,10,6,30,-10,-20
6893,2297,2,BB,0,3,False,Qh 2c Qs Qd 3s,7s 6c,-470,470,14,490,-20,-470
6894,2298,0,BTN,0,2,False,3c 5d 8s 2h,Ah 8c,142,-142,9,142,-10,-132
6895,2298,1,SB,0,0,False,,9s 2d,-10,10,2,0,-10,10
6896,2298,2,BB,0,1,False,3c 5d 8s,Jc 9d,20,-20,6,0,-20,20
6897,2299,0,BTN,0,2,False,Ah Ks 7d Kd,9c 4c,0,0,7,0,20,-20
6898,2299,1,SB,0,0,False,,6c Qd,-10,10,2,0,-10,10
6899,2299,2,BB,0,2,False,Ah Ks 7d Kd,6d 5s,-40,40,7,0,40,-40
6900,2300,0,BTN,0,2,False,6s Ah 5h 9h,Qd 2h,0,0,7,0,20,-20
6901,2300,1,SB,0,3,True,6s Ah 5h 9h 8h,8c 9d,100,-100,9,0,100,-100
6902,2300,2,BB,0,2,False,6s Ah 5h 9h,3c Jc,-20,20,7,0,20,-20
6903,2301,0,BTN,0,3,True,Jc Jh Ts 9d 5d,Qs 3c,0,0,9,0,-20,20
6904,2301,1,SB,0,0,False,,4h 3d,-10,10,2,0,-10,10
6905,2301,2,BB,0,3,True,Jc Jh Ts 9d 5d,6s Ah,20,-20,9,0,-20,20
6906,2302,0,BTN,0,3,True,6h Ks Ts 2s Tc,Jh 7d,0,0,11,0,-1704,1704
6907,2302,1,SB,0,1,False,6h Ks Ts,3c As,-10,10,6,-120,-10,130
6908,2302,2,BB,0,3,True,6h Ks Ts 2s Tc,Kd Qd,386,-386,13,-20,-366,386
6909,2303,0,BTN,0,2,False,Ts 3s 2s Ac,9c Kh,-50,50,10,-50,-50,100
6910,2303,1,SB,0,2,False,Ts 3s 2s Ac,8c Kc,-88,88,11,-88,-88,176
6911,2303,2,BB,0,3,True,Ts 3s 2s Ac 3d,Ad 7s,185,-185,13,-20,-165,185
6912,2304,0,BTN,0,3,True,7s 4h Th 3c Tc,Qd 2d,0,0,9,0,20,-20
6913,2304,1,SB,0,2,False,7s 4h Th 3c,9c 8s,60,-60,7,0,60,-60
6914,2304,2,BB,0,3,True,7s 4h Th 3c Tc,6s 2s,-60,60,10,0,60,-60
6915,2305,0,BTN,0,3,True,Qc 9h Kc 9s Qh,5h 2d,0,0,9,0,1280,-1280
6916,2305,1,SB,0,3,True,Qc 9h Kc 9s Qh,Ad 9d,232,-232,9,0,232,-232
6917,2305,2,BB,0,2,False,Qc 9h Kc 9s,Ah 7d,-80,80,7,0,80,-80
6918,2306,0,BTN,0,1,False,Ks 9d Jc,Qd 3s,0,0,5,0,20,-20
6919,2306,1,SB,0,0,False,,3h Jd,-10,10,2,0,-10,10
6920,2306,2,BB,0,1,False,Ks 9d Jc,5c 4s,-20,20,5,0,20,-20
6921,2307,0,BTN,0,1,False,2s 3c 5h,Kc 3d,0,0,6,0,-20,20
6922,2307,1,SB,0,0,False,,7c Qs,-10,10,2,0,-10,10
6923,2307,2,BB,0,3,True,2s 3c 5h 8d 2d,Ks 5c,20,-20,9,0,-20,20
6924,2308,0,BTN,0,3,True,2c 6c 9s 7c 4h,6s Qh,0,0,9,0,40,-40
6925,2308,1,SB,0,3,True,2c 6c 9s 7c 4h,4d Kd,60,-60,9,0,60,-60
6926,2308,2,BB,0,2,False,2c 6c 9s 7c,5d 4s,60,-60,9,0,-60,60
6927,2309,0,BTN,0,3,True,Ac 9s 3h As 2c,8c 2s,0,0,9,0,20,-20
6928,2309,1,SB,0,0,False,,5c Qs,-10,10,2,0,-10,10
6929,2309,2,BB,0,3,True,Ac 9s 3h As 2c,8d Js,-20,20,9,0,20,-20
6930,2310,0,BTN,0,3,True,Qc Ad Kc Qd 6h,Qs 9h,796.4285714285716,-796.4285714285713,9,796.4285714285716,-746.4285714285713,-50.0
6931,2310,1,SB,0,1,False,Qc Ad Kc,Tc Ac,60,-60,5,0,60,-60
6932,2310,2,BB,0,1,False,Qc Ad Kc,7s 5h,-20,20,5,0,20,-20
6933,2311,0,BTN,0,2,False,As 5c 9c 2s,8h 6c,0,0,9,0,-80,80
6934,2311,1,SB,0,1,False,As 5c 9c,Jd 7d,-60,60,6,0,-60,60
6935,2311,2,BB,0,3,True,As 5c 9c 2s 8c,5h Kd,20,-20,9,0,-20,20
6936,2312,0,BTN,0,1,False,Jc 9d Ad,9c 5d,0,0,6,0,-20,20
6937,2312,1,SB,0,0,False,,4c Ts,-10,10,2,0,-10,10
6938,2312,2,BB,0,3,True,Jc 9d Ad 4d 6s,Ah 3c,107,-107,11,0,-107,107
6939,2313,0,BTN,0,3,True,3c 9d Qc 8s 3h,8h Qs,0,0,10,0,1520,-1520
6940,2313,1,SB,0,3,True,3c 9d Qc 8s 3h,Jd 9s,400,-400,10,0,400,-400
6941,2313,2,BB,0,3,True,3c 9d Qc 8s 3h,Jc 8c,-1840,1840,11,0,1840,-1840
6942,2314,0,BTN,0,1,False,3h 8s 8d,Ac 4h,-50,50,7,-50,-50,100
6943,2314,1,SB,0,0,False,,Jc 7h,-10,10,2,0,-10,10
6944,2314,2,BB,0,1,False,3h 8s 8d,Kc 8h,20,-20,6,0,-20,20
6945,2315,0,BTN,0,3,True,9c Kh 3h Qc Ah,Td 3c,0,0,9,0,0,0
6946,2315,1,SB,0,0,False,,5d 6s,-10,10,2,0,-10,10
6947,2315,2,BB,0,3,True,9c Kh 3h Qc Ah,4d 6d,0,0,9,0,0,0
6948,2316,0,BTN,0,1,False,6d Qs 9h,2h 3s,0,0,5,0,20,-20
6949,2316,1,SB,0,0,False,,4d 9s,-10,10,2,0,-10,10
6950,2316,2,BB,0,3,True,6d Qs 9h 5c 4s,5d 3d,-1700,1700,10,0,1700,-1700
6951,2317,0,BTN,0,0,False,,Kc 5s,0,0,4,0,-20,20
6952,2317,1,SB,0,3,True,4d 5c 7h 2s Qs,9s 6s,-150,150,9,0,-150,150
6953,2317,2,BB,0,3,True,4d 5c 7h 2s Qs,Ks 8s,20,-20,9,0,-20,20
6954,2318,0,BTN,0,0,False,,Qh Td,-50,50,5,-50,-50,100
6955,2318,1,SB,0,0,False,,9h 7d,-10,10,2,0,-10,10
6956,2318,2,BB,0,1,False,2c Ts 3d,As Ac,20,-20,6,0,-20,20
6957,2319,0,BTN,0,0,False,,7h 4h,0,0,4,0,-20,20
6958,2319,1,SB,0,3,False,Kd 9h 2h 6h 7c,9c Th,60,-60,9,0,60,-60
6959,2319,2,BB,0,1,False,Kd 9h 2h,3h Qs,-20,20,5,0,20,-20
6960,2320,0,BTN,0,2,False,9h As 8s Js,2h Ah,96,-96,9,96,-10,-86
6961,2320,1,SB,0,3,False,9h As 8s Js Td,Ts Qc,60,-60,9,0,60,-60
6962,2320,2,BB,0,1,False,9h As 8s,5c 6c,-20,20,5,0,20,-20
6963,2321,0,BTN,0,1,False,4c 7c As,6s Tc,0,0,7,0,-120,120
6964,2321,1,SB,0,0,False,,Jd 2c,-10,10,2,0,-10,10
6965,2321,2,BB,0,2,False,4c 7c As 6c,Ac Td,20,-20,8,0,-20,20
6966,2322,0,BTN,0,3,True,Td 4d Jd 5h Qs,Ad 4c,-149,149,14,-149,298,-149
6967,2322,1,SB,0,3,True,Td 4d Jd 5h Qs,8s Ts,100,-100,9,0,100,-100
6968,2322,2,BB,0,2,False,Td 4d Jd 5h,3s 9d,-20,20,7,0,20,-20
6969,2323,0,BTN,0,3,False,Qs 2h 8s 7s Ad,Kc Qd,232,-232,12,232,-10,-222
6970,2323,1,SB,0,1,False,Qs 2h 8s,Jd 8c,-10,10,6,30,-10,-20
6971,2323,2,BB,0,3,True,Qs 2h 8s 7s Ad,2c 4d,-20,20,11,1720,-1700,-20
6972,2324,0,BTN,0,1,False,2s 6c 9d,9h Qs,60,-60,6,60,-10,-50
6973,2324,1,SB,0,0,False,,2c 4d,-10,10,2,0,-10,10
6974,2324,2,BB,0,3,False,2s 6c 9d Th Tc,8d 4c,-20,20,9,0,20,-20
6975,2325,0,BTN,0,3,True,9d Kd 2s Qs 9c,9s 4h,0,0,9,0,-20,20
6976,2325,1,SB,0,0,False,,5s 6h,-10,10,2,0,-10,10
6977,2325,2,BB,0,3,True,9d Kd 2s Qs 9c,Jh 6c,20,-20,9,0,-20,20
6978,2326,0,BTN,0,1,False,8c 9h Ts,5c 9s,0,0,5,0,20,-20
6979,2326,1,SB,0,2,False,8c 9h Ts 6c,Th Qh,-250,250,8,0,-250,250
6980,2326,2,BB,0,1,False,8c 9h Ts,7c 5h,-20,20,5,0,20,-20
6981,2327,0,BTN,0,1,False,4d Ks Td,7s 2s,0,0,5,0,20,-20
6982,2327,1,SB,0,3,True,4d Ks Td 3d 2c,9s Ad,100,-100,9,0,100,-100
6983,2327,2,BB,0,3,True,4d Ks Td 3d 2c,9h Jc,-80,80,9,0,80,-80
6984,2328,0,BTN,0,2,False,2c 3h Qh 4d,3s Tc,0,0,7,0,40,-40
6985,2328,1,SB,0,0,False,,2s 4c,-10,10,2,0,-10,10
6986,2328,2,BB,0,3,False,2c 3h Qh 4d Kd,6d Ac,-80,80,9,0,80,-80
6987,2329,0,BTN,0,3,True,8s 6s Td Qh 7c,7d Jc,0,0,10,0,0,0
6988,2329,1,SB,0,3,True,8s 6s Td Qh 7c,5c Ah,-88,88,10,108,-88,-20
6989,2329,2,BB,0,3,True,8s 6s Td Qh 7c,As 3d,-20,20,12,40,-20,-20
6990,2330,0,BTN,0,3,True,3c 2s 9d 9s 6h,8s 6d,0,0,9,0,1280,-1280
6991,2330,1,SB,0,3,True,3c 2s 9d 9s 6h,9c Js,2000,-2000,11,0,2000,-2000
6992,2330,2,BB,0,3,True,3c 2s 9d 9s 6h,4d 2d,-1280,1280,9,0,1280,-1280
6993,2331,0,BTN,0,2,False,Ts 9c Qh 6s,6c 4c,0,0,8,0,-20,20
6994,2331,1,SB,0,0,False,,5h Jc,-10,10,2,0,-10,10
6995,2331,2,BB,0,3,True,Ts 9c Qh 6s Td,2h 9s,20,-20,9,0,-20,20
6996,2332,0,BTN,0,2,False,4d 6s 5s Js,6d Jh,0,0,9,0,-80,80
6997,2332,1,SB,0,0,False,,8c Qs,-10,10,2,0,-10,10
6998,2332,2,BB,0,3,True,4d 6s 5s Js Qd,5h 8s,-80,80,9,0,80,-80
6999,2333,0,BTN,0,3,True,2c Td Qc Ac 2d,2s Js,0,0,9,0,20,-20
7000,2333,1,SB,0,1,False,2c Td Qc,Jd 9c,60,-60,5,0,60,-60
7001,2333,2,BB,0,3,True,2c Td Qc Ac 2d,5h 7h,-20,20,9,0,20,-20
7002,2334,0,BTN,0,3,True,7c Ah 8h Js Td,Ac Jc,2020,-2020,10,2020,-2000,-20
7003,2334,1,SB,0,3,True,7c Ah 8h Js Td,Jh Th,-851.4285714285713,851.4285714285716,10,871.4285714285716,-851.4285714285713,-20.0
7004,2334,2,BB,0,3,True,7c Ah 8h Js Td,4c Tc,-20,20,13,1714,-1694,-20
7005,2335,0,BTN,0,2,False,Ah 2d 2s 9c,7c Qc,-275,275,8,-275,325,-50
7006,2335,1,SB,0,2,False,Ah 2d 2s 9c,Ac Tc,60,-60,7,0,60,-60
7007,2335,2,BB,0,1,False,Ah 2d 2s,8d 6s,-20,20,5,0,20,-20
7008,2336,0,BTN,0,0,False,,Jh 3h,0,0,4,0,-20,20
7009,2336,1,SB,0,2,False,6c 8c 2h Td,5h 4c,-10,10,8,-182,-10,192
7010,2336,2,BB,0,2,False,6c 8c 2h Td,Th Kh,40,-40,10,-20,-20,40
7011,2337,0,BTN,0,0,False,,Js 2s,0,0,4,0,-20,20
7012,2337,1,SB,0,2,False,Qs 5s 6h Kd,6c 9c,-250,250,8,0,-250,250
7013,2337,2,BB,0,3,True,Qs 5s 6h Kd Td,7h Ks,742,-742,10,0,-742,742
7014,2338,0,BTN,0,1,False,Ac 4d Jc,6s 7d,0,0,5,0,20,-20
7015,2338,1,SB,0,0,False,,4c Js,-10,10,2,0,-10,10
7016,2338,2,BB,0,1,False,Ac 4d Jc,2d 6d,-20,20,5,0,20,-20
7017,2339,0,BTN,0,3,True,5c Kh 7s Qh 7c,7d 4h,0,0,9,0,-20,20
7018,2339,1,SB,0,0,False,,9d 2d,-10,10,2,0,-10,10
7019,2339,2,BB,0,3,True,5c Kh 7s Qh 7c,Ad 2h,20,-20,9,0,-20,20
7020,2340,0,BTN,0,3,True,6s 8h 8s 7c Jh,As 9d,-50,50,12,-50,325,-275
7021,2340,1,SB,0,1,False,6s 8h 8s,Ac Jd,-88,88,7,108,-88,-20
7022,2340,2,BB,0,3,True,6s 8h 8s 7c Jh,3c 7h,-110,110,12,-20,130,-110
7023,2341,0,BTN,0,3,True,3s 7s Tc 9h Ts,5h 6c,0,0,9,0,20,-20
7024,2341,1,SB,0,1,False,3s 7s Tc,Qs Jc,60,-60,5,0,60,-60
7025,2341,2,BB,0,3,True,3s 7s Tc 9h Ts,8s 4h,-20,20,9,0,20,-20
7026,2342,0,BTN,0,2,False,3c Kc 4h 2h,7h 6c,0,0,9,0,-80,80
7027,2342,1,SB,0,2,False,3c Kc 4h 2h,8c 7c,-250,250,8,0,-250,250
7028,2342,2,BB,0,3,False,3c Kc 4h 2h Qs,Qd 4s,20,-20,10,0,-20,20
7029,2343,0,BTN,0,2,False,2c As 5h 3h,3d Ad,96,-96,9,96,-10,-86
7030,2343,1,SB,0,0,False,,4h Js,-10,10,2,0,-10,10
7031,2343,2,BB,0,2,False,2c As 5h 3h,7d Qc,-20,20,7,0,20,-20
7032,2344,0,BTN,0,1,False,9h Ah 2s,Ts Ad,-380,380,7,-380,-10,390
7033,2344,1,SB,0,0,False,,7d 4h,-10,10,2,0,-10,10
7034,2344,2,BB,0,1,False,9h Ah 2s,Th 9s,20,-20,6,0,-20,20
7035,2345,0,BTN,0,3,True,5d Ah 3d 8d Qd,8h Jd,1765,-1765,14,1765,-1715,-50
7036,2345,1,SB,0,0,False,,5s 6d,-10,10,2,0,-10,10
7037,2345,2,BB,0,3,False,5d Ah 3d 8d Qd,Tc Kc,-80,80,9,0,80,-80
7038,2346,0,BTN,0,3,True,Js Jc 4h Qd 6d,9s 8c,0,0,9,0,320,-320
7039,2346,1,SB,0,0,False,,Kd 4s,-10,10,2,0,-10,10
7040,2346,2,BB,0,1,False,Js Jc 4h,5h Ks,-20,20,5,0,20,-20
7041,2347,0,BTN,0,3,True,2c Th 3c Qs 7d,Ks 7c,0,0,12,0,-1920,1920
7042,2347,1,SB,0,3,False,2c Th 3c Qs 7d,Jh As,-88,88,11,108,-88,-20
7043,2347,2,BB,0,3,False,2c Th 3c Qs 7d,2h 2s,80,-80,12,-20,-60,80
7044,2348,0,BTN,0,3,True,Ac Ts 3d Qs 4d,8c Qc,-1967,1967,10,-1967,2017,-50
7045,2348,1,SB,0,2,False,Ac Ts 3d Qs,As Qh,100,-100,7,0,100,-100
7046,2348,2,BB,0,1,False,Ac Ts 3d,6c 9d,-20,20,5,0,20,-20
7047,2349,0,BTN,0,3,True,Js 2d 6s 7h 3s,3d 5s,0,0,9,0,20,-20
7048,2349,1,SB,0,0,False,,8h Qd,-10,10,2,0,-10,10
7049,2349,2,BB,0,1,False,Js 2d 6s,8d Ts,20,-20,6,0,-20,20
7050,2350,0,BTN,0,3,True,7h 7d Jc Ac 2h,Js 5d,0,0,9,0,0,0
7051,2350,1,SB,0,0,False,,4h Ts,-10,10,2,0,-10,10
7052,2350,2,BB,0,3,True,7h 7d Jc Ac 2h,Tc 5s,0,0,9,0,0,0
7053,2351,0,BTN,0,3,True,4d Ac Ts 8s 2s,Kc Th,2149,-2149,16,2149,-2000,-149
7054,2351,1,SB,0,2,False,4d Ac Ts 8s,9h 9d,-100,100,8,0,-100,100
7055,2351,2,BB,0,1,False,4d Ac Ts,Ks 7d,-20,20,5,0,20,-20
7056,2352,0,BTN,0,3,True,6s 5c 7s Kc Ks,4d Kd,4000,-4000,16,4000,-2000,-2000
7057,2352,1,SB,0,1,False,6s 5c 7s,Ah 5s,-60,60,6,0,-60,60
7058,2352,2,BB,0,3,True,6s 5c 7s Kc Ks,7d 8s,2000,-2000,10,0,-2000,2000
7059,2353,0,BTN,0,2,False,Kc 7c 8c 5s,2s Jh,0,0,8,0,-20,20
7060,2353,1,SB,0,2,False,Kc 7c 8c 5s,Ts Qh,-60,60,8,0,-60,60
7061,2353,2,BB,0,1,False,Kc 7c 8c,8h Td,20,-20,6,0,-20,20
7062,2354,0,BTN,0,3,True,8h 6d 3d 8c 2c,Ah Kc,100,-100,12,100,-50,-50
7063,2354,1,SB,0,3,True,8h 6d 3d 8c 2c,Jh 9s,-88,88,13,176,-88,-88
7064,2354,2,BB,0,3,True,8h 6d 3d 8c 2c,Ks 5c,-20,20,12,40,-20,-20
7065,2355,0,BTN,0,2,False,Ts 2c 4c Ad,7c 8c,-50,50,9,-50,100,-50
7066,2355,1,SB,0,3,False,Ts 2c 4c Ad Jh,Ac Ks,578,-578,10,-558,578,-20
7067,2355,2,BB,0,2,False,Ts 2c 4c Ad,8d 4d,-20,20,9,-20,40,-20
7068,2356,0,BTN,0,3,False,7d Kc Ad 2c 5s,Jh Qc,-50,50,9,-50,-10,60
7069,2356,1,SB,0,0,False,,8h Qd,-10,10,2,0,-10,10
7070,2356,2,BB,0,3,True,7d Kc Ad 2c 5s,5c 4h,186,-186,11,0,-186,186
7071,2357,0,BTN,0,3,True,Jd 8s 5h 6h 2c,6s 4h,0,0,11,0,1604,-1604
7072,2357,1,SB,0,0,False,,6d Js,-10,10,2,0,-10,10
7073,2357,2,BB,0,3,True,Jd 8s 5h 6h 2c,Td Jc,-2000,2000,10,0,2000,-2000
7074,2358,0,BTN,0,3,True,Ad 9h As 5s Js,2s 7h,0,0,10,0,-120,120
7075,2358,1,SB,0,0,False,,4h 3d,-10,10,2,0,-10,10
7076,2358,2,BB,0,3,True,Ad 9h As 5s Js,8c Kh,20,-20,9,0,-20,20
7077,2359,0,BTN,0,1,False,Qd Kh Js,Kc 4d,0,0,7,0,-120,120
7078,2359,1,SB,0,0,False,,3c 4s,-10,10,2,0,-10,10
7079,2359,2,BB,0,2,False,Qd Kh Js Jc,Ks 8h,20,-20,8,0,-20,20
7080,2360,0,BTN,0,2,False,Ad Kd Kc 9d,5d 5s,96,-96,9,96,-10,-86
7081,2360,1,SB,0,1,False,Ad Kd Kc,Ac 2h,-10,10,6,30,-10,-20
7082,2360,2,BB,0,3,True,Ad Kd Kc 9d 4c,5h 4s,-20,20,10,-1910,1930,-20
7083,2361,0,BTN,0,3,True,Qd 8h 9s 7s 2h,4d Ks,0,0,10,0,-1520,1520
7084,2361,1,SB,0,1,False,Qd 8h 9s,8d Kd,-100,100,6,0,-100,100
7085,2361,2,BB,0,3,True,Qd 8h 9s 7s 2h,5d Qc,2000,-2000,10,0,-2000,2000
7086,2362,0,BTN,0,1,False,Kh Qd Kc,3d 5h,0,0,5,0,20,-20
7087,2362,1,SB,0,0,False,,7d Ks,-10,10,2,0,-10,10
7088,2362,2,BB,0,1,False,Kh Qd Kc,6d 3c,-20,20,5,0,20,-20
7089,2363,0,BTN,0,3,True,9d Qd 4d 3c 2h,6h 5d,0,0,10,0,0,0
7090,2363,1,SB,0,3,True,9d Qd 4d 3c 2h,Ts Ah,0,0,9,0,0,0
7091,2363,2,BB,0,3,True,9d Qd 4d 3c 2h,As Tc,0,0,9,0,0,0
7092,2364,0,BTN,0,3,True,2h Td 6c 3c Qs,Qc 8d,0,0,11,0,1520,-1520
7093,2364,1,SB,0,0,False,,2d 3h,-10,10,2,0,-10,10
7094,2364,2,BB,0,3,True,2h Td 6c 3c Qs,Tc Jc,-571.4285714285713,571.4285714285716,10,0.0,571.4285714285716,-571.4285714285713
7095,2365,0,BTN,0,3,True,3d 2s 6d Td Ts,Js 9c,-50,50,12,-50,-50,100
7096,2365,1,SB,0,3,True,3d 2s 6d Td Ts,Kc 8s,108,-108,10,-88,108,-20
7097,2365,2,BB,0,3,True,3d 2s 6d Td Ts,4h 6s,80,-80,13,-20,-60,80
7098,2366,0,BTN,0,1,False,8c 4h Kc,8d As,-380,380,7,-380,-10,390
7099,2366,1,SB,0,1,False,8c 4h Kc,9h Td,-60,60,6,0,-60,60
7100,2366,2,BB,0,1,False,8c 4h Kc,Kd 5c,20,-20,6,0,-20,20
7101,2367,0,BTN,0,3,True,3h 4h 3s Jh 2s,Jd Td,-50,50,13,-50,-1783,1833
7102,2367,1,SB,0,3,True,3h 4h 3s Jh 2s,As Ks,0.0,0.0,7,0.0,0.0,0.0
7103,2367,2,BB,0,3,True,3h 4h 3s Jh 2s,7d 7c,180,-180,9,0,-180,180
7104,2368,0,BTN,0,3,True,6c Th 8h Qh 8s,4s 9s,0,0,9,0,20,-20
7105,2368,1,SB,0,0,False,,5s Kd,-10,10,2,0,-10,10
7106,2368,2,BB,0,3,True,6c Th 8h Qh 8s,7h 5c,-20,20,9,0,20,-20
7107,2369,0,BTN,0,3,False,6c 4h 3d 8h 2c,3s Th,0,0,9,0,20,-20
7108,2369,1,SB,0,0,False,,5d Qc,-10,10,2,0,-10,10
7109,2369,2,BB,0,3,False,6c 4h 3d 8h 2c,As 9c,-20,20,9,0,20,-20
7110,2370,0,BTN,0,3,True,8s 2d Js Kh 4c,7d Tc,0,0,9,0,1280,-1280
7111,2370,1,SB,0,3,True,8s 2d Js Kh 4c,As 8d,232,-232,9,0,232,-232
7112,2370,2,BB,0,2,False,8s 2d Js Kh,7s Ah,-80,80,7,0,80,-80
7113,2371,0,BTN,0,3,True,4h 9h Ts Jh 2s,9s 3d,0,0,11,0,1800,-1800
7114,2371,1,SB,0,3,True,4h 9h Ts Jh 2s,Ks Kh,1480.0,-1480.0,7,0.0,1480.0,-1480.0
7115,2371,2,BB,0,3,True,4h 9h Ts Jh 2s,7h 7s,-1920,1920,9,0,1920,-1920
7116,2372,0,BTN,0,2,False,Ks 9d 9h 7s,Tc 9s,60,-60,8,60,-10,-50
7117,2372,1,SB,0,0,False,,4c 7h,-10,10,2,0,-10,10
7118,2372,2,BB,0,2,False,Ks 9d 9h 7s,Jh 2c,-20,20,7,0,20,-20
7119,2373,0,BTN,0,0,False,,Jh 4h,0,0,4,0,-20,20
7120,2373,1,SB,0,0,False,,2h 3s,-10,10,2,0,-10,10
7121,2373,2,BB,0,2,False,5h 4s Jc Ks,Js 7s,60,-60,9,0,-60,60
7122,2374,0,BTN,0,0,False,,3d 8h,0,0,4,0,-20,20
7123,2374,1,SB,0,0,False,,2d Td,-10,10,2,0,-10,10
7124,2374,2,BB,0,3,False,8d Kh 9d 7c 6s,Qh Jd,-150,150,11,0,150,-150
7125,2375,0,BTN,0,1,False,6c 3c 4s,9s 5c,0,0,7,0,-120,120
7126,2375,1,SB,0,0,False,,Jh 7d,-10,10,2,0,-10,10
7127,2375,2,BB,0,3,True,6c 3c 4s 2d 8s,6h Kh,20,-20,9,0,-20,20
7128,2376,0,BTN,0,3,True,Ad Qc Qh 8c Ac,9d 6s,0,0,9,0,0,0
7129,2376,1,SB,0,0,False,,9c 5s,-10,10,2,0,-10,10
7130,2376,2,BB,0,3,True,Ad Qc Qh 8c Ac,4s 9h,0,0,9,0,0,0
7131,2377,0,BTN,0,3,False,Qs As Ts 4c 4h,Qh 9c,142,-142,11,142,-10,-132
7132,2377,1,SB,0,2,False,Qs As Ts 4c,4s Ac,60,-60,7,0,60,-60
7133,2377,2,BB,0,1,False,Qs As Ts,7c 3s,-20,20,5,0,20,-20
7134,2378,0,BTN,0,1,False,7d Jh Js,5d 8s,0,0,6,0,-20,20
7135,2378,1,SB,0,0,False,,Ts 3c,-10,10,2,0,-10,10
7136,2378,2,BB,0,3,True,7d Jh Js Tc Jd,2h 7s,-2000,2000,12,0,2000,-2000
7137,2379,0,BTN,0,3,True,6d 6h Ts 8s 5c,Qc Qd,532,-532,12,532,-10,-522
7138,2379,1,SB,0,2,False,6d 6h Ts 8s,4s Jh,-10,10,9,105,-10,-95
7139,2379,2,BB,0,2,False,6d 6h Ts 8s,2h Kd,-110,110,11,130,-20,-110
7140,2380,0,BTN,0,0,False,,8c 4h,0,0,4,0,-20,20
7141,2380,1,SB,0,0,False,,7c 2h,-10,10,2,0,-10,10
7142,2380,2,BB,0,3,True,Ks 2s Jc 5d Kd,8s 8d,400,-400,10,0,-400,400
7143,2381,0,BTN,0,3,False,Jd 3s Jh 7s 7h,2d Ks,0,0,10,0,160,-160
7144,2381,1,SB,0,0,False,,Ah 5s,20,-20,3,0,20,-20
7145,2381,2,BB,0,3,False,Jd 3s Jh 7s 7h,2c 3d,-20,20,9,0,20,-20
7146,2382,0,BTN,0,3,True,4s 5d 8c 2s Js,6s Qh,0,0,9,0,-20,20
7147,2382,1,SB,0,0,False,,Qs 6h,-10,10,2,0,-10,10
7148,2382,2,BB,0,3,True,4s 5d 8c 2s Js,2c Tc,186,-186,11,0,-186,186
7149,2383,0,BTN,0,3,True,Ah 5h 6s 8d 2s,4c 9c,0,0,9,0,1280,-1280
7150,2383,1,SB,0,0,False,,7d 6h,-10,10,2,0,-10,10
7151,2383,2,BB,0,3,True,Ah 5h 6s 8d 2s,5d 7h,-1280,1280,9,0,1280,-1280
7152,2384,0,BTN,0,1,False,2h 8s Kd,4s 2s,0,0,5,0,20,-20
7153,2384,1,SB,0,1,False,2h 8s Kd,8h Th,60,-60,5,0,60,-60
7154,2384,2,BB,0,1,False,2h 8s Kd,5h 4d,-20,20,5,0,20,-20
7155,2385,0,BTN,0,3,False,Qd Td 9d 3h 4s,7c 8d,0,0,12,0,-320,320
7156,2385,1,SB,0,0,False,,3s 7d,-10,10,2,0,-10,10
7157,2385,2,BB,0,3,True,Qd Td 9d 3h 4s,Ts 5d,40,-40,9,0,-40,40
7158,2386,0,BTN,0,2,False,3s 4c Ad 5d,9s 6c,0,0,7,0,20,-20
7159,2386,1,SB,0,0,False,,2s 7s,-10,10,2,0,-10,10
7160,2386,2,BB,0,2,False,3s 4c Ad 5d,Ts 8d,-20,20,7,0,20,-20
7161,2387,0,BTN,0,2,False,7s As 5s Qc,3s 4s,0,0,7,0,20,-20
7162,2387,1,SB,0,2,False,7s As 5s Qc,Th Qd,60,-60,7,0,60,-60
7163,2387,2,BB,0,2,False,7s As 5s Qc,3d Jh,-20,20,7,0,20,-20
7164,2388,0,BTN,0,3,True,Kc 4s Ad 3s Th,Qd Kh,2050,-2050,11,2050,-2000,-50
7165,2388,1,SB,0,3,True,Kc 4s Ad 3s Th,Ks 8d,-1095.5,1095.5,8,1115.5,-1095.5,-20.0
7166,2388,2,BB,0,3,True,Kc 4s Ad 3s Th,6h 9d,-20,20,12,1930,-1910,-20
7167,2389,0,BTN,0,3,True,3c 7h Jc Kc 5h,8c Ad,-80,80,9,-80,100,-20
7168,2389,1,SB,0,1,False,3c 7h Jc,As 5d,-60,60,6,0,-60,60
7169,2389,2,BB,0,3,True,3c 7h Jc Kc 5h,Ts 3d,-20,20,9,0,20,-20
7170,2390,0,BTN,0,1,False,Qs Td 7d,6d 3h,0,0,5,0,20,-20
7171,2390,1,SB,0,0,False,,8h Qc,-10,10,2,0,-10,10
7172,2390,2,BB,0,1,False,Qs Td 7d,8c 5d,-20,20,5,0,20,-20
7173,2391,0,BTN,0,1,False,7c Jh 6h,5h 4s,0,0,6,0,-20,20
7174,2391,1,SB,0,0,False,,3s Qc,-10,10,2,0,-10,10
7175,2391,2,BB,0,2,False,7c Jh 6h 5s,6d 5d,20,-20,8,0,-20,20
7176,2392,0,BTN,0,1,False,5d Js 8s,7h Qh,60,-60,6,60,-10,-50
7177,2392,1,SB,0,0,False,,6s 3h,-10,10,2,0,-10,10
7178,2392,2,BB,0,3,True,5d Js 8s 7s Jh,2h 3s,-20,20,9,0,20,-20
7179,2393,0,BTN,0,3,True,8c 2s 8h Ac 9h,9d Ks,-50,50,13,-50,-1967,2017
7180,2393,1,SB,0,3,False,8c 2s 8h Ac 9h,Qc Jh,-558,558,11,578,-558,-20
7181,2393,2,BB,0,3,True,8c 2s 8h Ac 9h,As 2c,185,-185,13,-20,-165,185
7182,2394,0,BTN,0,2,False,Ks 2h 7d 9s,6s Ac,-215,215,7,-215,-10,225
7183,2394,1,SB,0,0,False,,3h Ad,-10,10,2,0,-10,10
7184,2394,2,BB,0,3,False,Ks 2h 7d 9s Th,5h Kd,46,-46,11,0,-46,46
7185,2395,0,BTN,0,3,True,2s 4s Kh 3c 2c,6c 5d,0,0,9,0,60,-60
7186,2395,1,SB,0,3,True,2s 4s Kh 3c 2c,Ah Jd,150,-150,10,0,150,-150
7187,2395,2,BB,0,3,True,2s 4s Kh 3c 2c,8s 5s,-60,60,9,0,60,-60
7188,2396,0,BTN,0,1,False,Td Kc 5d,4s 8c,0,0,6,0,-20,20
7189,2396,1,SB,0,2,False,Td Kc 5d 9h,8h 7s,-250,250,8,0,-250,250
7190,2396,2,BB,0,3,True,Td Kc 5d 9h 2d,5c Qh,20,-20,9,0,-20,20
7191,2397,0,BTN,0,1,False,Qh 2c Js,2h Th,0,0,6,0,-20,20
7192,2397,1,SB,0,0,False,,3h 9d,-10,10,2,0,-10,10
7193,2397,2,BB,0,3,True,Qh 2c Js 3s 6h,9h Jd,464,-464,11,0,-464,464
7194,2398,0,BTN,0,1,False,5h Ah 9s,8d 8c,-50,50,6,-50,100,-50
7195,2398,1,SB,0,3,True,5h Ah 9s Ks 4h,8s Ac,1879.3000000000002,-1879.3,8,-1859.3,1879.3000000000002,-20.0
7196,2398,2,BB,0,3,True,5h Ah 9s Ks 4h,Jd 2h,-20,20,12,-1910,1930,-20
7197,2399,0,BTN,0,3,True,6s Jd 7c 5c 8h,Ad Kh,96,-96,10,96,-10,-86
7198,2399,1,SB,0,3,True,6s Jd 7c 5c 8h,2h 3h,-10,10,11,730,-10,-720
7199,2399,2,BB,0,3,True,6s Jd 7c 5c 8h,Qh Kc,-20,20,9,30,-10,-20
7200,2400,0,BTN,0,2,False,7s 9h Ad 8h,3h Js,0,0,9,0,-140,140
7201,2400,1,SB,0,1,False,7s 9h Ad,2s 2c,-60,60,6,0,-60,60
7202,2400,2,BB,0,2,False,7s 9h Ad 8h,Qs 9s,60,-60,9,0,-60,60
7203,2401,0,BTN,0,2,False,3d Qd 8c 4d,4h 2d,0,0,10,0,-480,480
7204,2401,1,SB,0,2,False,3d Qd 8c 4d,Kh Tc,-100,100,8,0,-100,100
7205,2401,2,BB,0,3,False,3d Qd 8c 4d 5d,9d Ad,80,-80,11,0,-80,80
7206,2402,0,BTN,0,3,True,Jd 4h Jc 9s 9h,3d 2h,0,0,9,0,-1920,1920
7207,2402,1,SB,0,3,False,Jd 4h Jc 9s 9h,7h 7s,-240,240,12,0,-240,240
7208,2402,2,BB,0,3,True,Jd 4h Jc 9s 9h,Kc Qh,1920,-1920,9,0,-1920,1920
7209,2403,0,BTN,0,3,True,Ac As 6s 4d 9h,Qd 8d,96,-96,10,96,-10,-86
7210,2403,1,SB,0,0,False,,3s 2h,-10,10,2,0,-10,10
7211,2403,2,BB,0,3,True,Ac As 6s 4d 9h,Qs 7c,20,-20,9,0,-20,20
7212,2404,0,BTN,0,3,True,Ac Ad 7d 4c Jc,Ah Qd,2010,-2010,12,2010,-10,-2000
7213,2404,1,SB,0,0,False,,2c 8h,-10,10,2,0,-10,10
7214,2404,2,BB,0,2,False,Ac Ad 7d 4c,7s 2h,20,-20,8,0,-20,20
7215,2405,0,BTN,0,3,True,Qd Ac 7d 3s 2h,Js 9h,-50,50,12,-50,100,-50
7216,2405,1,SB,0,3,True,Qd Ac 7d 3s 2h,6c 6d,176,-176,13,-88,176,-88
7217,2405,2,BB,0,3,True,Qd Ac 7d 3s 2h,Kc Tc,-20,20,12,-20,40,-20
7218,2406,0,BTN,0,0,False,,9c Js,-50,50,4,-50,-10,60
7219,2406,1,SB,0,3,True,Kc 9h 3s Td 4h,4s 7c,-10,10,11,-1770,-10,1780
7220,2406,2,BB,0,3,True,Kc 9h 3s Td 4h,Ah Ks,2020,-2020,13,-2000,-20,2020
7221,2407,0,BTN,0,3,True,Ad 4c 4d Td 7c,3c 9c,0,0,9,0,20,-20
7222,2407,1,SB,0,0,False,,6h Jd,-10,10,2,0,-10,10
7223,2407,2,BB,0,3,True,Ad 4c 4d Td 7c,8s 3h,-20,20,9,0,20,-20
7224,2408,0,BTN,0,1,False,As 6s Jc,Ts 8h,0,0,5,0,20,-20
7225,2408,1,SB,0,0,False,,Jd 9s,20,-20,3,0,20,-20
7226,2408,2,BB,0,1,False,As 6s Jc,Td 4d,-20,20,5,0,20,-20
7227,2409,0,BTN,0,3,False,7c 8d 4d 5s 7s,7d Jd,142,-142,11,142,-10,-132
7228,2409,1,SB,0,2,False,7c 8d 4d 5s,5d 2h,-10,10,9,105,-10,-95
7229,2409,2,BB,0,2,False,7c 8d 4d 5s,9c Tc,-95,95,9,105,-10,-95
7230,2410,0,BTN,0,3,True,4c Qd 2s 9s Jd,Th 7d,0,0,10,0,-1520,1520
7231,2410,1,SB,0,3,True,4c Qd 2s 9s Jd,8s 9h,-600,600,10,0,-600,600
7232,2410,2,BB,0,2,False,4c Qd 2s 9s,Tc Js,-20,20,7,0,20,-20
7233,2411,0,BTN,0,3,True,6d 8h Qc Kc Ks,5c 7d,0,0,12,0,-1280,1280
7234,2411,1,SB,0,2,False,6d 8h Qc Kc,5d Ah,-100,100,8,0,-100,100
7235,2411,2,BB,0,3,True,6d 8h Qc Kc Ks,4c 8d,46,-46,10,0,-46,46
7236,2412,0,BTN,0,1,False,Ac 8s Kc,8c Ks,0,0,6,0,-20,20
7237,2412,1,SB,0,0,False,,5s 4h,-10,10,2,0,-10,10
7238,2412,2,BB,0,2,False,Ac 8s Kc Ts,6c As,20,-20,8,0,-20,20
7239,2413,0,BTN,0,3,True,Tc Ah 6h Ks 5c,4c Qs,0,0,11,0,-1604,1604
7240,2413,1,SB,0,1,False,Tc Ah 6h,Th 8d,-100,100,6,0,-100,100
7241,2413,2,BB,0,3,True,Tc Ah 6h Ks 5c,6d Ad,2000,-2000,10,0,-2000,2000
7242,2414,0,BTN,0,3,False,Ad 4c 4h Tc Qc,3c 2c,0,0,9,0,20,-20
7243,2414,1,SB,0,0,False,,6h Qh,20,-20,3,0,20,-20
7244,2414,2,BB,0,3,False,Ad 4c 4h Tc Qc,9c 2d,-20,20,9,0,20,-20
7245,2415,0,BTN,0,2,False,6c 5s Ac 2d,7h 7d,96,-96,9,96,-10,-86
7246,2415,1,SB,0,1,False,6c 5s Ac,Qh 8c,-10,10,6,30,-10,-20
7247,2415,2,BB,0,3,True,6c 5s Ac 2d 9d,4s Td,-20,20,12,40,-20,-20
7248,2416,0,BTN,0,3,True,Kc 7c Ts Qc 3c,6c 9s,0,0,11,0,1520,-1520
7249,2416,1,SB,0,0,False,,Ac 3s,-10,10,2,0,-10,10
7250,2416,2,BB,0,3,True,Kc 7c Ts Qc 3c,8c Td,-1600,1600,10,0,1600,-1600
7251,2417,0,BTN,0,3,False,Th 3c Ac Jh 2s,2d Ah,0,0,9,0,40,-40
7252,2417,1,SB,0,0,False,,3s 2h,-10,10,2,0,-10,10
7253,2417,2,BB,0,3,False,Th 3c Ac Jh 2s,6d Kc,-150,150,11,0,150,-150
7254,2418,0,BTN,0,1,False,7c 3s As,4c Jd,0,0,5,0,20,-20
7255,2418,1,SB,0,0,False,,7h 4h,-10,10,2,0,-10,10
7256,2418,2,BB,0,1,False,7c 3s As,2d Th,-20,20,5,0,20,-20
7257,2419,0,BTN,0,1,False,Jd 3s 3d,9d 4s,0,0,6,0,-20,20
7258,2419,1,SB,0,2,False,Jd 3s 3d Js,Qc 9h,-300,300,9,0,-300,300
7259,2419,2,BB,0,3,True,Jd 3s 3d Js Qs,5d 3c,1070,-1070,12,0,-1070,1070
7260,2420,0,BTN,0,3,True,9d 6d 5d 7s 3c,9c 9h,-1132.142857142857,1132.1428571428573,10,-1132.142857142857,-50.0,1182.1428571428573
7261,2420,1,SB,0,3,True,9d 6d 5d 7s 3c,Ks 7h,-10,10,11,-1770,-10,1780
7262,2420,2,BB,0,1,False,9d 6d 5d,Qd 3d,-60,60,8,80,-20,-60
7263,2421,0,BTN,0,3,True,Tc 3s 8d Qc Ah,Jc 8h,0,0,11,0,-1704,1704
7264,2421,1,SB,0,0,False,,Jh Ts,-60,60,4,0,-60,60
7265,2421,2,BB,0,3,True,Tc 3s 8d Qc Ah,Kd Kh,920.0,-920.0,8,0.0,-920.0,920.0
7266,2422,0,BTN,0,3,True,8c 7h Tc 4h 5s,9s Kc,-1535,1535,10,-1535,-10,1545
7267,2422,1,SB,0,3,False,8c 7h Tc 4h 5s,5c 7c,237,-237,10,-217,237,-20
7268,2422,2,BB,0,3,True,8c 7h Tc 4h 5s,9h Td,-1804,1804,13,-328,2132,-1804
7269,2423,0,BTN,0,3,True,Ts Jd Ah 3h 6c,Qs Ks,2050,-2050,14,2050,-50,-2000
7270,2423,1,SB,0,3,True,Ts Jd Ah 3h 6c,8h 7s,-88,88,13,1918,-88,-1830
7271,2423,2,BB,0,3,True,Ts Jd Ah 3h 6c,9c Jc,-2000,2000,13,2020,-20,-2000
7272,2424,0,BTN,0,1,False,9d 4c Tc,5d Jh,0,0,7,0,-120,120
7273,2424,1,SB,0,0,False,,Jd 2s,-10,10,2,0,-10,10
7274,2424,2,BB,0,1,False,9d 4c Tc,Kc Qd,20,-20,6,0,-20,20
7275,2425,0,BTN,0,3,True,Tc 5h 4d 6h 5d,Qc Jh,-132,132,10,-132,-10,142
7276,2425,1,SB,0,0,False,,3h 9d,-10,10,2,0,-10,10
7277,2425,2,BB,0,3,True,Tc 5h 4d 6h 5d,8d Kh,20,-20,9,0,-20,20
7278,2426,0,BTN,0,3,True,3s 9c Th Ac 5h,6d 7d,-50,50,12,-50,100,-50
7279,2426,1,SB,0,0,False,,Jc 3h,-10,10,2,0,-10,10
7280,2426,2,BB,0,3,True,3s 9c Th Ac 5h,6c Jh,-20,20,9,0,20,-20
7281,2427,0,BTN,0,3,True,Kc 2d 3s Qs Tc,8d 8h,-1526,1526,14,-1526,3052,-1526
7282,2427,1,SB,0,3,True,Kc 2d 3s Qs Tc,Js As,2484,-2484,14,-484,2484,-2000
7283,2427,2,BB,0,3,True,Kc 2d 3s Qs Tc,7s Kd,-655,655,13,-655,1310,-655
7284,2428,0,BTN,0,3,True,6d 4d Ad 5s Ts,3h 9d,0,0,11,0,-1280,1280
7285,2428,1,SB,0,0,False,,6h 2c,-10,10,2,0,-10,10
7286,2428,2,BB,0,3,True,6d 4d Ad 5s Ts,3d 5d,1860,-1860,12,0,-1860,1860
7287,2429,0,BTN,0,3,True,6s 7c Ah Ac 6h,3h 3c,-86,86,10,-86,-10,96
7288,2429,1,SB,0,3,True,6s 7c Ah Ac 6h,9s Td,-100,100,9,0,-100,100
7289,2429,2,BB,0,3,True,6s 7c Ah Ac 6h,Qc Ts,20,-20,9,0,-20,20
7290,2430,0,BTN,0,3,True,9h Jh 8s 4h Qs,Qh Tc,2020.0,-2020.0,9,2020.0,-2000.0,-20.0
7291,2430,1,SB,0,0,False,,Jc 7c,20,-20,3,0,20,-20
7292,2430,2,BB,0,3,True,9h Jh 8s 4h Qs,9d 2h,-320,320,9,0,320,-320
7293,2431,0,BTN,0,3,True,Ts 8d 7c 3c Ah,6h Kc,0,0,9,0,-20,20
7294,2431,1,SB,0,3,True,Ts 8d 7c 3c Ah,2d 4h,-10,10,9,30,-10,-20
7295,2431,2,BB,0,3,True,Ts 8d 7c 3c Ah,9s 4d,-20,20,9,30,-10,-20
7296,2432,0,BTN,0,1,False,Kh Ad Tc,Ks 9s,-380,380,7,-380,-10,390
7297,2432,1,SB,0,3,True,Kh Ad Tc Qs 3h,6d 2s,-10,10,11,-1595,-10,1605
7298,2432,2,BB,0,3,True,Kh Ad Tc Qs 3h,Td Qh,335,-335,11,-315,-20,335
7299,2433,0,BTN,0,1,False,Ad Jd 6c,Td Jh,60,-60,6,60,-10,-50
7300,2433,1,SB,0,0,False,,4c Ks,-10,10,2,0,-10,10
7301,2433,2,BB,0,3,True,Ad Jd 6c 2c 4s,8h 7s,-20,20,9,0,20,-20
7302,2434,0,BTN,0,3,True,Kc Ad 2s Qc 4c,Ac 5s,3000.0,-3000.0,12,3000.0,-1500.0,-1500.0
7303,2434,1,SB,0,2,False,Kc Ad 2s Qc,Kd 6d,-240,240,9,0,-240,240
7304,2434,2,BB,0,2,False,Kc Ad 2s Qc,Ks 4s,-80,80,7,0,80,-80
7305,2435,0,BTN,0,3,True,9d Th Jc 2d 7h,3d Js,0,0,10,0,1920,-1920
7306,2435,1,SB,0,0,False,,2c Jd,-10,10,2,0,-10,10
7307,2435,2,BB,0,2,False,9d Th Jc 2d,6d 6h,-80,80,7,0,80,-80
7308,2436,0,BTN,0,3,True,Jc 9d 2c Kc 5d,Jd 2s,0,0,9,0,1920,-1920
7309,2436,1,SB,0,3,True,Jc 9d 2c Kc 5d,Qc Qs,580,-580,9,0,580,-580
7310,2436,2,BB,0,3,True,Jc 9d 2c Kc 5d,3h 3s,-1920,1920,11,0,1920,-1920
7311,2437,0,BTN,0,1,False,8h 3d Th,Js 2h,0,0,5,0,20,-20
7312,2437,1,SB,0,0,False,,Jd 3c,-10,10,2,0,-10,10
7313,2437,2,BB,0,1,False,8h 3d Th,7s Qs,-20,20,5,0,20,-20
7314,2438,0,BTN,0,3,True,8h 5c 3s Ad 6s,5s 8d,0,0,9,0,20,-20
7315,2438,1,SB,0,3,True,8h 5c 3s Ad 6s,Kh 9d,60,-60,9,0,60,-60
7316,2438,2,BB,0,3,True,8h 5c 3s Ad 6s,9c Qh,-60,60,10,0,60,-60
7317,2439,0,BTN,0,0,False,,6h 8c,0,0,4,0,-20,20
7318,2439,1,SB,0,0,False,,7s 9c,-10,10,2,0,-10,10
7319,2439,2,BB,0,1,False,Tc 3d Ts,Td Ah,20,-20,6,0,-20,20
7320,2440,0,BTN,0,3,True,Ac 8s 7d 9s 8d,Jd Kd,60,-60,9,60,-10,-50
7321,2440,1,SB,0,3,True,Ac 8s 7d 9s 8d,3s 7h,-10,10,9,30,-10,-20
7322,2440,2,BB,0,3,True,Ac 8s 7d 9s 8d,2s 4h,-20,20,12,-20,40,-20
7323,2441,0,BTN,0,2,False,Jd 3h Jh Th,4s 3c,0,0,7,0,20,-20
7324,2441,1,SB,0,2,False,Jd 3h Jh Th,Ah 5d,100,-100,7,0,100,-100
7325,2441,2,BB,0,2,False,Jd 3h Jh Th,8d 5s,-20,20,7,0,20,-20
7326,2442,0,BTN,0,3,True,7d 3c Kh 3h 4c,8h Td,-86,86,10,-86,-10,96
7327,2442,1,SB,0,0,False,,9s 2h,-10,10,2,0,-10,10
7328,2442,2,BB,0,3,True,7d 3c Kh 3h 4c,Qh 5d,20,-20,9,0,-20,20
7329,2443,0,BTN,0,3,True,9d 8s 7c 6s As,4d 3s,0,0,11,0,1520,-1520
7330,2443,1,SB,0,0,False,,Tc 5h,-10,10,2,0,-10,10
7331,2443,2,BB,0,3,True,9d 8s 7c 6s As,5d 6h,-320,320,9,0,320,-320
7332,2444,0,BTN,0,2,False,8s 8h 7c 7s,Js 6d,0,0,10,0,-480,480
7333,2444,1,SB,0,0,False,,Tc Jh,-60,60,4,0,-60,60
7334,2444,2,BB,0,3,False,8s 8h 7c 7s 3h,Kd Ah,40,-40,10,0,-40,40
7335,2445,0,BTN,0,3,True,Js 2h 2s 8h 5c,5h 7h,96,-96,10,96,-10,-86
7336,2445,1,SB,0,3,True,Js 2h 2s 8h 5c,9s Qh,100,-100,9,0,100,-100
7337,2445,2,BB,0,3,True,Js 2h 2s 8h 5c,6c 9h,-20,20,9,0,20,-20
7338,2446,0,BTN,0,3,True,Qd 3d Th 3h 8d,7s Tc,0,0,11,0,-1920,1920
7339,2446,1,SB,0,1,False,Qd 3d Th,6s 6h,-360,360,7,0,-360,360
7340,2446,2,BB,0,3,True,Qd 3d Th 3h 8d,Kc Ks,1067,-1067,12,0,-1067,1067
7341,2447,0,BTN,0,3,True,Ac 3c 3s Jd Kc,5c 2s,0,0,11,0,0,0
7342,2447,1,SB,0,0,False,,5d Kh,-10,10,2,0,-10,10
7343,2447,2,BB,0,3,True,Ac 3c 3s Jd Kc,Ks Qc,0,0,10,0,0,0
7344,2448,0,BTN,0,3,True,2d Tc Ts 6c Ks,4h Ah,-50,50,12,-50,-50,100
7345,2448,1,SB,0,3,True,2d Tc Ts 6c Ks,7s 8h,-240,240,10,0,-240,240
7346,2448,2,BB,0,1,False,2d Tc Ts,As 7h,20,-20,6,0,-20,20
7347,2449,0,BTN,0,1,False,As Jh 6s,8c 2d,0,0,5,0,20,-20
7348,2449,1,SB,0,3,False,As Jh 6s Kc 3s,4s Js,250,-250,9,0,250,-250
7349,2449,2,BB,0,1,False,As Jh 6s,Qh 7c,-20,20,5,0,20,-20
7350,2450,0,BTN,0,0,False,,9d 5d,0,0,4,0,-20,20
7351,2450,1,SB,0,0,False,,9c 7d,-10,10,2,0,-10,10
7352,2450,2,BB,0,3,True,2s 3c 4d 2d 3h,Ad Qc,20,-20,9,0,-20,20
7353,2451,0,BTN,0,3,True,Ad Qh Td 2c 5h,Jc 3s,0,0,9,0,1280,-1280
7354,2451,1,SB,0,0,False,,6c As,20,-20,3,0,20,-20
7355,2451,2,BB,0,3,True,Ad Qh Td 2c 5h,2d 9d,-1280,1280,9,0,1280,-1280
7356,2452,0,BTN,0,3,False,8h Qd 3s Ks Th,6s 5h,0,0,9,0,320,-320
7357,2452,1,SB,0,0,False,,Qs 7d,-10,10,2,0,-10,10
7358,2452,2,BB,0,1,False,8h Qd 3s,4s Ac,-20,20,5,0,20,-20
7359,2453,0,BTN,0,1,False,3s 5h 9h,5c 4d,0,0,6,0,120,-120
7360,2453,1,SB,0,0,False,,2c As,-10,10,2,0,-10,10
7361,2453,2,BB,0,1,False,3s 5h 9h,Qd Td,-20,20,5,0,20,-20
7362,2454,0,BTN,0,1,False,7s 8c 6d,Qs 5d,0,0,5,0,20,-20
7363,2454,1,SB,0,3,True,7s 8c 6d 2h 8h,9s Kd,60,-60,9,0,60,-60
7364,2454,2,BB,0,1,False,7s 8c 6d,Js 3c,-20,20,5,0,20,-20
7365,2455,0,BTN,0,3,True,4d 8s Jh Qd 8h,6d Th,0,0,11,0,-1704,1704
7366,2455,1,SB,0,1,False,4d 8s Jh,Td Ac,-100,100,6,0,-100,100
7367,2455,2,BB,0,3,True,4d 8s Jh Qd 8h,Jd As,742,-742,10,0,-742,742
7368,2456,0,BTN,0,3,True,Jc Jd 9c 8c 2c,5s Jh,0,0,10,0,-120,120
7369,2456,1,SB,0,0,False,,3s 4s,-10,10,2,0,-10,10
7370,2456,2,BB,0,3,True,Jc Jd 9c 8c 2c,6d Qd,20,-20,9,0,-20,20
7371,2457,0,BTN,0,3,True,Js Qd Jc Ks 4s,9h 2d,0,0,9,0,320,-320
7372,2457,1,SB,0,0,False,,8c Qs,-10,10,2,0,-10,10
7373,2457,2,BB,0,2,False,Js Qd Jc Ks,4c As,-80,80,7,0,80,-80
7374,2458,0,BTN,0,3,True,3c 5d 6s 6c 6d,As Js,-50,50,12,-50,-1175,1225
7375,2458,1,SB,0,3,True,3c 5d 6s 6c 6d,5s Ac,537,-537,10,-517,537,-20
7376,2458,2,BB,0,3,True,3c 5d 6s 6c 6d,9d 6h,2020,-2020,15,-20,-2000,2020
7377,2459,0,BTN,0,0,False,,Kh 3c,0,0,4,0,-20,20
7378,2459,1,SB,0,0,False,,Tc 4s,-10,10,2,0,-10,10
7379,2459,2,BB,0,1,False,Th 7d Td,6h Qc,-20,20,5,0,20,-20
7380,2460,0,BTN,0,3,True,3d As 7s 8d 4h,8c 3h,0,0,10,0,120,-120
7381,2460,1,SB,0,3,True,3d As 7s 8d 4h,4d Qd,250,-250,9,0,250,-250
7382,2460,2,BB,0,3,True,3d As 7s 8d 4h,Td Ks,-20,20,9,0,20,-20
7383,2461,0,BTN,0,3,False,Jd Qc Qs 9s Ts,2d Td,0,0,9,0,320,-320
7384,2461,1,SB,0,3,False,Jd Qc Qs 9s Ts,Th Kh,250,-250,9,0,250,-250
7385,2461,2,BB,0,2,False,Jd Qc Qs 9s,6h As,-80,80,7,0,80,-80
7386,2462,0,BTN,0,1,False,4d Qd Ts,5h 2s,0,0,6,0,120,-120
7387,2462,1,SB,0,3,True,4d Qd Ts 2c 6c,As 4h,60,-60,9,0,60,-60
7388,2462,2,BB,0,1,False,4d Qd Ts,Kc 8d,-20,20,5,0,20,-20
7389,2463,0,BTN,0,3,True,3s Ad Jh 6c 2d,8h Ah,1297,-1297,12,1297,-10,-1287
7390,2463,1,SB,0,3,True,3s Ad Jh 6c 2d,3h 9h,-10,10,12,1993,-10,-1983
7391,2463,2,BB,0,3,True,3s Ad Jh 6c 2d,4d Ks,-20,20,14,1930,-1910,-20
7392,2464,0,BTN,0,3,True,As 7s 8s 9d 7h,3h 8c,0,0,11,0,1604,-1604
7393,2464,1,SB,0,0,False,,2s 6s,-10,10,2,0,-10,10
7394,2464,2,BB,0,3,True,As 7s 8s 9d 7h,6c 9s,-1280,1280,9,0,1280,-1280
7395,2465,0,BTN,0,3,True,Ad Td 6d 3h Kc,Qh 9d,-1755,1755,9,-1755,-10,1765
7396,2465,1,SB,0,0,False,,8h Tc,-10,10,2,0,-10,10
7397,2465,2,BB,0,3,True,Ad Td 6d 3h Kc,6c Ah,2000,-2000,10,0,-2000,2000
7398,2466,0,BTN,0,1,False,7s 4s 4h,As Ts,60,-60,6,60,-10,-50
7399,2466,1,SB,0,1,False,7s 4s 4h,9d 6c,-10,10,6,30,-10,-20
7400,2466,2,BB,0,3,True,7s 4s 4h 6h Tc,5h 9c,-20,20,14,130,-110,-20
7401,2467,0,BTN,0,3,True,Tc 3h 4s 5d Ts,4d 8s,0,0,10,0,1520,-1520
7402,2467,1,SB,0,0,False,,4h 7c,-10,10,2,0,-10,10
7403,2467,2,BB,0,3,True,Tc 3h 4s 5d Ts,2d 4c,-320,320,9,0,320,-320
7404,2468,0,BTN,0,2,False,Jh 6c 9d 2c,Th 8d,-380,380,8,-380,-10,390
7405,2468,1,SB,0,0,False,,9s 2h,-10,10,2,0,-10,10
7406,2468,2,BB,0,3,True,Jh 6c 9d 2c 6s,3c 9c,0,0,9,0,0,0
7407,2469,0,BTN,0,2,False,2d 4d Jc 3s,Th 5c,0,0,7,0,20,-20
7408,2469,1,SB,0,0,False,,Kd 2s,-10,10,2,0,-10,10
7409,2469,2,BB,0,2,False,2d 4d Jc 3s,7s 5d,-20,20,7,0,20,-20
7410,2470,0,BTN,0,3,True,9h 4c 3s Jc 8d,Jh Jd,2149,-2149,16,2149,-2000,-149
7411,2470,1,SB,0,1,False,9h 4c 3s,5d 5s,-797,797,8,817,-797,-20
7412,2470,2,BB,0,3,True,9h 4c 3s Jc 8d,2d 2c,-20,20,13,1714,-1694,-20
7413,2471,0,BTN,0,1,False,Qc 2d 3s,Js 7s,-380,380,7,-380,-10,390
7414,2471,1,SB,0,1,False,Qc 2d 3s,6h 2s,-10,10,6,-120,-10,130
7415,2471,2,BB,0,3,True,Qc 2d 3s 9s 4s,Qs Jh,416,-416,13,-20,-396,416
7416,2472,0,BTN,0,3,False,As Qs Jd 3h 8h,2h Td,0,0,9,0,320,-320
7417,2472,1,SB,0,0,False,,Ac 2d,-10,10,2,0,-10,10
7418,2472,2,BB,0,2,False,As Qs Jd 3h,Ks 6h,-80,80,7,0,80,-80
7419,2473,0,BTN,0,3,True,Qh 6c Jd 8h Td,Ts Ah,885,-885,9,885,-10,-875
7420,2473,1,SB,0,2,False,Qh 6c Jd 8h,Ac 4s,-100,100,8,0,-100,100
7421,2473,2,BB,0,3,True,Qh 6c Jd 8h Td,6h 5c,20,-20,9,0,-20,20
7422,2474,0,BTN,0,3,False,6c Td Qh 5s 7d,Kh Ks,593,-593,16,593,-149,-444
7423,2474,1,SB,0,2,False,6c Td Qh 5s,9h Jc,-10,10,9,505,-10,-495
7424,2474,2,BB,0,2,False,6c Td Qh 5s,9d Jh,-660,660,11,780,-120,-660
7425,2475,0,BTN,0,3,True,As 3d Td Ah 7s,4s 5h,0,0,10,0,40,-40
7426,2475,1,SB,0,0,False,,2h Kc,-10,10,2,0,-10,10
7427,2475,2,BB,0,3,True,As 3d Td Ah 7s,Qh 5d,-40,40,9,0,40,-40
7428,2476,0,BTN,0,3,True,Ks Td 7c 5h 3c,6d Th,0,0,9,0,320,-320
7429,2476,1,SB,0,3,True,Ks Td 7c 5h 3c,Ah Jh,250,-250,9,0,250,-250
7430,2476,2,BB,0,2,False,Ks Td 7c 5h,9d As,-80,80,7,0,80,-80
7431,2477,0,BTN,0,3,True,4h Ad Th Ks 7h,Jc 3c,0,0,9,0,-20,20
7432,2477,1,SB,0,3,True,4h Ad Th Ks 7h,5s 2s,-10,10,9,30,-10,-20
7433,2477,2,BB,0,3,True,4h Ad Th Ks 7h,3d 8d,-20,20,9,30,-10,-20
7434,2478,0,BTN,0,1,False,7h 9s Kd,4c Qc,-50,50,5,-50,-10,60
7435,2478,1,SB,0,0,False,,6c Ts,-10,10,2,0,-10,10
7436,2478,2,BB,0,2,False,7h 9s Kd 3d,Kc 2s,46,-46,9,0,-46,46
7437,2479,0,BTN,0,3,True,Kd Ad 5s Js 9c,3s Qs,-1967,1967,10,-1967,2017,-50
7438,2479,1,SB,0,3,False,Kd Ad 5s Js 9c,Ac 8s,100,-100,9,0,100,-100
7439,2479,2,BB,0,1,False,Kd Ad 5s,Tc 7s,-20,20,5,0,20,-20
7440,2480,0,BTN,0,2,False,4c Jc 6h 8s,2h Ad,0,0,7,0,80,-80
7441,2480,1,SB,0,0,False,,8h 6c,-10,10,2,0,-10,10
7442,2480,2,BB,0,2,False,4c Jc 6h 8s,Ah 2c,-80,80,7,0,80,-80
7443,2481,0,BTN,0,3,True,8s 9s Jd Kc 3s,5c Td,0,0,9,0,320,-320
7444,2481,1,SB,0,0,False,,8c Qh,-10,10,2,0,-10,10
7445,2481,2,BB,0,1,False,8s 9s Jd,4d Ah,-20,20,5,0,20,-20
7446,2482,0,BTN,0,3,True,6d 6s 8h 3d 2h,6c Ks,0,0,9,0,20,-20
7447,2482,1,SB,0,2,False,6d 6s 8h 3d,7h Qh,-382,382,10,402,-382,-20
7448,2482,2,BB,0,1,False,6d 6s 8h,9s 5c,-20,20,8,40,-20,-20
7449,2483,0,BTN,0,1,False,As 7c 8d,8c Th,0,0,5,0,20,-20
7450,2483,1,SB,0,3,False,As 7c 8d 7h 6h,Ad 5s,100,-100,9,0,100,-100
7451,2483,2,BB,0,1,False,As 7c 8d,4s Jd,-20,20,5,0,20,-20
7452,2484,0,BTN,0,0,False,,3d 5h,0,0,4,0,-20,20
7453,2484,1,SB,0,0,False,,6s 8c,-10,10,2,0,-10,10
7454,2484,2,BB,0,1,False,3h 4h 2h,Ah Jc,20,-20,6,0,-20,20
7455,2485,0,BTN,0,3,True,9c Jh 8s 7s Ks,9h 9d,2010,-2010,12,2010,-10,-2000
7456,2485,1,SB,0,3,True,9c Jh 8s 7s Ks,Qs Th,834.0999999999999,-834.0999999999999,8,-814.0999999999999,834.0999999999999,-20.0
7457,2485,2,BB,0,3,True,9c Jh 8s 7s Ks,6c 7h,-20,20,12,-1910,1930,-20
7458,2486,0,BTN,0,3,False,Qc 7h 9h 8h 9s,5s 9d,0,0,9,0,80,-80
7459,2486,1,SB,0,3,False,Qc 7h 9h 8h 9s,Tc Jh,60,-60,9,0,60,-60
7460,2486,2,BB,0,3,False,Qc 7h 9h 8h 9s,Jc 5h,-80,80,9,0,80,-80
7461,2487,0,BTN,0,3,False,2c Th 2s 6c Jd,Kh Jh,100,-100,14,100,-50,-50
7462,2487,1,SB,0,3,False,2c Th 2s 6c Jd,7c 9c,-137,137,12,157,-137,-20
7463,2487,2,BB,0,3,False,2c Th 2s 6c Jd,3c 8c,-20,20,14,40,-20,-20
7464,2488,0,BTN,0,1,False,Qs 5d Jd,Ad 3h,0,0,5,0,20,-20
7465,2488,1,SB,0,0,False,,Js 6h,-10,10,2,0,-10,10
7466,2488,2,BB,0,1,False,Qs 5d Jd,2h Th,-20,20,5,0,20,-20
7467,2489,0,BTN,0,3,True,4c Ah As 5h 2d,9d 3s,0,0,9,0,320,-320
7468,2489,1,SB,0,0,False,,4d 6s,-10,10,2,0,-10,10
7469,2489,2,BB,0,2,False,4c Ah As 5h,Qd Th,-80,80,7,0,80,-80
7470,2490,0,BTN,0,1,False,Kc 4d 3s,As 3h,0,0,6,0,-20,20
7471,2490,1,SB,0,1,False,Kc 4d 3s,Ts 9c,-60,60,6,0,-60,60
7472,2490,2,BB,0,3,True,Kc 4d 3s 9d 6s,Kh 5d,1523.8095238095239,-1523.8095238095239,10,0.0,-1523.8095238095239,1523.8095238095239
7473,2491,0,BTN,0,0,False,,Kh Ts,-50,50,4,-50,-10,60
7474,2491,1,SB,0,0,False,,Qd 9h,-60,60,4,0,-60,60
7475,2491,2,BB,0,3,True,7s 8c 3s 6h 5d,As Ac,-428,428,11,0,428,-428
7476,2492,0,BTN,0,3,True,5h 5c 9h 4s Ac,Kc 6c,-88,88,12,-88,-88,176
7477,2492,1,SB,0,3,True,5h 5c 9h 4s Ac,Th Kh,-1600,1600,11,0,-1600,1600
7478,2492,2,BB,0,3,True,5h 5c 9h 4s Ac,6s 6d,1700,-1700,10,0,-1700,1700
7479,2493,0,BTN,0,3,True,8h 8s 6s 2d Jd,8c Jc,2010,-2010,12,2010,-10,-2000
7480,2493,1,SB,0,0,False,,3s 2h,-10,10,2,0,-10,10
7481,2493,2,BB,0,1,False,8h 8s 6s,As 3h,20,-20,6,0,-20,20
7482,2494,0,BTN,0,2,False,5h Jh Qs 2s,Ks 2c,0,0,8,0,-20,20
7483,2494,1,SB,0,0,False,,6h 7d,-10,10,2,0,-10,10
7484,2494,2,BB,0,3,False,5h Jh Qs 2s Qc,5c 8d,20,-20,10,0,-20,20
7485,2495,0,BTN,0,3,True,3h 5c 6d 5h Qs,Kc Ac,60,-60,9,60,-10,-50
7486,2495,1,SB,0,3,True,3h 5c 6d 5h Qs,4c 7d,-10,10,9,50,-10,-40
7487,2495,2,BB,0,3,True,3h 5c 6d 5h Qs,Ah 2s,-20,20,10,-1910,1930,-20
7488,2496,0,BTN,0,1,False,6d 2s Ad,2d Qh,0,0,6,0,120,-120
7489,2496,1,SB,0,3,True,6d 2s Ad Jd Ac,Jh As,2000,-2000,11,0,2000,-2000
7490,2496,2,BB,0,1,False,6d 2s Ad,Jc 7h,-20,20,5,0,20,-20
7491,2497,0,BTN,0,3,True,7c Qc Qd Jd 4h,7d Ts,0,0,10,0,-480,480
7492,2497,1,SB,0,3,True,7c Qc Qd Jd 4h,As 6s,-100,100,9,0,-100,100
7493,2497,2,BB,0,3,True,7c Qc Qd Jd 4h,3h 3c,80,-80,9,0,-80,80
7494,2498,0,BTN,0,1,False,6c 5c As,3h 8s,0,0,5,0,20,-20
7495,2498,1,SB,0,2,False,6c 5c As Qs,Tc Ad,100,-100,7,0,100,-100
7496,2498,2,BB,0,1,False,6c 5c As,Ts 3c,-20,20,5,0,20,-20
7497,2499,0,BTN,0,3,True,Ad Ah 8c 6c Qh,2h 7h,0,0,10,0,-120,120
7498,2499,1,SB,0,0,False,,7d 5c,-10,10,2,0,-10,10
7499,2499,2,BB,0,3,True,Ad Ah 8c 6c Qh,Jc 7c,20,-20,9,0,-20,20
7500,2500,0,BTN,0,3,True,9c 9h 3s 2h Th,4s Ks,-1967,1967,10,-1967,2017,-50
7501,2500,1,SB,0,3,True,9c 9h 3s 2h Th,Qc Qs,-2000,2000,11,0,-2000,2000
7502,2500,2,BB,0,1,False,9c 9h 3s,4h Jh,-120,120,5,0,120,-120
7503,2501,0,BTN,0,1,False,2c As 4h,8c Qh,0,0,7,0,-120,120
7504,2501,1,SB,0,0,False,,7h 3h,-10,10,2,0,-10,10
7505,2501,2,BB,0,3,True,2c As 4h 3s Ks,Jc Ad,20,-20,9,0,-20,20
7506,2502,0,BTN,0,3,True,As 6c Jc 8d 4h,Kd 8s,-1967,1967,10,-1967,2017,-50
7507,2502,1,SB,0,0,False,,Jd Kh,20,-20,3,0,20,-20
7508,2502,2,BB,0,1,False,As 6c Jc,7c 9d,-20,20,5,0,20,-20
7509,2503,0,BTN,0,3,False,Ts Jh Jc 6h 8s,9h 5h,0,0,10,0,180,-180
7510,2503,1,SB,0,3,True,Ts Jh Jc 6h 8s,Qs 9s,232,-232,9,0,232,-232
7511,2503,2,BB,0,3,False,Ts Jh Jc 6h 8s,7d Kd,-20,20,9,0,20,-20
7512,2504,0,BTN,0,0,False,,Ts 9c,-50,50,4,-50,70,-20
7513,2504,1,SB,0,2,False,As 7s 9h Qh,Kc Kd,-240,240,9,0,-240,240
7514,2504,2,BB,0,3,True,As 7s 9h Qh 7c,Ah Th,1720.0,-1720.0,8,0.0,-1720.0,1720.0
7515,2505,0,BTN,0,3,True,4s 7d Js 2c 5h,5c 6h,0,0,11,0,1604,-1604
7516,2505,1,SB,0,0,False,,Jc 5s,-10,10,2,0,-10,10
7517,2505,2,BB,0,3,True,4s 7d Js 2c 5h,Ts 7c,-1280,1280,9,0,1280,-1280
7518,2506,0,BTN,0,3,True,4d Tc As Ad 4h,Qd Qs,2020,-2020,11,2020,-2000,-20
7519,2506,1,SB,0,0,False,,Qc Jh,-88,88,5,108,-88,-20
7520,2506,2,BB,0,2,False,4d Tc As Ad,4s 2s,-110,110,13,220,-110,-110
7521,2507,0,BTN,0,3,False,Tc Ad 8s 3c 2h,Ks Qh,-427,427,10,-427,477,-50
7522,2507,1,SB,0,1,False,Tc Ad 8s,8d 7h,-10,10,6,30,-10,-20
7523,2507,2,BB,0,3,True,Tc Ad 8s 3c 2h,3h 6s,-20,20,12,-790,810,-20
7524,2508,0,BTN,0,1,False,5h Js Kd,Ac 3h,0,0,7,0,-120,120
7525,2508,1,SB,0,0,False,,4c Qh,-10,10,2,0,-10,10
7526,2508,2,BB,0,3,False,5h Js Kd Tc 3c,Ah Jc,150,-150,12,0,-150,150
7527,2509,0,BTN,0,3,True,7h Qc 6h 9s Qh,Qd Jh,-2000,2000,12,-2000,-10,2010
7528,2509,1,SB,0,0,False,,Jc 2c,-10,10,2,0,-10,10
7529,2509,2,BB,0,3,False,7h Qc 6h 9s Qh,2h Th,20,-20,10,0,-20,20
7530,2510,0,BTN,0,1,False,5h Ac Qc,7c 6s,0,0,6,0,120,-120
7531,2510,1,SB,0,0,False,,Ks 5c,-10,10,2,0,-10,10
7532,2510,2,BB,0,1,False,5h Ac Qc,3d Kd,-20,20,5,0,20,-20
7533,2511,0,BTN,0,3,True,9d Qs Ks Ac Tc,8h Qh,550,-550,13,550,-275,-275
7534,2511,1,SB,0,0,False,,8d Td,20,-20,3,0,20,-20
7535,2511,2,BB,0,3,True,9d Qs Ks Ac Tc,4s 9s,-20,20,9,0,20,-20
7536,2512,0,BTN,0,3,True,Th 8d 9d 5c Ts,As Jh,60,-60,9,60,-10,-50
7537,2512,1,SB,0,1,False,Th 8d 9d,Td 8c,-10,10,6,30,-10,-20
7538,2512,2,BB,0,3,True,Th 8d 9d 5c Ts,6h 2d,-20,20,10,-1910,1930,-20
7539,2513,0,BTN,0,3,True,6h 4s 9s Ad 5d,Ks 3d,0,0,9,0,20,-20
7540,2513,1,SB,0,0,False,,8d Qc,-10,10,2,0,-10,10
7541,2513,2,BB,0,3,True,6h 4s 9s Ad 5d,2d Qs,-20,20,9,0,20,-20
7542,2514,0,BTN,0,1,False,5c 5s 6h,9h 8c,0,0,7,0,-120,120
7543,2514,1,SB,0,0,False,,Jh 2h,-10,10,2,0,-10,10
7544,2514,2,BB,0,2,False,5c 5s 6h Qc,Qd Qh,46,-46,9,0,-46,46
7545,2515,0,BTN,0,3,True,2s Kc 9c 9h 6h,7h 5h,-50,50,12,-50,100,-50
7546,2515,1,SB,0,1,False,2s Kc 9c,Ac 5d,60,-60,5,0,60,-60
7547,2515,2,BB,0,2,False,2s Kc 9c 9h,4c 5s,-80,80,8,0,80,-80
7548,2516,0,BTN,0,3,False,5h 5d 7s 4h Ks,6d 9c,0,0,9,0,40,-40
7549,2516,1,SB,0,0,False,,Kd 6h,-10,10,2,0,-10,10
7550,2516,2,BB,0,2,False,5h 5d 7s 4h,2h Qs,-20,20,7,0,20,-20
7551,2517,0,BTN,0,0,False,,3h 9s,0,0,4,0,-20,20
7552,2517,1,SB,0,0,False,,7d Tc,-10,10,2,0,-10,10
7553,2517,2,BB,0,2,False,8c Qs 5c 8d,8h Ah,20,-20,8,0,-20,20
7554,2518,0,BTN,0,1,False,Jh Qh 6h,3s Ts,0,0,5,0,20,-20
7555,2518,1,SB,0,2,False,Jh Qh 6h Kh,Jc Kd,60,-60,7,0,60,-60
7556,2518,2,BB,0,1,False,Jh Qh 6h,9s 3c,-20,20,5,0,20,-20
7557,2519,0,BTN,0,3,True,Kc Qh 6s 7h 8h,Qc Jh,2275,-2275,14,2275,-275,-2000
7558,2519,1,SB,0,2,False,Kc Qh 6s 7h,9c Jc,-100,100,8,0,-100,100
7559,2519,2,BB,0,3,False,Kc Qh 6s 7h 8h,9h Qd,46,-46,11,0,-46,46
7560,2520,0,BTN,0,3,True,8c Jd 3c 7s 9c,5d Jc,0,0,9,0,20,-20
7561,2520,1,SB,0,3,True,8c Jd 3c 7s 9c,4h Ah,60,-60,9,0,60,-60
7562,2520,2,BB,0,3,True,8c Jd 3c 7s 9c,4s Qh,-40,40,9,0,40,-40
7563,2521,0,BTN,0,3,False,Qh Th 5h Ad Qc,Jh 3h,0,0,9,0,20,-20
7564,2521,1,SB,0,1,False,Qh Th 5h,8d 5c,-10,10,6,30,-10,-20
7565,2521,2,BB,0,1,False,Qh Th 5h,Jc 6d,-20,20,8,40,-20,-20
7566,2522,0,BTN,0,3,True,8s Tc 4s 4h Qh,8c 7h,0,0,9,0,20,-20
7567,2522,1,SB,0,0,False,,5s Ks,20,-20,3,0,20,-20
7568,2522,2,BB,0,3,True,8s Tc 4s 4h Qh,2d 5h,-20,20,9,0,20,-20
7569,2523,0,BTN,0,2,False,Jh 8h 2s Ts,5s 2c,0,0,8,0,-20,20
7570,2523,1,SB,0,0,False,,9c 5c,-10,10,2,0,-10,10
7571,2523,2,BB,0,3,True,Jh 8h 2s Ts Ah,5d Td,20,-20,9,0,-20,20
7572,2524,0,BTN,0,3,True,Kh 3s 2c Jh 5s,Qs 8h,0,0,9,0,-20,20
7573,2524,1,SB,0,0,False,,8d 9h,-10,10,2,0,-10,10
7574,2524,2,BB,0,3,True,Kh 3s 2c Jh 5s,7d Ah,20,-20,9,0,-20,20
7575,2525,0,BTN,0,3,True,7d 6s 5c Ac 4c,Kc 5s,0,0,9,0,-20,20
7576,2525,1,SB,0,0,False,,4s Jh,-10,10,2,0,-10,10
7577,2525,2,BB,0,3,True,7d 6s 5c Ac 4c,5d Th,20,-20,9,0,-20,20
7578,2526,0,BTN,0,3,True,2c Td Qd 7d 8c,Js 9d,2010,-2010,10,2010,-10,-2000
7579,2526,1,SB,0,3,True,2c Td Qd 7d 8c,Ks 4c,-10,10,9,1605,-10,-1595
7580,2526,2,BB,0,3,True,2c Td Qd 7d 8c,Tc 3d,-110,110,14,130,-20,-110
7581,2527,0,BTN,0,3,True,6h 2h Qh Jd 9h,4h 5d,0,0,9,0,20,-20
7582,2527,1,SB,0,1,False,6h 2h Qh,Kc 8c,60,-60,5,0,60,-60
7583,2527,2,BB,0,3,True,6h 2h Qh Jd 9h,7c 4s,-20,20,9,0,20,-20
7584,2528,0,BTN,0,1,False,Jd 4c 4h,9h Td,-50,50,5,-50,-10,60
7585,2528,1,SB,0,2,False,Jd 4c 4h 8h,2c Ac,-750,750,9,0,-750,750
7586,2528,2,BB,0,3,True,Jd 4c 4h 8h 9c,Js 5c,1076,-1076,12,0,-1076,1076
7587,2529,0,BTN,0,3,True,Ac Qc Js 2s 7h,Ad 8d,-1856.7857142857142,1856.7857142857142,8,-1856.7857142857142,-10.0,1866.7857142857142
7588,2529,1,SB,0,3,True,Ac Qc Js 2s 7h,3h Tc,-10,10,11,-1770,-10,1780
7589,2529,2,BB,0,3,True,Ac Qc Js 2s 7h,Jh Ah,1819.0,-1819.0,11,-1799.0,-20.0,1819.0
7590,2530,0,BTN,0,0,False,,6s 4s,0,0,4,0,-20,20
7591,2530,1,SB,0,0,False,,2h 4h,-10,10,2,0,-10,10
7592,2530,2,BB,0,3,True,9h 2c 7s 8s Ad,Js Ac,93,-93,10,0,-93,93
7593,2531,0,BTN,0,3,True,As 3d Ad 4d 6d,5c 5d,225,-225,9,225,-10,-215
7594,2531,1,SB,0,3,True,As 3d Ad 4d 6d,9c 4s,-10,10,11,1780,-10,-1770
7595,2531,2,BB,0,3,False,As 3d Ad 4d 6d,Kh Th,-470,470,14,490,-20,-470
7596,2532,0,BTN,0,1,False,Qs 3h 4c,Jd 5h,0,0,5,0,20,-20
7597,2532,1,SB,0,2,False,Qs 3h 4c 8s,Qh Td,100,-100,7,0,100,-100
7598,2532,2,BB,0,2,False,Qs 3h 4c 8s,Kd 6h,-80,80,7,0,80,-80
7599,2533,0,BTN,0,0,False,,Tc 4s,0,0,4,0,-20,20
7600,2533,1,SB,0,0,False,,3h 8h,-10,10,2,0,-10,10
7601,2533,2,BB,0,3,True,Kd Ac Qh 4c Qc,7h Js,20,-20,9,0,-20,20
7602,2534,0,BTN,0,2,False,9d 4s Kh Th,2c Tc,0,0,7,0,80,-80
7603,2534,1,SB,0,3,True,9d 4s Kh Th Ts,9c Td,139,-139,9,0,139,-139
7604,2534,2,BB,0,2,False,9d 4s Kh Th,Ad 2s,-80,80,7,0,80,-80
7605,2535,0,BTN,0,3,True,2c 5s 4c Ts 3h,4h 6d,0,0,9,0,-20,20
7606,2535,1,SB,0,3,True,2c 5s 4c Ts 3h,Jd 9s,-60,60,9,0,-60,60
7607,2535,2,BB,0,3,True,2c 5s 4c Ts 3h,7d Qh,20,-20,9,0,-20,20
7608,2536,0,BTN,0,1,False,6s Js 4s,9d 7c,0,0,5,0,20,-20
7609,2536,1,SB,0,2,False,6s Js 4s 2h,9c Ks,100,-100,7,0,100,-100
7610,2536,2,BB,0,1,False,6s Js 4s,3h Td,-20,20,5,0,20,-20
7611,2537,0,BTN,0,3,True,5d 6d Kc 6c Ts,3c 6h,0,0,9,0,0,0
7612,2537,1,SB,0,0,False,,2s 4d,-10,10,2,0,-10,10
7613,2537,2,BB,0,3,True,5d 6d Kc 6c Ts,2c 4s,0,0,9,0,0,0
7614,2538,0,BTN,0,1,False,3d 8c 7h,3s Kc,0,0,5,0,20,-20
7615,2538,1,SB,0,0,False,,Qd 7s,-10,10,2,0,-10,10
7616,2538,2,BB,0,1,False,3d 8c 7h,5s Jh,-20,20,5,0,20,-20
7617,2539,0,BTN,0,3,False,3d 4d Jh Ks Jd,6d 8h,0,0,10,0,-20,20
7618,2539,1,SB,0,0,False,,Th 8s,-10,10,2,0,-10,10
7619,2539,2,BB,0,3,False,3d 4d Jh Ks Jd,2d 9d,20,-20,10,0,-20,20
7620,2540,0,BTN,0,3,True,Td 6c Qh 3h 3s,5d 5s,-1175,1175,11,-1175,1225,-50
7621,2540,1,SB,0,3,True,Td 6c Qh 3h 3s,3d 3c,537,-537,10,-517,537,-20
7622,2540,2,BB,0,3,True,Td 6c Qh 3h 3s,7h 6d,-20,20,11,-470,490,-20
7623,2541,0,BTN,0,1,False,8d Jc 3d,6d Qh,0,0,5,0,20,-20
7624,2541,1,SB,0,0,False,,7d 8s,-10,10,2,0,-10,10
7625,2541,2,BB,0,1,False,8d Jc 3d,6c Ks,-20,20,5,0,20,-20
7626,2542,0,BTN,0,3,True,7c 7h Td 2s 6d,6s Ad,100,-100,12,100,-50,-50
7627,2542,1,SB,0,2,False,7c 7h Td 2s,Jh Qs,100,-100,7,0,100,-100
7628,2542,2,BB,0,3,True,7c 7h Td 2s 6d,3h Js,-20,20,9,0,20,-20
7629,2543,0,BTN,0,3,True,4h Td 2h Kh Ts,8c 7d,0,0,10,0,1520,-1520
7630,2543,1,SB,0,0,False,,Kd 4s,-10,10,2,0,-10,10
7631,2543,2,BB,0,3,True,4h Td 2h Kh Ts,4d 8h,-1280,1280,9,0,1280,-1280
7632,2544,0,BTN,0,3,True,5d 9c 6c Jc 8h,3h Jd,0,0,10,0,-1280,1280
7633,2544,1,SB,0,0,False,,8d 5s,-10,10,2,0,-10,10
7634,2544,2,BB,0,3,True,5d 9c 6c Jc 8h,Jh 6s,744,-744,10,0,-744,744
7635,2545,0,BTN,0,3,False,6s 9c 7d Ad 6h,2c 7s,0,0,10,0,-20,20
7636,2545,1,SB,0,0,False,,3d Ks,-10,10,2,0,-10,10
7637,2545,2,BB,0,3,True,6s 9c 7d Ad 6h,6c 2s,46,-46,10,0,-46,46
7638,2546,0,BTN,0,1,False,8h 5s 7s,Qc As,60,-60,6,60,-10,-50
7639,2546,1,SB,0,0,False,,3d 2s,-10,10,2,0,-10,10
7640,2546,2,BB,0,3,False,8h 5s 7s Kh Qd,2d Qh,20,-20,10,0,-20,20
7641,2547,0,BTN,0,1,False,8c 6h As,Td 6c,0,0,5,0,20,-20
7642,2547,1,SB,0,0,False,,4s Ac,20,-20,3,0,20,-20
7643,2547,2,BB,0,3,False,8c 6h As Jc Kd,5c Tc,-320,320,9,0,320,-320
7644,2548,0,BTN,0,3,True,7d Ks 5d 9h Jd,7c 2d,0,0,10,0,-1520,1520
7645,2548,1,SB,0,0,False,,5c 6d,-10,10,2,0,-10,10
7646,2548,2,BB,0,2,False,7d Ks 5d 9h,Qs 7s,-80,80,7,0,80,-80
7647,2549,0,BTN,0,2,False,4s 8c 9h 3h,4c 5d,0,0,7,0,480,-480
7648,2549,1,SB,0,3,False,4s 8c 9h 3h 7d,Kd Kc,250,-250,9,0,250,-250
7649,2549,2,BB,0,2,False,4s 8c 9h 3h,Ks Tc,-480,480,7,0,480,-480
7650,2550,0,BTN,0,3,False,Ac As 6d 4d 5s,Qs 6s,96,-96,11,96,-10,-86
7651,2550,1,SB,0,3,False,Ac As 6d 4d 5s,4c Ad,250,-250,9,0,250,-250
7652,2550,2,BB,0,1,False,Ac As 6d,8c Jh,-20,20,5,0,20,-20
7653,2551,0,BTN,0,3,True,Kh As 6d 9h 9d,Js Qd,-1967,1967,10,-1967,2017,-50
7654,2551,1,SB,0,0,False,,Ks 7c,-10,10,2,0,-10,10
7655,2551,2,BB,0,2,False,Kh As 6d 9h,4c 4s,-80,80,7,0,80,-80
7656,2552,0,BTN,0,3,True,8d Jh 9d 8s Ks,As Ts,-1755,1755,9,-1755,-10,1765
7657,2552,1,SB,0,3,True,8d Jh 9d 8s Ks,Qd 3h,-10,10,9,-1595,-10,1605
7658,2552,2,BB,0,3,True,8d Jh 9d 8s Ks,8h 9h,660,-660,12,-640,-20,660
7659,2553,0,BTN,0,1,False,5s Jh Qc,4d Js,0,0,6,0,-20,20
7660,2553,1,SB,0,1,False,5s Jh Qc,3d 3s,-60,60,6,0,-60,60
7661,2553,2,BB,0,3,True,5s Jh Qc 8c 2s,6d As,-20,20,9,0,20,-20
7662,2554,0,BTN,0,3,True,5h Qh Ah 6s 6h,Qd Td,60,-60,9,60,-10,-50
7663,2554,1,SB,0,0,False,,3d As,-10,10,2,0,-10,10
7664,2554,2,BB,0,1,False,5h Qh Ah,2s 8d,-20,20,5,0,20,-20
7665,2555,0,BTN,0,2,False,8s Qd 7d 4d,8c Jd,0,0,8,0,-20,20
7666,2555,1,SB,0,0,False,,9s 3h,-10,10,2,0,-10,10
7667,2555,2,BB,0,3,True,8s Qd 7d 4d Ac,4h 6d,20,-20,9,0,-20,20
7668,2556,0,BTN,0,2,False,3h Qs 4s As,5d Jc,0,0,7,0,80,-80
7669,2556,1,SB,0,0,False,,Ks 4c,-10,10,2,0,-10,10
7670,2556,2,BB,0,2,False,3h Qs 4s As,6d 3c,-80,80,7,0,80,-80
7671,2557,0,BTN,0,2,False,4s Kd 4d Qc,Jd 7c,0,0,7,0,40,-40
7672,2557,1,SB,0,3,True,4s Kd 4d Qc 5c,Qh 2c,-10,10,9,5,-10,5
7673,2557,2,BB,0,3,True,4s Kd 4d Qc 5c,Js 3c,-20,20,12,-20,40,-20
7674,2558,0,BTN,0,3,True,4h 2h Js 5d Ks,Jh Jd,2010,-2010,12,2010,-10,-2000
7675,2558,1,SB,0,3,True,4h 2h Js 5d Ks,7d Td,-88,88,13,1918,-88,-1830
7676,2558,2,BB,0,2,False,4h 2h Js 5d,Th Jc,-260,260,11,280,-20,-260
7677,2559,0,BTN,0,3,True,9h 6s 6c 3d Ks,5c Ts,0,0,9,0,20,-20
7678,2559,1,SB,0,0,False,,7s 4c,-10,10,2,0,-10,10
7679,2559,2,BB,0,3,True,9h 6s 6c 3d Ks,4s 2s,-20,20,9,0,20,-20
7680,2560,0,BTN,0,3,False,Jd 7h 9d Qd 7s,7c 6c,60,-60,10,60,-10,-50
7681,2560,1,SB,0,0,False,,Kh 3s,-10,10,2,0,-10,10
7682,2560,2,BB,0,3,True,Jd 7h 9d Qd 7s,4s Ks,0,0,9,0,0,0
7683,2561,0,BTN,0,3,True,Qh 6d Ac 6c 3h,Kh Tc,-1967,1967,10,-1967,2017,-50
7684,2561,1,SB,0,3,False,Qh 6d Ac 6c 3h,Ah 7s,100,-100,9,0,100,-100
7685,2561,2,BB,0,1,False,Qh 6d Ac,8d 7h,-20,20,5,0,20,-20
7686,2562,0,BTN,0,3,True,3c 5s 9h 2c 4h,6d 6c,1638,-1638,14,1638,-819,-819
7687,2562,1,SB,0,3,True,3c 5s 9h 2c 4h,Tc 9c,-781,781,15,2734,-781,-1953
7688,2562,2,BB,0,3,True,3c 5s 9h 2c 4h,Jd 9s,-1815,1815,15,2145,-330,-1815
7689,2563,0,BTN,0,3,True,8d 4s 3d Ks 5h,Ts Jd,-50,50,12,-50,25,25
7690,2563,1,SB,0,3,True,8d 4s 3d Ks 5h,Qc 7c,0,0,9,0,0,0
7691,2563,2,BB,0,3,True,8d 4s 3d Ks 5h,7d Qh,0,0,9,0,0,0
7692,2564,0,BTN,0,3,True,9h 5d 8h 7h Kd,8d Qs,0,0,11,0,1604,-1604
7693,2564,1,SB,0,3,True,9h 5d 8h 7h Kd,6s 5s,2000,-2000,11,0,2000,-2000
7694,2564,2,BB,0,3,True,9h 5d 8h 7h Kd,7d 5c,-1280,1280,9,0,1280,-1280
7695,2565,0,BTN,0,3,True,5s 2h 9s 4c 2s,Qh Td,-50,50,12,-50,-50,100
7696,2565,1,SB,0,0,False,,Kc 6s,-10,10,2,0,-10,10
7697,2565,2,BB,0,3,True,5s 2h 9s 4c 2s,4d Js,40,-40,9,0,-40,40
7698,2566,0,BTN,0,3,True,2d Kc 4d 6s 7h,Qd 4h,0,0,9,0,20,-20
7699,2566,1,SB,0,3,True,2d Kc 4d 6s 7h,9d 8s,100,-100,9,0,100,-100
7700,2566,2,BB,0,3,True,2d Kc 4d 6s 7h,9c 5s,-20,20,9,0,20,-20
7701,2567,0,BTN,0,3,True,4h Qc 9c 2c 4d,9s Th,60,-60,9,60,-10,-50
7702,2567,1,SB,0,0,False,,8d 6s,-10,10,2,0,-10,10
7703,2567,2,BB,0,3,True,4h Qc 9c 2c 4d,Ks 7c,20,-20,9,0,-20,20
7704,2568,0,BTN,0,3,True,4h 4s 2s 6h 3d,6d 7c,0,0,9,0,-20,20
7705,2568,1,SB,0,3,True,4h 4s 2s 6h 3d,Jc Td,-60,60,9,0,-60,60
7706,2568,2,BB,0,3,True,4h 4s 2s 6h 3d,2c 8c,20,-20,9,0,-20,20
7707,2569,0,BTN,0,3,True,7c 2h Kc 8h Ts,8c Ac,-1502,1502,11,-1502,-10,1512
7708,2569,1,SB,0,3,True,7c 2h Kc 8h Ts,3h Kd,-10,10,11,-1595,-10,1605
7709,2569,2,BB,0,3,True,7c 2h Kc 8h Ts,Kh 2d,1480.0,-1480.0,10,-260.0,-1220.0,1480.0
7710,2570,0,BTN,0,2,False,Kh Qd Td 5s,Jh Ac,228,-228,9,228,-10,-218
7711,2570,1,SB,0,2,False,Kh Qd Td 5s,Ts 3h,-10,10,9,150,-10,-140
7712,2570,2,BB,0,2,False,Kh Qd Td 5s,Jd 4s,-110,110,11,130,-20,-110
7713,2571,0,BTN,0,3,True,6h Ad Ks 7c 3c,3h 9c,0,0,9,0,20,-20
7714,2571,1,SB,0,0,False,,Qd 8s,-10,10,2,0,-10,10
7715,2571,2,BB,0,3,True,6h Ad Ks 7c 3c,8c 4c,-20,20,9,0,20,-20
7716,2572,0,BTN,0,1,False,5d 7c 2s,4d 6d,0,0,6,0,-20,20
7717,2572,1,SB,0,0,False,,3s Jh,-10,10,2,0,-10,10
7718,2572,2,BB,0,1,False,5d 7c 2s,3h 5h,20,-20,6,0,-20,20
7719,2573,0,BTN,0,1,False,4h Td Js,7s Kh,0,0,6,0,-20,20
7720,2573,1,SB,0,1,False,4h Td Js,5h 9h,-10,10,5,-20,-10,30
7721,2573,2,BB,0,1,False,4h Td Js,Jc 4s,40,-40,7,-20,-20,40
7722,2574,0,BTN,0,3,True,8s 7h 5h As Ad,Jd 3s,0,0,10,0,120,-120
7723,2574,1,SB,0,3,True,8s 7h 5h As Ad,Kc Th,60,-60,9,0,60,-60
7724,2574,2,BB,0,3,True,8s 7h 5h As Ad,Qs 3c,-20,20,9,0,20,-20
7725,2575,0,BTN,0,3,True,6c 6h 9s 8d Kc,Td 3d,0,0,10,0,-1920,1920
7726,2575,1,SB,0,3,True,6c 6h 9s 8d Kc,5s 5h,-1440,1440,11,0,-1440,1440
7727,2575,2,BB,0,3,True,6c 6h 9s 8d Kc,7s 7h,320,-320,9,0,-320,320
7728,2576,0,BTN,0,1,False,Qc 3s 9s,Qs 6d,0,0,6,0,-20,20
7729,2576,1,SB,0,0,False,,Th 5d,-10,10,2,0,-10,10
7730,2576,2,BB,0,1,False,Qc 3s 9s,Qd 7s,20,-20,6,0,-20,20
7731,2577,0,BTN,0,1,False,8h 7d Th,9d Tc,100,-100,8,100,-50,-50
7732,2577,1,SB,0,3,True,8h 7d Th 7c 3h,Ad 5s,60,-60,9,0,60,-60
7733,2577,2,BB,0,3,True,8h 7d Th 7c 3h,5d Jd,-186,186,11,0,186,-186
7734,2578,0,BTN,0,2,False,As 3s Kc 4h,7c 2h,0,0,7,0,80,-80
7735,2578,1,SB,0,3,False,As 3s Kc 4h Ts,Jc Ks,60,-60,9,0,60,-60
7736,2578,2,BB,0,1,False,As 3s Kc,8c Js,-20,20,5,0,20,-20
7737,2579,0,BTN,0,0,False,,6s 3d,0,0,4,0,-20,20
7738,2579,1,SB,0,0,False,,2c 5d,-10,10,2,0,-10,10
7739,2579,2,BB,0,3,True,Ks 5h 8d Js Qh,8c 8s,464,-464,11,0,-464,464
7740,2580,0,BTN,0,1,False,Ad 5s 3h,5c 2s,0,0,6,0,-20,20
7741,2580,1,SB,0,1,False,Ad 5s 3h,9h 7h,-420,420,8,0,-420,420
7742,2580,2,BB,0,1,False,Ad 5s 3h,As 6h,20,-20,6,0,-20,20
7743,2581,0,BTN,0,3,False,2s Qc Jc 5c 4s,9s Jd,199,-199,13,199,-50,-149
7744,2581,1,SB,0,1,False,2s Qc Jc,Kd 7c,-10,10,7,130,-10,-120
7745,2581,2,BB,0,3,True,2s Qc Jc 5c 4s,Kh 3h,-20,20,12,40,-20,-20
7746,2582,0,BTN,0,0,False,,7c Ks,0,0,3,0,20,-20
7747,2582,1,SB,0,3,True,Jc 8s 2h 8d As,Ts Tc,255,-255,10,-235,255,-20
7748,2582,2,BB,0,1,False,Jc 8s 2h,2d 9h,-20,20,6,-20,40,-20
7749,2583,0,BTN,0,3,True,3d 4h 9h 4s 4d,8d Ad,5,-5,9,5,-10,5
7750,2583,1,SB,0,3,True,3d 4h 9h 4s 4d,Qc 3c,524,-524,13,-262,524,-262
7751,2583,2,BB,0,3,True,3d 4h 9h 4s 4d,7h Ac,-20,20,12,-110,130,-20
7752,2584,0,BTN,0,1,False,Td 6h 3h,4s 7s,0,0,6,0,-20,20
7753,2584,1,SB,0,0,False,,5h 8d,-10,10,2,0,-10,10
7754,2584,2,BB,0,3,True,Td 6h 3h Qc 9s,7c 3s,20,-20,9,0,-20,20
7755,2585,0,BTN,0,3,True,8d 9h Qc Kc 4c,2s 3h,0,0,11,0,-1520,1520
7756,2585,1,SB,0,0,False,,8h 4h,-10,10,2,0,-10,10
7757,2585,2,BB,0,3,True,8d 9h Qc Kc 4c,Tc Jd,2000,-2000,11,0,-2000,2000
7758,2586,0,BTN,0,3,True,2s 9d 2h 4h 5s,Jc 3d,0,0,9,0,1920,-1920
7759,2586,1,SB,0,3,True,2s 9d 2h 4h 5s,Kc Ad,150,-150,9,0,150,-150
7760,2586,2,BB,0,3,True,2s 9d 2h 4h 5s,Kd 7d,-1920,1920,9,0,1920,-1920
7761,2587,0,BTN,0,2,False,8h 3s Kh 4c,Ah Qc,-275,275,9,-275,550,-275
7762,2587,1,SB,0,3,False,8h 3s Kh 4c 3c,Kd 6d,240,-240,10,0,240,-240
7763,2587,2,BB,0,2,False,8h 3s Kh 4c,Jh 9h,-920,920,9,0,920,-920
7764,2588,0,BTN,0,3,True,4s 3c 2c Jh 6h,Ah 5s,25,-25,14,25,-50,25
7765,2588,1,SB,0,1,False,4s 3c 2c,Kd Ac,-420,420,8,0,-420,420
7766,2588,2,BB,0,3,False,4s 3c 2c Jh 6h,As 5h,600,-600,12,0,-600,600
7767,2589,0,BTN,0,2,False,9d 6s 4h Qd,8h 5s,0,0,7,0,80,-80
7768,2589,1,SB,0,3,True,9d 6s 4h Qd Tc,5c 6c,60,-60,9,0,60,-60
7769,2589,2,BB,0,1,False,9d 6s 4h,2c Ah,-20,20,5,0,20,-20
7770,2590,0,BTN,0,3,False,2h 9h 5d Ah Qh,3h 7h,0,0,11,0,-120,120
7771,2590,1,SB,0,0,False,,6d 2d,-10,10,2,0,-10,10
7772,2590,2,BB,0,3,False,2h 9h 5d Ah Qh,Kh 8c,186,-186,12,0,-186,186
7773,2591,0,BTN,0,3,True,Js 6h 8c 4d Jc,Ad 9c,-50,50,10,-50,2017,-1967
7774,2591,1,SB,0,3,True,Js 6h 8c 4d Jc,8s 9s,2884,-2884,14,-1442,2884,-1442
7775,2591,2,BB,0,3,True,Js 6h 8c 4d Jc,As 6d,-20,20,10,-1910,1930,-20
7776,2592,0,BTN,0,3,True,8c Qc 8d 3c Ks,2c 6s,0,0,9,0,0,0
7777,2592,1,SB,0,0,False,,5s 9d,-10,10,2,0,-10,10
7778,2592,2,BB,0,3,True,8c Qc 8d 3c Ks,9s 2d,0,0,9,0,0,0
7779,2593,0,BTN,0,1,False,9h Tc 2s,5c As,-50,50,7,-50,-50,100
7780,2593,1,SB,0,0,False,,6s 5d,-10,10,2,0,-10,10
7781,2593,2,BB,0,2,False,9h Tc 2s 9s,9d Js,20,-20,8,0,-20,20
7782,2594,0,BTN,0,3,True,Ac Kd 4h 3s Tc,6d 4c,0,0,9,0,20,-20
7783,2594,1,SB,0,3,True,Ac Kd 4h 3s Tc,Qd 8d,60,-60,9,0,60,-60
7784,2594,2,BB,0,3,True,Ac Kd 4h 3s Tc,7d Qs,-20,20,9,0,20,-20
7785,2595,0,BTN,0,3,True,4d 6d 9c 5d 6s,As Ac,429,-429,13,429,-50,-379
7786,2595,1,SB,0,3,True,4d 6d 9c 5d 6s,Ks Jd,-10,10,11,2005,-10,-1995
7787,2595,2,BB,0,1,False,4d 6d 9c,7h Ah,-120,120,8,240,-120,-120
7788,2596,0,BTN,0,2,False,4d Js Jd 6h,Tc 8h,0,0,7,0,20,-20
7789,2596,1,SB,0,0,False,,3d 6c,-10,10,2,0,-10,10
7790,2596,2,BB,0,2,False,4d Js Jd 6h,9d 2s,-20,20,7,0,20,-20
7791,2597,0,BTN,0,3,True,6h 4s 6c As Jd,6s Js,434.64285714285734,-434.6428571428571,8,434.64285714285734,-10.0,-424.6428571428571
7792,2597,1,SB,0,0,False,,Qh 2c,-10,10,2,0,-10,10
7793,2597,2,BB,0,3,True,6h 4s 6c As Jd,6d Jc,248,-248,12,0,-248,248
7794,2598,0,BTN,0,3,True,7c 6s 2c Jd 9d,Kh 5c,0,0,9,0,20,-20
7795,2598,1,SB,0,2,False,7c 6s 2c Jd,Qs Kc,100,-100,7,0,100,-100
7796,2598,2,BB,0,3,True,7c 6s 2c Jd 9d,Tc 5d,-20,20,9,0,20,-20
7797,2599,0,BTN,0,2,False,Kc 9c 9s Ks,3c 8d,0,0,8,0,-480,480
7798,2599,1,SB,0,3,True,Kc 9c 9s Ks Kh,7s 7d,0,0,11,0,0,0
7799,2599,2,BB,0,3,True,Kc 9c 9s Ks Kh,Qh As,-560.0,560.0,6,0.0,560.0,-560.0
7800,2600,0,BTN,0,2,False,4s 9d 4c 3s,6h Ad,96,-96,9,96,-10,-86
7801,2600,1,SB,0,0,False,,7h Tc,-10,10,2,0,-10,10
7802,2600,2,BB,0,3,True,4s 9d 4c 3s 3d,5s 6c,-20,20,9,0,20,-20
7803,2601,0,BTN,0,3,True,2c 6c 4d 4s 5c,4c Ad,1857.1428571428573,-1857.142857142857,12,1857.1428571428573,-1807.142857142857,-50.0
7804,2601,1,SB,0,3,True,2c 6c 4d 4s 5c,Jh Jd,100,-100,9,0,100,-100
7805,2601,2,BB,0,0,False,,7s Qc,-20,20,3,0,20,-20
7806,2602,0,BTN,0,1,False,9d Jd Th,7c 3h,0,0,5,0,20,-20
7807,2602,1,SB,0,0,False,,4c Js,-10,10,2,0,-10,10
7808,2602,2,BB,0,1,False,9d Jd Th,2c 6d,-20,20,5,0,20,-20
7809,2603,0,BTN,0,2,False,Qh 8d 5h 6c,Ts Td,60,-60,8,60,-10,-50
7810,2603,1,SB,0,1,False,Qh 8d 5h,8h 2h,-10,10,6,30,-10,-20
7811,2603,2,BB,0,3,True,Qh 8d 5h 6c 6d,4h 9d,-20,20,10,1930,-1910,-20
7812,2604,0,BTN,0,1,False,9s Kh 5d,3h 2h,0,0,5,0,20,-20
7813,2604,1,SB,0,0,False,,Kd 6c,-10,10,2,0,-10,10
7814,2604,2,BB,0,1,False,9s Kh 5d,6d Th,-20,20,5,0,20,-20
7815,2605,0,BTN,0,3,True,8d 2c 4s 8h Tc,9h Ac,88,-88,9,88,-10,-78
7816,2605,1,SB,0,3,True,8d 2c 4s 8h Tc,6c 7s,-10,10,10,105,-10,-95
7817,2605,2,BB,0,3,True,8d 2c 4s 8h Tc,As 3h,-20,20,12,40,-20,-20
7818,2606,0,BTN,0,3,True,5c 9h 4s Qs Jd,7s 3c,0,0,9,0,20,-20
7819,2606,1,SB,0,3,True,5c 9h 4s Qs Jd,2h Kh,100,-100,9,0,100,-100
7820,2606,2,BB,0,1,False,5c 9h 4s,Td 3s,-20,20,5,0,20,-20
7821,2607,0,BTN,0,1,False,8s 5c 6c,Jd 4c,0,0,5,0,20,-20
7822,2607,1,SB,0,3,False,8s 5c 6c 7d 8c,9h 6h,60,-60,9,0,60,-60
7823,2607,2,BB,0,1,False,8s 5c 6c,2d Qd,-20,20,5,0,20,-20
7824,2608,0,BTN,0,3,True,3d 6c 6s 7h 7s,8h 6h,1375,-1375,11,1375,-10,-1365
7825,2608,1,SB,0,0,False,,8c 2d,-10,10,2,0,-10,10
7826,2608,2,BB,0,3,False,3d 6c 6s 7h 7s,As 5d,20,-20,10,0,-20,20
7827,2609,0,BTN,0,2,False,5h 3d 7h Kc,6c Ad,96,-96,9,96,-10,-86
7828,2609,1,SB,0,0,False,,Qd 2s,-10,10,2,0,-10,10
7829,2609,2,BB,0,1,False,5h 3d 7h,4s 9s,20,-20,6,0,-20,20
7830,2610,0,BTN,0,0,False,,Js Qd,-50,50,4,-50,-10,60
7831,2610,1,SB,0,0,False,,8d 3c,-10,10,2,0,-10,10
7832,2610,2,BB,0,1,False,Td 7s As,Kd Kc,20,-20,6,0,-20,20
7833,2611,0,BTN,0,2,False,4s 4c Ac Kh,Td 7d,60,-60,8,60,-10,-50
7834,2611,1,SB,0,0,False,,Th 2d,-10,10,2,0,-10,10
7835,2611,2,BB,0,3,True,4s 4c Ac Kh 5s,7s 2c,-20,20,9,0,20,-20
7836,2612,0,BTN,0,0,False,,8s Jc,0,0,4,0,-20,20
7837,2612,1,SB,0,0,False,,Th 2h,-10,10,2,0,-10,10
7838,2612,2,BB,0,2,False,4d Ts 7d 9c,2s 2c,-80,80,7,0,80,-80
7839,2613,0,BTN,0,3,True,2s 7d Jc 6s Kd,7h 6h,-2000,2000,12,-2000,-10,2010
7840,2613,1,SB,0,0,False,,8h 6d,-10,10,2,0,-10,10
7841,2613,2,BB,0,3,True,2s 7d Jc 6s Kd,Ks 2h,200,-200,10,0,-200,200
7842,2614,0,BTN,0,3,True,Ts Qs 7h 4c Jd,Tc 8h,100,-100,12,100,-50,-50
7843,2614,1,SB,0,0,False,,9d 7c,-10,10,2,0,-10,10
7844,2614,2,BB,0,2,False,Ts Qs 7h 4c,5h As,-80,80,8,0,80,-80
7845,2615,0,BTN,0,3,True,Jc 4d 5s As 4c,3c Th,0,0,9,0,0,0
7846,2615,1,SB,0,0,False,,2h 6h,-10,10,2,0,-10,10
7847,2615,2,BB,0,1,False,Jc 4d 5s,2c 6c,20,-20,6,0,-20,20
7848,2616,0,BTN,0,1,False,7h 2c 7c,3h Jd,0,0,6,0,-20,20
7849,2616,1,SB,0,1,False,7h 2c 7c,9d Ts,-60,60,6,0,-60,60
7850,2616,2,BB,0,2,False,7h 2c 7c Ah,Ad 4s,20,-20,8,0,-20,20
7851,2617,0,BTN,0,3,True,Kc 9c 7s Ks 4s,8c Ad,-215,215,9,-215,-10,225
7852,2617,1,SB,0,0,False,,Tc 5s,-10,10,2,0,-10,10
7853,2617,2,BB,0,3,True,Kc 9c 7s Ks 4s,6s 6d,20,-20,9,0,-20,20
7854,2618,0,BTN,0,3,True,8h 7d 8c Th Ac,As 6c,2010,-2010,11,2010,-10,-2000
7855,2618,1,SB,0,0,False,,5d 9c,-10,10,2,0,-10,10
7856,2618,2,BB,0,1,False,8h 7d 8c,3h 7h,20,-20,6,0,-20,20
7857,2619,0,BTN,0,3,True,5s 8c 6s Jd 8d,Td 6d,-950,950,9,-950,970,-20
7858,2619,1,SB,0,1,False,5s 8c 6s,Jh Qs,60,-60,5,0,60,-60
7859,2619,2,BB,0,2,False,5s 8c 6s Jd,Qc 2h,-20,20,7,0,20,-20
7860,2620,0,BTN,0,3,True,2c 9c Js 4s Jh,Qd 5h,0,0,9,0,-20,20
7861,2620,1,SB,0,0,False,,8d 5c,-10,10,2,0,-10,10
7862,2620,2,BB,0,1,False,2c 9c Js,Qc 8s,20,-20,6,0,-20,20
7863,2621,0,BTN,0,3,True,2s 8s Ts 6d 6h,9s Ks,2010,-2010,12,2010,-10,-2000
7864,2621,1,SB,0,3,True,2s 8s Ts 6d 6h,3h 5c,-10,10,11,1905,-10,-1895
7865,2621,2,BB,0,3,True,2s 8s Ts 6d 6h,8c 4d,-1910,1910,14,1930,-20,-1910
7866,2622,0,BTN,0,3,True,2s Kh Ts 5c 6c,Qs Ad,-1825,1825,10,-1825,-10,1835
7867,2622,1,SB,0,0,False,,7c 2c,-10,10,2,0,-10,10
7868,2622,2,BB,0,3,True,2s Kh Ts 5c 6c,Td Tc,432,-432,12,0,-432,432
7869,2623,0,BTN,0,2,False,9c Js 7h 2s,6s 7c,0,0,7,0,20,-20
7870,2623,1,SB,0,2,False,9c Js 7h 2s,Qs Kh,60,-60,7,0,60,-60
7871,2623,2,BB,0,1,False,9c Js 7h,5h 3s,-20,20,5,0,20,-20
7872,2624,0,BTN,0,3,False,4s Qs 6s 9c Ac,Jc Th,-50,50,13,-50,-275,325
7873,2624,1,SB,0,2,False,4s Qs 6s 9c,Kd Js,-750,750,9,0,-750,750
7874,2624,2,BB,0,3,True,4s Qs 6s 9c Ac,Qd Ah,107,-107,11,0,-107,107
7875,2625,0,BTN,0,3,True,Kd 7d 9d 5d 2c,7s Ah,-50,50,12,-50,-50,100
7876,2625,1,SB,0,3,True,Kd 7d 9d 5d 2c,Qc Ac,-240,240,10,0,-240,240
7877,2625,2,BB,0,1,False,Kd 7d 9d,7c 5c,20,-20,6,0,-20,20
7878,2626,0,BTN,0,1,False,4s 3h Ac,5s 6h,0,0,5,0,20,-20
7879,2626,1,SB,0,3,False,4s 3h Ac Th 9s,As 7h,60,-60,9,0,60,-60
7880,2626,2,BB,0,2,False,4s 3h Ac Th,Qs 7s,-80,80,7,0,80,-80
7881,2627,0,BTN,0,2,False,Ks 7c 8c Jh,Ah 6h,-215,215,7,-215,-10,225
7882,2627,1,SB,0,1,False,Ks 7c 8c,3c 9c,-10,10,5,-20,-10,30
7883,2627,2,BB,0,3,True,Ks 7c 8c Jh 9s,8s 9d,80,-80,13,-20,-60,80
7884,2628,0,BTN,0,0,False,,2d Qs,0,0,4,0,-20,20
7885,2628,1,SB,0,0,False,,7c Td,-10,10,2,0,-10,10
7886,2628,2,BB,0,3,True,Qd Th Js 9d 4d,3c Qh,46,-46,10,0,-46,46
7887,2629,0,BTN,0,3,True,3c 9d 4s 2c 7d,Ts 4d,0,0,9,0,320,-320
7888,2629,1,SB,0,1,False,3c 9d 4s,5d 6d,60,-60,5,0,60,-60
7889,2629,2,BB,0,3,False,3c 9d 4s 2c 7d,8h 2h,-80,80,9,0,80,-80
7890,2630,0,BTN,0,3,False,4h 7s As Jd 6d,Qs Jc,199,-199,14,199,-50,-149
7891,2630,1,SB,0,3,True,4h 7s As Jd 6d,5s 5d,100,-100,9,0,100,-100
7892,2630,2,BB,0,3,True,4h 7s As Jd 6d,8s Td,-240,240,10,0,240,-240
7893,2631,0,BTN,0,3,True,Jd 8s Jc Ts Th,Qc 9d,1664.2857142857142,-1664.2857142857142,9,1664.2857142857142,-1614.2857142857142,-50.0
7894,2631,1,SB,0,3,True,Jd 8s Jc Ts Th,8d Kc,100,-100,9,0,100,-100
7895,2631,2,BB,0,1,False,Jd 8s Jc,6c 4s,-20,20,5,0,20,-20
7896,2632,0,BTN,0,3,True,Qd 6c 2d 9d Qh,Tc 4h,0,0,10,0,-1704,1704
7897,2632,1,SB,0,3,True,Qd 6c 2d 9d Qh,Ad Ah,1523.8095238095239,-1523.8095238095239,10,0.0,1523.8095238095239,-1523.8095238095239
7898,2632,2,BB,0,0,False,,Qs 8d,-240,240,5,0,240,-240
7899,2633,0,BTN,0,3,True,Qh Td Jc Qd 5c,6h 5s,0,0,12,0,-1920,1920
7900,2633,1,SB,0,0,False,,3d Ac,-10,10,2,0,-10,10
7901,2633,2,BB,0,3,True,Qh Td Jc Qd 5c,Tc Ks,107,-107,11,0,-107,107
7902,2634,0,BTN,0,3,True,8h Ks Jd 6s 7h,Ah 3c,0,0,9,0,20,-20
7903,2634,1,SB,0,1,False,8h Ks Jd,Qh 4h,60,-60,5,0,60,-60
7904,2634,2,BB,0,3,True,8h Ks Jd 6s 7h,5d 3h,-20,20,9,0,20,-20
7905,2635,0,BTN,0,3,True,Kh Tc Qc Js 3d,Qd 5d,100,-100,12,100,-50,-50
7906,2635,1,SB,0,0,False,,6h 5c,-10,10,2,0,-10,10
7907,2635,2,BB,0,3,True,Kh Tc Qc Js 3d,6d Jh,20,-20,9,0,-20,20
7908,2636,0,BTN,0,3,True,Ks 5h 8c 4h Qc,8s Kd,2010.0,-2010.0,8,2010.0,-10.0,-2000.0
7909,2636,1,SB,0,0,False,,9c 4d,-10,10,2,0,-10,10
7910,2636,2,BB,0,3,True,Ks 5h 8c 4h Qc,9s 8d,80,-80,9,0,-80,80
7911,2637,0,BTN,0,3,True,4d Kc 7s 2s Qs,7c Jd,0,0,10,0,1280,-1280
7912,2637,1,SB,0,1,False,4d Kc 7s,Ah Qc,-235,235,7,255,-235,-20
7913,2637,2,BB,0,3,True,4d Kc 7s 2s Qs,4s 8d,-110,110,14,-605,715,-110
7914,2638,0,BTN,0,3,True,8c Kc 2s 8s 3c,8d 3d,0,0,9,0,-20,20
7915,2638,1,SB,0,0,False,,9h 7c,-10,10,2,0,-10,10
7916,2638,2,BB,0,3,True,8c Kc 2s 8s 3c,Qd 9d,20,-20,9,0,-20,20
7917,2639,0,BTN,0,3,True,7h Ks 7s 2h 2d,3d 9h,0,0,9,0,0,0
7918,2639,1,SB,0,0,False,,4h Ts,-10,10,2,0,-10,10
7919,2639,2,BB,0,3,True,7h Ks 7s 2h 2d,Qs Th,0,0,9,0,0,0
7920,2640,0,BTN,0,3,True,7h Kc Ts 8s Kh,8d 4h,0,0,10,0,1920,-1920
7921,2640,1,SB,0,3,True,7h Kc Ts 8s Kh,Kd 2d,232,-232,9,0,232,-232
7922,2640,2,BB,0,2,False,7h Kc Ts 8s,5c 5s,-80,80,7,0,80,-80
7923,2641,0,BTN,0,3,True,5d Ks 4s 7d 6c,9s 7c,0,0,10,0,-1520,1520
7924,2641,1,SB,0,0,False,,6d 5h,-10,10,2,0,-10,10
7925,2641,2,BB,0,3,True,5d Ks 4s 7d 6c,4d 7s,800,-800,10,0,-800,800
7926,2642,0,BTN,0,3,True,9s Kc 6c Ks Qs,Qd Jd,2010,-2010,12,2010,-10,-2000
7927,2642,1,SB,0,0,False,,3s Qc,-10,10,2,0,-10,10
7928,2642,2,BB,0,3,True,9s Kc 6c Ks Qs,Qh 5d,0,0,12,0,0,0
7929,2643,0,BTN,0,3,True,Qs 5d 4c 2d 6s,Jh 2c,0,0,11,0,1604,-1604
7930,2643,1,SB,0,3,True,Qs 5d 4c 2d 6s,Qh Ks,2000,-2000,11,0,2000,-2000
7931,2643,2,BB,0,3,True,Qs 5d 4c 2d 6s,7d Qd,-1280,1280,9,0,1280,-1280
7932,2644,0,BTN,0,3,True,9h 4c 6c Ad As,6s 7d,0,0,9,0,20,-20
7933,2644,1,SB,0,2,False,9h 4c 6c Ad,Qc 2c,100,-100,7,0,100,-100
7934,2644,2,BB,0,3,True,9h 4c 6c Ad As,Ts 7c,-186,186,11,0,186,-186
7935,2645,0,BTN,0,3,True,Td Kd 9h Jc 3c,3h 9c,0,0,10,0,0,0
7936,2645,1,SB,0,3,True,Td Kd 9h Jc 3c,9d Qs,0,0,10,0,0,0
7937,2645,2,BB,0,3,True,Td Kd 9h Jc 3c,8c Qd,0,0,10,0,0,0
7938,2646,0,BTN,0,3,True,2d 7d Qs Kc 9s,3s Ks,754,-754,14,754,-88,-666
7939,2646,1,SB,0,3,True,2d 7d Qs Kc 9s,8d Jd,-150,150,9,0,-150,150
7940,2646,2,BB,0,3,True,2d 7d Qs Kc 9s,Ah Js,60,-60,10,0,-60,60
7941,2647,0,BTN,0,0,False,,Th 4d,0,0,4,0,-20,20
7942,2647,1,SB,0,0,False,,4c 9c,-10,10,2,0,-10,10
7943,2647,2,BB,0,3,True,6s 6h 6d As 3d,Qs Kd,20,-20,9,0,-20,20
7944,2648,0,BTN,0,3,True,9c 4d 4h 8s Ac,6s 7c,0,0,12,0,-1280,1280
7945,2648,1,SB,0,0,False,,Ks 5d,-10,10,2,0,-10,10
7946,2648,2,BB,0,3,True,9c 4d 4h 8s Ac,4c Qh,248,-248,12,0,-248,248
7947,2649,0,BTN,0,0,False,,6s 3c,0,0,4,0,-20,20
7948,2649,1,SB,0,0,False,,7d 8s,-10,10,2,0,-10,10
7949,2649,2,BB,0,1,False,7s Ts 9s,Qh Jd,-170,170,7,0,170,-170
7950,2650,0,BTN,0,2,False,Qh Ts Jh 3h,7s Ks,-215,215,7,-215,-10,225
7951,2650,1,SB,0,2,False,Qh Ts Jh 3h,5h 9h,-10,10,7,-95,-10,105
7952,2650,2,BB,0,2,False,Qh Ts Jh 3h,9d Td,-20,20,9,-20,40,-20
7953,2651,0,BTN,0,3,False,5d 9c 2h Ts 7s,4h Qc,0,0,9,0,20,-20
7954,2651,1,SB,0,0,False,,2s 8s,-10,10,2,0,-10,10
7955,2651,2,BB,0,3,False,5d 9c 2h Ts 7s,3c Kh,-20,20,9,0,20,-20
7956,2652,0,BTN,0,3,True,Ts 5h Ks 5c 6d,4s Tc,0,0,12,0,-1920,1920
7957,2652,1,SB,0,2,False,Ts 5h Ks 5c,Jh 9s,-300,300,9,0,-300,300
7958,2652,2,BB,0,3,False,Ts 5h Ks 5c 6d,Kc 9c,46,-46,11,0,-46,46
7959,2653,0,BTN,0,1,False,Qd 9s 5d,Ad 8d,60,-60,6,60,-10,-50
7960,2653,1,SB,0,1,False,Qd 9s 5d,As 3h,-10,10,6,30,-10,-20
7961,2653,2,BB,0,1,False,Qd 9s 5d,Tc 6s,-20,20,8,40,-20,-20
7962,2654,0,BTN,0,0,False,,Th As,-50,50,4,-50,70,-20
7963,2654,1,SB,0,3,True,2d 6s Qs 8c Qc,Kh Kc,580,-580,9,0,580,-580
7964,2654,2,BB,0,3,True,2d 6s Qs 8c Qc,Ah Ts,-1920,1920,9,0,1920,-1920
7965,2655,0,BTN,0,3,True,Tc 5c 8c Qh 7d,Jc 7h,0,0,9,0,-80,80
7966,2655,1,SB,0,3,True,Tc 5c 8c Qh 7d,Jh 5d,-10,10,10,405,-10,-395
7967,2655,2,BB,0,3,True,Tc 5c 8c Qh 7d,5h Kd,-20,20,12,40,-20,-20
7968,2656,0,BTN,0,3,False,Js 6h 5h Jd 9s,Ac 4s,-86,86,10,-86,-10,96
7969,2656,1,SB,0,0,False,,2h 5c,-10,10,2,0,-10,10
7970,2656,2,BB,0,2,False,Js 6h 5h Jd,7d 9h,-20,20,7,0,20,-20
7971,2657,0,BTN,0,1,False,4h 4s 2h,Qs 5s,-50,50,7,-50,-50,100
7972,2657,1,SB,0,1,False,4h 4s 2h,Jc 9s,-60,60,6,0,-60,60
7973,2657,2,BB,0,2,False,4h 4s 2h 2c,4c 8d,46,-46,9,0,-46,46
7974,2658,0,BTN,0,3,True,Qd 5h 4c 3c 6c,7h Js,0,0,9,0,40,-40
7975,2658,1,SB,0,3,False,Qd 5h 4c 3c 6c,Jh 4h,-88,88,15,176,-88,-88
7976,2658,2,BB,0,3,False,Qd 5h 4c 3c 6c,8h Ad,-20,20,14,40,-20,-20
7977,2659,0,BTN,0,3,True,3h Tc 9d Ks 2d,Qd 5c,0,0,9,0,20,-20
7978,2659,1,SB,0,3,True,3h Tc 9d Ks 2d,8h Qh,150,-150,9,0,150,-150
7979,2659,2,BB,0,3,True,3h Tc 9d Ks 2d,7c 8d,-150,150,11,0,150,-150
7980,2660,0,BTN,0,1,False,Ts 9s Qc,3s Ah,0,0,5,0,20,-20
7981,2660,1,SB,0,1,False,Ts 9s Qc,4s As,60,-60,5,0,60,-60
7982,2660,2,BB,0,1,False,Ts 9s Qc,5h 3d,-20,20,5,0,20,-20
7983,2661,0,BTN,0,3,True,5s Kc 2c 5d 5h,Qh 4c,0,0,10,0,1920,-1920
7984,2661,1,SB,0,0,False,,Jc 2d,-10,10,2,0,-10,10
7985,2661,2,BB,0,2,False,5s Kc 2c 5d,3d Qd,-20,20,7,0,20,-20
7986,2662,0,BTN,0,3,True,5d Qs 9h Qc 6h,7c Qh,0,0,11,0,0,0
7987,2662,1,SB,0,0,False,,3s 5h,-10,10,2,0,-10,10
7988,2662,2,BB,0,3,True,5d Qs 9h Qc 6h,8d 5s,0,0,9,0,0,0
7989,2663,0,BTN,0,3,True,Qs 5d Kc Qh Kd,Tc 6h,0,0,9,0,0,0
7990,2663,1,SB,0,0,False,,2s 9d,-10,10,2,0,-10,10
7991,2663,2,BB,0,3,True,Qs 5d Kc Qh Kd,2h 9s,0,0,9,0,0,0
7992,2664,0,BTN,0,3,True,2d 6h 8d Ac 6s,3s 3h,610,-610,10,610,-590,-20
7993,2664,1,SB,0,0,False,,9d 7d,20,-20,3,0,20,-20
7994,2664,2,BB,0,3,True,2d 6h 8d Ac 6s,2s 5h,120,-120,9,0,-120,120
7995,2665,0,BTN,0,3,True,Ac 5s Td 6d 5d,6s 3d,0,0,11,0,-1604,1604
7996,2665,1,SB,0,0,False,,Jh 5c,-10,10,2,0,-10,10
7997,2665,2,BB,0,3,True,Ac 5s Td 6d 5d,5h Qs,2000,-2000,12,0,-2000,2000
7998,2666,0,BTN,0,0,False,,Th 8d,0,0,4,0,-20,20
7999,2666,1,SB,0,0,False,,Tc 5d,-10,10,2,0,-10,10
8000,2666,2,BB,0,3,True,4h 5h 8h Kh 7c,4c Qc,-20,20,9,0,20,-20
8001,2667,0,BTN,0,3,True,8d 9s 2h Ks Tc,Qh 8s,0,0,12,0,-1280,1280
8002,2667,1,SB,0,0,False,,6c 2d,-10,10,2,0,-10,10
8003,2667,2,BB,0,3,True,8d 9s 2h Ks Tc,7c 9d,46,-46,10,0,-46,46
8004,2668,0,BTN,0,1,False,Ts Td 8c,Ks 6d,0,0,6,0,-20,20
8005,2668,1,SB,0,3,False,Ts Td 8c Js 2h,4s 5c,-10,10,9,-95,-10,105
8006,2668,2,BB,0,3,True,Ts Td 8c Js 2h,2c As,40,-40,12,-20,-20,40
8007,2669,0,BTN,0,3,True,8d Tc 2h 3h 6d,Js 2c,0,0,10,0,-1520,1520
8008,2669,1,SB,0,1,False,8d Tc 2h,Qd Ah,-100,100,6,0,-100,100
8009,2669,2,BB,0,3,True,8d Tc 2h 3h 6d,Ts 5h,1428.5714285714284,-1428.5714285714284,9,0.0,-1428.5714285714284,1428.5714285714284
8010,2670,0,BTN,0,3,True,2c Ks 4h 6d Kh,8c Kd,2020,-2020,12,2020,-2000,-20
8011,2670,1,SB,0,0,False,,3s 3c,20,-20,3,0,20,-20
8012,2670,2,BB,0,3,True,2c Ks 4h 6d Kh,4s Ts,80,-80,9,0,-80,80
8013,2671,0,BTN,0,2,False,3d 8d 4d 2s,Td Js,60,-60,8,60,-10,-50
8014,2671,1,SB,0,3,True,3d 8d 4d 2s 3c,Th Qs,60,-60,9,0,60,-60
8015,2671,2,BB,0,3,True,3d 8d 4d 2s 3c,6c 9c,-20,20,9,0,20,-20
8016,2672,0,BTN,0,1,False,Qs 5h 6d,3s Jd,0,0,5,0,20,-20
8017,2672,1,SB,0,0,False,,5s 7h,-10,10,2,0,-10,10
8018,2672,2,BB,0,2,False,Qs 5h 6d Jc,2h 9d,-20,20,7,0,20,-20
8019,2673,0,BTN,0,1,False,3h Ad Ah,8s Td,-50,50,5,-50,-10,60
8020,2673,1,SB,0,0,False,,Jc 2d,-10,10,2,0,-10,10
8021,2673,2,BB,0,2,False,3h Ad Ah 7d,Ac Qd,20,-20,8,0,-20,20
8022,2674,0,BTN,0,3,True,9c 5s 8s Ah 2s,3d 7c,0,0,9,0,20,-20
8023,2674,1,SB,0,2,False,9c 5s 8s Ah,Ts Qc,100,-100,7,0,100,-100
8024,2674,2,BB,0,3,True,9c 5s 8s Ah 2s,Jh 6c,-20,20,9,0,20,-20
8025,2675,0,BTN,0,3,True,4s 2c Th 7s 7d,Tc 9h,757,-757,12,757,-737,-20
8026,2675,1,SB,0,0,False,,Ks 5d,-10,10,2,0,-10,10
8027,2675,2,BB,0,3,True,4s 2c Th 7s 7d,4c Ts,248,-248,12,0,-248,248
8028,2676,0,BTN,0,2,False,Jd 2h 4d 6c,4c 3h,0,0,7,0,40,-40
8029,2676,1,SB,0,0,False,,Td 4h,-10,10,2,0,-10,10
8030,2676,2,BB,0,2,False,Jd 2h 4d 6c,Qd 8s,-20,20,7,0,20,-20
8031,2677,0,BTN,0,3,False,Th 8s 9d 3c 6s,7c Qc,100,-100,14,100,-50,-50
8032,2677,1,SB,0,3,True,Th 8s 9d 3c 6s,Qd Ad,60,-60,9,0,60,-60
8033,2677,2,BB,0,1,False,Th 8s 9d,4d 5s,-20,20,5,0,20,-20
8034,2678,0,BTN,0,3,True,3c 6h Qc 2d 9d,Kh 8h,-132,132,10,-132,-10,142
8035,2678,1,SB,0,3,True,3c 6h Qc 2d 9d,5s 7c,-10,10,9,-20,-10,30
8036,2678,2,BB,0,3,True,3c 6h Qc 2d 9d,Kc 2h,40,-40,12,-20,-20,40
8037,2679,0,BTN,0,3,True,8s Qs Ks Kc 6d,As Ac,2050,-2050,14,2050,-50,-2000
8038,2679,1,SB,0,3,True,8s Qs Ks Kc 6d,Ad 9c,-10,10,10,2005,-10,-1995
8039,2679,2,BB,0,0,False,,Jd 5s,-20,20,3,30,-10,-20
8040,2680,0,BTN,0,3,True,4d 7c Ks 6d 9d,Js 7d,0,0,9,0,20,-20
8041,2680,1,SB,0,2,False,4d 7c Ks 6d,As 8c,-88,88,12,572,-88,-484
8042,2680,2,BB,0,1,False,4d 7c Ks,8s Qs,-20,20,8,40,-20,-20
8043,2681,0,BTN,0,0,False,,5d 9c,0,0,4,0,-20,20
8044,2681,1,SB,0,0,False,,9d 5s,-10,10,2,0,-10,10
8045,2681,2,BB,0,2,False,4h Ks Ac Tc,Kd 8s,20,-20,8,0,-20,20
8046,2682,0,BTN,0,3,False,5h 8h 5d Kd 3d,Kc 6s,0,0,10,0,-20,20
8047,2682,1,SB,0,2,False,5h 8h 5d Kd,4s 2d,-10,10,8,30,-10,-20
8048,2682,2,BB,0,2,False,5h 8h 5d Kd,4d 6d,-20,20,8,30,-10,-20
8049,2683,0,BTN,0,2,False,4s Qc Qs Kh,Js 7c,0,0,7,0,20,-20
8050,2683,1,SB,0,3,True,4s Qc Qs Kh 8s,4d 3s,-10,10,9,30,-10,-20
8051,2683,2,BB,0,3,True,4s Qc Qs Kh 8s,Th 6h,-20,20,12,-20,40,-20
8052,2684,0,BTN,0,3,True,Tc 5h 5c Qd 6h,3d Qh,0,0,10,0,1920,-1920
8053,2684,1,SB,0,3,True,Tc 5h 5c Qd 6h,8h Td,209,-209,10,0,209,-209
8054,2684,2,BB,0,2,False,Tc 5h 5c Qd,3h 3s,-80,80,7,0,80,-80
8055,2685,0,BTN,0,3,False,6h Qc 5c 3c 6s,Ac 3h,0,0,9,0,20,-20
8056,2685,1,SB,0,0,False,,6d 9s,-10,10,2,0,-10,10
8057,2685,2,BB,0,1,False,6h Qc 5c,Js 2h,-20,20,5,0,20,-20
8058,2686,0,BTN,0,3,True,5c 3h 6s 2s 6d,6h 2h,0,0,10,0,-40,40
8059,2686,1,SB,0,3,True,5c 3h 6s 2s 6d,Kh Jd,-60,60,9,0,-60,60
8060,2686,2,BB,0,3,True,5c 3h 6s 2s 6d,2d Kc,20,-20,9,0,-20,20
8061,2687,0,BTN,0,1,False,Js 4h 5d,8h 3c,0,0,6,0,-20,20
8062,2687,1,SB,0,3,True,Js 4h 5d 7s 9h,7h Qh,-1600,1600,11,0,-1600,1600
8063,2687,2,BB,0,3,True,Js 4h 5d 7s 9h,Ah 7c,320,-320,9,0,-320,320
8064,2688,0,BTN,0,1,False,2h Td 6c,Ks As,-50,50,7,-50,-50,100
8065,2688,1,SB,0,3,True,2h Td 6c 6d 4s,3d Js,-10,10,11,-1808,-10,1818
8066,2688,2,BB,0,2,False,2h Td 6c 6d,2d 2c,-60,60,10,80,-20,-60
8067,2689,0,BTN,0,3,True,3d Qh 9d 9c 3h,7c 5c,-50,50,12,-50,100,-50
8068,2689,1,SB,0,1,False,3d Qh 9d,Jd Kh,60,-60,5,0,60,-60
8069,2689,2,BB,0,1,False,3d Qh 9d,5s 6s,-20,20,5,0,20,-20
8070,2690,0,BTN,0,3,True,5s 6d 2c 4d Js,8d 7s,0,0,11,0,-1520,1520
8071,2690,1,SB,0,2,False,5s 6d 2c 4d,Jd 9d,-250,250,8,0,-250,250
8072,2690,2,BB,0,3,True,5s 6d 2c 4d Js,8c 3d,2000,-2000,13,0,-2000,2000
8073,2691,0,BTN,0,3,True,Qd 7d Ac 3h 6h,Jc 4c,0,0,9,0,-20,20
8074,2691,1,SB,0,0,False,,2s Tc,-10,10,2,0,-10,10
8075,2691,2,BB,0,3,True,Qd 7d Ac 3h 6h,6c Js,20,-20,9,0,-20,20
8076,2692,0,BTN,0,1,False,6s Qs 7c,8s 3d,0,0,5,0,20,-20
8077,2692,1,SB,0,0,False,,2s Qh,-10,10,2,0,-10,10
8078,2692,2,BB,0,1,False,6s Qs 7c,5h Td,-20,20,5,0,20,-20
8079,2693,0,BTN,0,3,True,9c 7h 7s 9h 3h,9d Ts,2010,-2010,12,2010,-10,-2000
8080,2693,1,SB,0,0,False,,7d Qh,-10,10,2,0,-10,10
8081,2693,2,BB,0,1,False,9c 7h 7s,Kc Jd,-170,170,7,0,170,-170
8082,2694,0,BTN,0,1,False,6h Ts Jd,Ah Kd,-50,50,5,-50,-10,60
8083,2694,1,SB,0,3,True,6h Ts Jd 3h Qc,3c 2s,-10,10,11,1818,-10,-1808
8084,2694,2,BB,0,3,True,6h Ts Jd 3h Qc,Jh 7c,-1198,1198,10,1208,-10,-1198
8085,2695,0,BTN,0,3,True,Qc Ks 5c 7c 9c,5d 3s,0,0,10,0,1920,-1920
8086,2695,1,SB,0,0,False,,Ac 2c,-720,720,6,0,-720,720
8087,2695,2,BB,0,3,True,Qc Ks 5c 7c 9c,Js Jh,-1280,1280,9,0,1280,-1280
8088,2696,0,BTN,0,3,False,4s Jc 7s 5d Ad,Qd Td,-50,50,13,-50,-50,100
8089,2696,1,SB,0,1,False,4s Jc 7s,Kc 9c,-360,360,7,0,-360,360
8090,2696,2,BB,0,3,True,4s Jc 7s 5d Ad,As Kd,46,-46,10,0,-46,46
8091,2697,0,BTN,0,3,True,Ts 9d Qh 4c Kd,8h 3d,0,0,10,0,1520,-1520
8092,2697,1,SB,0,3,True,Ts 9d Qh 4c Kd,9h Js,2000,-2000,10,0,2000,-2000
8093,2697,2,BB,0,3,True,Ts 9d Qh 4c Kd,Qs 4h,1142.8571428571427,-1142.857142857143,10,0.0,-1142.857142857143,1142.8571428571427
8094,2698,0,BTN,0,2,False,5s Kc 2h 4c,Jd Qs,-86,86,8,-86,-10,96
8095,2698,1,SB,0,0,False,,6c 7s,-10,10,2,0,-10,10
8096,2698,2,BB,0,3,True,5s Kc 2h 4c Td,4s 6h,20,-20,9,0,-20,20
8097,2699,0,BTN,0,3,True,3d Jd 8h 8c 2s,Qc Ks,-132,132,10,-132,-10,142
8098,2699,1,SB,0,3,True,3d Jd 8h 8c 2s,9c 4h,-10,10,9,-20,-10,30
8099,2699,2,BB,0,3,True,3d Jd 8h 8c 2s,7d Ac,40,-40,12,-20,-20,40
8100,2700,0,BTN,0,3,True,Ts Jh 6c 2d 3c,9s Js,2275,-2275,14,2275,-275,-2000
8101,2700,1,SB,0,2,False,Ts Jh 6c 2d,7c Kc,-382,382,10,402,-382,-20
8102,2700,2,BB,0,3,True,Ts Jh 6c 2d 3c,Th Qd,-2000,2000,14,2020,-20,-2000
8103,2701,0,BTN,0,3,True,Qh 4d 8d 6d 4s,Qs 5s,-2000,2000,12,-2000,-10,2010
8104,2701,1,SB,0,0,False,,Ac 2s,-10,10,2,0,-10,10
8105,2701,2,BB,0,3,True,Qh 4d 8d 6d 4s,4h Ah,46,-46,10,0,-46,46
8106,2702,0,BTN,0,3,True,8s 8c Js Ks Qc,7d 3s,0,0,9,0,0,0
8107,2702,1,SB,0,0,False,,5c 9c,-10,10,2,0,-10,10
8108,2702,2,BB,0,3,True,8s 8c Js Ks Qc,3h Ts,0,0,9,0,0,0
8109,2703,0,BTN,0,3,True,3s 5d Td Kc 7s,4c 3d,0,0,10,0,-320,320
8110,2703,1,SB,0,2,False,3s 5d Td Kc,Qh 3h,-100,100,8,0,-100,100
8111,2703,2,BB,0,3,True,3s 5d Td Kc 7s,5h 6s,320,-320,10,0,-320,320
8112,2704,0,BTN,0,3,True,Kc 6c 4c 3c 2d,Ac 7c,2010,-2010,11,2010,-10,-2000
8113,2704,1,SB,0,3,True,Kc 6c 4c 3c 2d,9s 5c,-10,10,11,1780,-10,-1770
8114,2704,2,BB,0,3,True,Kc 6c 4c 3c 2d,Ad Ks,-1783,1783,14,1803,-20,-1783
8115,2705,0,BTN,0,3,True,6c 9s 3d 2d Jc,5s 5c,142,-142,10,142,-10,-132
8116,2705,1,SB,0,2,False,6c 9s 3d 2d,4s Td,-10,10,10,505,-10,-495
8117,2705,2,BB,0,2,False,6c 9s 3d 2d,Kd 7s,-95,95,9,105,-10,-95
8118,2706,0,BTN,0,2,False,Jd 2d Tc 2h,8c 8h,-275,275,9,-275,550,-275
8119,2706,1,SB,0,3,True,Jd 2d Tc 2h 2s,Kd Ts,2020,-2020,11,-2000,2020,-20
8120,2706,2,BB,0,3,True,Jd 2d Tc 2h 2s,4d 7d,-20,20,11,-1694,1714,-20
8121,2707,0,BTN,0,2,False,8c Js 4h 3c,Kc Td,-215,215,7,-215,-10,225
8122,2707,1,SB,0,0,False,,Ad 2c,-10,10,2,0,-10,10
8123,2707,2,BB,0,3,False,8c Js 4h 3c Kh,Jc Tc,186,-186,12,0,-186,186
8124,2708,0,BTN,0,3,True,Jd 7h 3c As 7d,6c Kc,-1825,1825,10,-1825,-10,1835
8125,2708,1,SB,0,0,False,,6d 2s,-10,10,2,0,-10,10
8126,2708,2,BB,0,1,False,Jd 7h 3c,7c 7s,20,-20,6,0,-20,20
8127,2709,0,BTN,0,3,False,Kh 7c Qc Kd Ah,Qs 4s,60,-60,10,60,-10,-50
8128,2709,1,SB,0,0,False,,Td 5h,-10,10,2,0,-10,10
8129,2709,2,BB,0,3,True,Kh 7c Qc Kd Ah,8h 3h,-20,20,9,0,20,-20
8130,2710,0,BTN,0,2,False,2s 9h Th 9d,9c 7c,100,-100,11,100,-50,-50
8131,2710,1,SB,0,0,False,,8h Kc,40,-40,4,-20,40,-20
8132,2710,2,BB,0,3,False,2s 9h Th 9d Jc,5d 7h,-20,20,14,210,-190,-20
8133,2711,0,BTN,0,0,False,,2s 4d,0,0,4,0,-20,20
8134,2711,1,SB,0,0,False,,8c 3c,-10,10,2,0,-10,10
8135,2711,2,BB,0,2,False,Jh 6s 6h 7h,8h Ah,20,-20,8,0,-20,20
8136,2712,0,BTN,0,3,True,Jd Ts 6h 4h 5h,Js Ad,2050,-2050,11,2050,-2000,-50
8137,2712,1,SB,0,2,False,Jd Ts 6h 4h,6c Ac,-484,484,12,572,-484,-88
8138,2712,2,BB,0,3,True,Jd Ts 6h 4h 5h,Kh 8c,-20,20,12,1930,-1910,-20
8139,2713,0,BTN,0,2,False,2s Ks 9s Ts,Tc 2c,0,0,7,0,80,-80
8140,2713,1,SB,0,0,False,,2d 8s,-10,10,2,0,-10,10
8141,2713,2,BB,0,1,False,2s Ks 9s,Ac 2h,-20,20,5,0,20,-20
8142,2714,0,BTN,0,3,True,Qs Jd 9s Th Jh,5c 8s,0,0,9,0,20,-20
8143,2714,1,SB,0,0,False,,6s 9d,-10,10,2,0,-10,10
8144,2714,2,BB,0,3,True,Qs Jd 9s Th Jh,2s Ac,-20,20,9,0,20,-20
8145,2715,0,BTN,0,0,False,,Qd 2s,0,0,3,0,20,-20
8146,2715,1,SB,0,1,False,6s 8c 6c,Kd Kh,60,-60,5,0,60,-60
8147,2715,2,BB,0,0,False,,3s 7c,-20,20,3,0,20,-20
8148,2716,0,BTN,0,3,True,9d 9s Qh 7d Js,2c 4s,0,0,11,0,-120,120
8149,2716,1,SB,0,2,False,9d 9s Qh 7d,Ah 4h,-100,100,8,0,-100,100
8150,2716,2,BB,0,1,False,9d 9s Qh,Tc 7h,-20,20,5,0,20,-20
8151,2717,0,BTN,0,1,False,Jh 5s Td,3h 6h,0,0,7,0,-120,120
8152,2717,1,SB,0,0,False,,7s Kh,-10,10,2,0,-10,10
8153,2717,2,BB,0,3,False,Jh 5s Td 9c 3d,Jd 7h,107,-107,12,0,-107,107
8154,2718,0,BTN,0,3,True,Qs 4s Kc 5h 7s,8d Jc,0,0,9,0,-20,20
8155,2718,1,SB,0,0,False,,8c 3s,-10,10,2,0,-10,10
8156,2718,2,BB,0,3,True,Qs 4s Kc 5h 7s,2h 4c,20,-20,9,0,-20,20
8157,2719,0,BTN,0,3,True,2c 2s Ah 9c 2d,8d Ad,2149,-2149,16,2149,-2000,-149
8158,2719,1,SB,0,1,False,2c 2s Ah,Kc 8c,-88,88,7,108,-88,-20
8159,2719,2,BB,0,2,False,2c 2s Ah 9c,Qh 3s,-110,110,11,130,-20,-110
8160,2720,0,BTN,0,2,False,Qd 6d 2h 6c,3d 5s,0,0,7,0,20,-20
8161,2720,1,SB,0,3,True,Qd 6d 2h 6c As,2c Kc,60,-60,9,0,60,-60
8162,2720,2,BB,0,2,False,Qd 6d 2h 6c,8c 4d,-20,20,7,0,20,-20
8163,2721,0,BTN,0,3,True,Jh 5h Js 4s 8h,3d 5d,0,0,11,0,-1604,1604
8164,2721,1,SB,0,1,False,Jh 5h Js,5s Qs,-100,100,6,0,-100,100
8165,2721,2,BB,0,3,True,Jh 5h Js 4s 8h,4d Jc,1760.0,-1760.0,8,0.0,-1760.0,1760.0
8166,2722,0,BTN,0,1,False,Jh Tc 4d,7d Qd,-50,50,5,-50,-10,60
8167,2722,1,SB,0,0,False,,6h 8d,-10,10,2,0,-10,10
8168,2722,2,BB,0,1,False,Jh Tc 4d,As 2c,20,-20,6,0,-20,20
8169,2723,0,BTN,0,3,True,4c Qs 9h Th 3c,As Ad,2010,-2010,12,2010,-10,-2000
8170,2723,1,SB,0,3,True,4c Qs 9h Th 3c,8c 5d,-10,10,10,1780,-10,-1770
8171,2723,2,BB,0,0,False,,Qd 8h,-20,20,3,30,-10,-20
8172,2724,0,BTN,0,3,False,9c 7c Kc 6c Ks,9h 9d,60,-60,10,60,-10,-50
8173,2724,1,SB,0,1,False,9c 7c Kc,7s Tc,-10,10,6,30,-10,-20
8174,2724,2,BB,0,3,True,9c 7c Kc 6c Ks,5h 2d,-20,20,13,1714,-1694,-20
8175,2725,0,BTN,0,1,False,As 3h 7c,Jd 9d,-300,300,6,-300,-10,310
8176,2725,1,SB,0,1,False,As 3h 7c,5s 3d,-10,10,6,-120,-10,130
8177,2725,2,BB,0,3,True,As 3h 7c 8d 8c,Ac Kh,386,-386,13,-20,-366,386
8178,2726,0,BTN,0,2,False,Kh Ts 8s 3d,6d 9d,60,-60,8,60,-10,-50
8179,2726,1,SB,0,0,False,,Tc 2c,-10,10,2,0,-10,10
8180,2726,2,BB,0,1,False,Kh Ts 8s,5c 4h,-20,20,5,0,20,-20
8181,2727,0,BTN,0,1,False,Ad Th 4s,9h 3d,0,0,7,0,-120,120
8182,2727,1,SB,0,0,False,,Jc 5s,-10,10,2,0,-10,10
8183,2727,2,BB,0,3,True,Ad Th 4s 2s 7s,9s 9c,20,-20,9,0,-20,20
8184,2728,0,BTN,0,3,False,Ac 2d 7h 7d 6c,2s As,60,-60,10,60,-10,-50
8185,2728,1,SB,0,0,False,,9s Th,20,-20,3,0,20,-20
8186,2728,2,BB,0,3,True,Ac 2d 7h 7d 6c,Td 5d,-20,20,9,0,20,-20
8187,2729,0,BTN,0,0,False,,2s Kh,0,0,4,0,-20,20
8188,2729,1,SB,0,0,False,,2h 3h,-10,10,2,0,-10,10
8189,2729,2,BB,0,2,False,7d 3s 3d 2d,Ah 8h,-80,80,7,0,80,-80
8190,2730,0,BTN,0,1,False,9d 2h 6d,7d Js,0,0,6,0,-20,20
8191,2730,1,SB,0,1,False,9d 2h 6d,Jd 8s,-10,10,5,-20,-10,30
8192,2730,2,BB,0,3,False,9d 2h 6d 6h Ah,2s 9h,172,-172,13,-20,-152,172
8193,2731,0,BTN,0,1,False,Qc 2c 7c,Ah 3c,0,0,6,0,-20,20
8194,2731,1,SB,0,0,False,,2s 5d,-10,10,2,0,-10,10
8195,2731,2,BB,0,2,False,Qc 2c 7c Ac,Kc 5s,20,-20,8,0,-20,20
8196,2732,0,BTN,0,3,True,6d 5s Ah Qs 8d,2d 2s,-50,50,9,-50,-10,60
8197,2732,1,SB,0,3,True,6d 5s Ah Qs 8d,9s 6s,250,-250,9,0,250,-250
8198,2732,2,BB,0,2,False,6d 5s Ah Qs,4h 4c,-80,80,7,0,80,-80
8199,2733,0,BTN,0,2,False,5d Qc 3c Kc,2h 4s,0,0,7,0,20,-20
8200,2733,1,SB,0,0,False,,6c 3d,-10,10,2,0,-10,10
8201,2733,2,BB,0,2,False,5d Qc 3c Kc,7h 6h,-20,20,7,0,20,-20
8202,2734,0,BTN,0,3,True,3s 6c 9c 9h 2d,Ah 5c,96,-96,10,96,-10,-86
8203,2734,1,SB,0,0,False,,8d Qc,-10,10,2,0,-10,10
8204,2734,2,BB,0,3,True,3s 6c 9c 9h 2d,4c Kh,20,-20,9,0,-20,20
8205,2735,0,BTN,0,3,False,5h Qd 3d 6d 3c,Jh 7h,-50,50,13,-50,-50,100
8206,2735,1,SB,0,3,True,5h Qd 3d 6d 3c,8c 9c,-88,88,10,108,-88,-20
8207,2735,2,BB,0,3,False,5h Qd 3d 6d 3c,3h 7c,40,-40,13,-20,-20,40
8208,2736,0,BTN,0,1,False,Td Ad 8s,6h 6d,-380,380,7,-380,-10,390
8209,2736,1,SB,0,3,True,Td Ad 8s 5s 4h,As 4c,1233,-1233,10,-1213,1233,-20
8210,2736,2,BB,0,3,True,Td Ad 8s 5s 4h,4d Ah,55,-55,12,-110,55,55
8211,2737,0,BTN,0,3,True,8s 3c 7h Jh 2d,Qc Qs,2010,-2010,12,2010,-10,-2000
8212,2737,1,SB,0,3,True,8s 3c 7h Jh 2d,5h Qh,-88,88,13,1628,-88,-1540
8213,2737,2,BB,0,3,True,8s 3c 7h Jh 2d,Ah Jd,-2000,2000,15,2020,-20,-2000
8214,2738,0,BTN,0,2,False,7d Qc 5d Tc,Js 5c,0,0,10,0,-180,180
8215,2738,1,SB,0,2,False,7d Qc 5d Tc,Kh 6h,-100,100,8,0,-100,100
8216,2738,2,BB,0,3,False,7d Qc 5d Tc 4c,As Th,46,-46,11,0,-46,46
8217,2739,0,BTN,0,3,True,5d Jd 5h 4d Kc,9s Jh,429,-429,13,429,-50,-379
8218,2739,1,SB,0,1,False,5d Jd 5h,Kh Qc,-235,235,7,255,-235,-20
8219,2739,2,BB,0,1,False,5d Jd 5h,3c 3d,-245,245,10,265,-20,-245
8220,2740,0,BTN,0,0,False,,6h 3c,0,0,4,0,-20,20
8221,2740,1,SB,0,0,False,,5s 9c,-10,10,2,0,-10,10
8222,2740,2,BB,0,1,False,Js Kc 7h,Th Ac,20,-20,6,0,-20,20
8223,2741,0,BTN,0,1,False,Tc 9h 6d,Td Jh,60,-60,6,60,-10,-50
8224,2741,1,SB,0,0,False,,3c 2h,-10,10,2,0,-10,10
8225,2741,2,BB,0,3,False,Tc 9h 6d 7s 7d,7c 5h,20,-20,10,0,-20,20
8226,2742,0,BTN,0,3,True,7s 2s Qd 3c Ah,Jd 2d,0,0,10,0,0,0
8227,2742,1,SB,0,2,False,7s 2s Qd 3c,9d Ks,100,-100,7,0,100,-100
8228,2742,2,BB,0,3,True,7s 2s Qd 3c Ah,Kc 9c,0,0,9,0,0,0
8229,2743,0,BTN,0,1,False,Qd Td Th,6s Ks,-50,50,5,-50,-10,60
8230,2743,1,SB,0,0,False,,2s Kd,-10,10,2,0,-10,10
8231,2743,2,BB,0,3,True,Qd Td Th 8h Qs,Ts 8s,107,-107,11,0,-107,107
8232,2744,0,BTN,0,1,False,Ah 5c 2d,9d 5s,0,0,5,0,20,-20
8233,2744,1,SB,0,3,True,Ah 5c 2d 2s 4h,5h Ad,232,-232,9,0,232,-232
8234,2744,2,BB,0,1,False,Ah 5c 2d,4s 8c,-20,20,5,0,20,-20
8235,2745,0,BTN,0,3,True,6d 6h 2c Ad 7s,Ac Ks,-1809.047619047619,1809.0476190476193,8,-1809.047619047619,-10.0,1819.0476190476193
8236,2745,1,SB,0,3,True,6d 6h 2c Ad 7s,3h 4h,-10,10,11,-1595,-10,1605
8237,2745,2,BB,0,3,True,6d 6h 2c Ad 7s,6s 8h,1866.6666666666665,-1866.6666666666667,13,-1806.6666666666667,-60.0,1866.6666666666665
8238,2746,0,BTN,0,3,True,9h 9s 4s 6h Qd,8c 7c,-50,50,12,-50,138,-88
8239,2746,1,SB,0,3,True,9h 9s 4s 6h Qd,Jc 6c,237,-237,10,-217,237,-20
8240,2746,2,BB,0,3,False,9h 9s 4s 6h Qd,2h 2d,-20,20,11,-40,60,-20
8241,2747,0,BTN,0,3,False,9c Jd Qs Ts 7d,Kc Jh,555,-555,11,555,-10,-545
8242,2747,1,SB,0,3,True,9c Jd Qs Ts 7d,2s Js,-10,10,11,1780,-10,-1770
8243,2747,2,BB,0,3,False,9c Jd Qs Ts 7d,9h Ah,-110,110,16,715,-605,-110
8244,2748,0,BTN,0,3,True,8d Ts 6d 9d 9h,Jc 8c,-875,875,9,-875,-10,885
8245,2748,1,SB,0,0,False,,3s Kh,-10,10,2,0,-10,10
8246,2748,2,BB,0,2,False,8d Ts 6d 9d,7h 2d,20,-20,8,0,-20,20
8247,2749,0,BTN,0,1,False,Th Qd 3h,Kh 3d,0,0,5,0,20,-20
8248,2749,1,SB,0,0,False,,Ac 4h,-10,10,2,0,-10,10
8249,2749,2,BB,0,1,False,Th Qd 3h,9d 2c,-20,20,5,0,20,-20
8250,2750,0,BTN,0,2,False,2c Qd Ad 7s,3h 9c,0,0,9,0,-120,120
8251,2750,1,SB,0,2,False,2c Qd Ad 7s,Kh 4h,-60,60,8,0,-60,60
8252,2750,2,BB,0,3,True,2c Qd Ad 7s 6h,7h Jc,20,-20,9,0,-20,20
8253,2751,0,BTN,0,3,True,8s 5s 4d Ac As,9d Th,60,-60,9,60,-10,-50
8254,2751,1,SB,0,0,False,,4c 5h,-10,10,2,0,-10,10
8255,2751,2,BB,0,1,False,8s 5s 4d,7c 3d,-20,20,5,0,20,-20
8256,2752,0,BTN,0,3,True,7c Kc 2s 2h 9c,6d Ah,60,-60,9,60,-10,-50
8257,2752,1,SB,0,0,False,,Qc 3h,-10,10,2,0,-10,10
8258,2752,2,BB,0,1,False,7c Kc 2s,5s 4h,20,-20,6,0,-20,20
8259,2753,0,BTN,0,3,True,Kc 8d Qc 2s Jc,Ah 7h,96,-96,10,96,-10,-86
8260,2753,1,SB,0,3,True,Kc 8d Qc 2s Jc,5s 2d,-10,10,9,30,-10,-20
8261,2753,2,BB,0,3,True,Kc 8d Qc 2s Jc,7s 9h,-20,20,9,30,-10,-20
8262,2754,0,BTN,0,2,False,Jd 4s 9c 8s,7h Qh,96,-96,9,96,-10,-86
8263,2754,1,SB,0,0,False,,Tc 4c,-10,10,2,0,-10,10
8264,2754,2,BB,0,2,False,Jd 4s 9c 8s,Qs 3d,-20,20,7,0,20,-20
8265,2755,0,BTN,0,3,True,Ad 2c 6s 4c 6c,Kc 2d,0,0,9,0,-20,20
8266,2755,1,SB,0,3,True,Ad 2c 6s 4c 6c,Qd 9c,-60,60,9,0,-60,60
8267,2755,2,BB,0,3,True,Ad 2c 6s 4c 6c,Kd 3s,20,-20,9,0,-20,20
8268,2756,0,BTN,0,3,True,8h Td Kd Tc 6d,3h 9s,0,0,9,0,20,-20
8269,2756,1,SB,0,0,False,,7h 5c,-10,10,2,0,-10,10
8270,2756,2,BB,0,3,True,8h Td Kd Tc 6d,4d 5s,-20,20,9,0,20,-20
8271,2757,0,BTN,0,3,True,9c Jd Ah 2d Kd,7d 3h,0,0,9,0,20,-20
8272,2757,1,SB,0,0,False,,2c 4h,-10,10,2,0,-10,10
8273,2757,2,BB,0,2,False,9c Jd Ah 2d,7h 3s,-20,20,7,0,20,-20
8274,2758,0,BTN,0,1,False,Qd 7c 4h,5s Qh,0,0,5,0,20,-20
8275,2758,1,SB,0,0,False,,Qs 6h,-10,10,2,0,-10,10
8276,2758,2,BB,0,1,False,Qd 7c 4h,Tc 2c,-20,20,5,0,20,-20
8277,2759,0,BTN,0,0,False,,8d 3h,0,0,4,0,-20,20
8278,2759,1,SB,0,0,False,,9h 5d,-10,10,2,0,-10,10
8279,2759,2,BB,0,1,False,3s Tc 9d,4h Kd,-20,20,5,0,20,-20
8280,2760,0,BTN,0,2,False,Jh Qh 9h 2h,4s Th,0,0,8,0,-20,20
8281,2760,1,SB,0,0,False,,Ad 8s,20,-20,3,0,20,-20
8282,2760,2,BB,0,3,True,Jh Qh 9h 2h Ah,2d 3h,20,-20,9,0,-20,20
8283,2761,0,BTN,0,3,True,As Tc 7c 4c 3c,6h Qh,-50,50,12,-50,325,-275
8284,2761,1,SB,0,0,False,,Js 6c,-10,10,2,0,-10,10
8285,2761,2,BB,0,3,True,As Tc 7c 4c 3c,8d 5c,-80,80,9,0,80,-80
8286,2762,0,BTN,0,1,False,2d 6h Ks,Js 7d,0,0,6,0,-20,20
8287,2762,1,SB,0,3,True,2d 6h Ks 2c 9s,Tc 8c,-88,88,10,108,-88,-20
8288,2762,2,BB,0,3,True,2d 6h Ks 2c 9s,5h 6s,40,-40,12,-20,-20,40
8289,2763,0,BTN,0,1,False,3d Qc Kc,Qs 2s,0,0,5,0,20,-20
8290,2763,1,SB,0,0,False,,Qh 5c,-10,10,2,0,-10,10
8291,2763,2,BB,0,1,False,3d Qc Kc,5s Ad,-20,20,5,0,20,-20
8292,2764,0,BTN,0,1,False,Kc 6d Ts,7d 8c,0,0,5,0,20,-20
8293,2764,1,SB,0,2,False,Kc 6d Ts 4s,7h As,60,-60,7,0,60,-60
8294,2764,2,BB,0,1,False,Kc 6d Ts,Jd 3h,-20,20,5,0,20,-20
8295,2765,0,BTN,0,3,True,6h 5h 7d 7c 4s,Ad Ks,-875,875,9,-875,-10,885
8296,2765,1,SB,0,3,True,6h 5h 7d 7c 4s,Kd 2c,-10,10,9,-395,-10,405
8297,2765,2,BB,0,3,True,6h 5h 7d 7c 4s,As 5d,40,-40,12,-20,-20,40
8298,2766,0,BTN,0,0,False,,5h Qd,0,0,4,0,-20,20
8299,2766,1,SB,0,0,False,,Tc 6d,-10,10,2,0,-10,10
8300,2766,2,BB,0,3,True,Kd 8c Ts 6c 6s,Ah As,-1238.095238095238,1238.095238095238,9,0.0,1238.095238095238,-1238.095238095238
8301,2767,0,BTN,0,1,False,2h 2s 2c,Tc Jd,60,-60,6,60,-10,-50
8302,2767,1,SB,0,3,True,2h 2s 2c 8h 5c,4h As,-1900,1900,11,0,-1900,1900
8303,2767,2,BB,0,3,True,2h 2s 2c 8h 5c,8s 9s,2000,-2000,12,0,-2000,2000
8304,2768,0,BTN,0,3,True,6h Js As Qs Ks,Kc 5c,60,-60,9,60,-10,-50
8305,2768,1,SB,0,0,False,,3h 7d,-10,10,2,0,-10,10
8306,2768,2,BB,0,3,True,6h Js As Qs Ks,4d 8d,20,-20,9,0,-20,20
8307,2769,0,BTN,0,3,True,8d 9s Qc 6c 2s,Ad 6d,-350,350,9,-350,370,-20
8308,2769,1,SB,0,3,True,8d 9s Qc 6c 2s,8s 7c,-10,10,9,-1595,-10,1605
8309,2769,2,BB,0,3,True,8d 9s Qc 6c 2s,4c Qh,660,-660,12,-20,-640,660
8310,2770,0,BTN,0,2,False,As 6s 8c Ts,9s 7d,0,0,8,0,-20,20
8311,2770,1,SB,0,0,False,,9d 3c,-10,10,2,0,-10,10
8312,2770,2,BB,0,3,False,As 6s 8c Ts Td,Tc 9h,20,-20,10,0,-20,20
8313,2771,0,BTN,0,3,True,4s 8s 3c 5d Ac,5h 2h,0,0,10,0,1520,-1520
8314,2771,1,SB,0,3,True,4s 8s 3c 5d Ac,9s 9d,1660,-1660,11,0,1660,-1660
8315,2771,2,BB,0,3,True,4s 8s 3c 5d Ac,8d 9c,-1280,1280,9,0,1280,-1280
8316,2772,0,BTN,0,3,True,Qh Th Jc 6c 3c,5s 9d,0,0,9,0,20,-20
8317,2772,1,SB,0,0,False,,Ac 3h,-10,10,2,0,-10,10
8318,2772,2,BB,0,1,False,Qh Th Jc,2d 7s,-20,20,5,0,20,-20
8319,2773,0,BTN,0,0,False,,Qd 7h,0,0,3,0,20,-20
8320,2773,1,SB,0,1,False,4s 5d Qh,7c 7d,60,-60,5,0,60,-60
8321,2773,2,BB,0,0,False,,3d 8c,-20,20,3,0,20,-20
8322,2774,0,BTN,0,2,False,Kh Ah Qh 6d,Jc 2s,0,0,7,0,20,-20
8323,2774,1,SB,0,1,False,Kh Ah Qh,5s As,60,-60,5,0,60,-60
8324,2774,2,BB,0,2,False,Kh Ah Qh 6d,5d 3c,-20,20,7,0,20,-20
8325,2775,0,BTN,0,2,False,Ad 5c Kd 7s,6h 4h,0,0,7,0,20,-20
8326,2775,1,SB,0,0,False,,7h 9d,-10,10,2,0,-10,10
8327,2775,2,BB,0,2,False,Ad 5c Kd 7s,Js 6c,-20,20,7,0,20,-20
8328,2776,0,BTN,0,3,True,6c Qh 8s Qd Kc,9c Qs,-1331.6666666666665,1331.6666666666665,8,-1331.6666666666665,-10.0,1341.6666666666665
8329,2776,1,SB,0,0,False,,2h 3c,-10,10,2,0,-10,10
8330,2776,2,BB,0,2,False,6c Qh 8s Qd,8h 8c,20,-20,8,0,-20,20
8331,2777,0,BTN,0,1,False,9h Ah 4h,5s 8c,0,0,5,0,20,-20
8332,2777,1,SB,0,3,True,9h Ah 4h Ad 8d,9s Qc,348,-348,9,0,348,-348
8333,2777,2,BB,0,1,False,9h Ah 4h,Kc 2d,-20,20,5,0,20,-20
8334,2778,0,BTN,0,2,False,4d 6d 7d Kc,Th 2d,0,0,7,0,40,-40
8335,2778,1,SB,0,0,False,,7s Qh,-10,10,2,0,-10,10
8336,2778,2,BB,0,3,False,4d 6d 7d Kc 6s,9c 8c,-320,320,10,0,320,-320
8337,2779,0,BTN,0,1,False,3h Jh 2h,7s 8h,0,0,6,0,-20,20
8338,2779,1,SB,0,0,False,,5d Ts,-10,10,2,0,-10,10
8339,2779,2,BB,0,3,True,3h Jh 2h Qh Qd,Jd 3d,20,-20,9,0,-20,20
8340,2780,0,BTN,0,3,True,2c Ks Jc 7c 9s,5h Jd,0,0,9,0,20,-20
8341,2780,1,SB,0,0,False,,9d 5d,-10,10,2,0,-10,10
8342,2780,2,BB,0,3,True,2c Ks Jc 7c 9s,4h Qc,-20,20,9,0,20,-20
8343,2781,0,BTN,0,3,True,5d 7c 5h Tc 8h,Jc 9h,1281,-1281,11,1281,-10,-1271
8344,2781,1,SB,0,1,False,5d 7c 5h,Th 7d,-10,10,5,-20,-10,30
8345,2781,2,BB,0,2,False,5d 7c 5h Tc,Ac 6s,-20,20,9,-20,40,-20
8346,2782,0,BTN,0,3,True,7s 6h 7c 5h Kc,6s Ks,199,-199,14,199,-50,-149
8347,2782,1,SB,0,3,True,7s 6h 7c 5h Kc,3c 3s,-150,150,9,0,-150,150
8348,2782,2,BB,0,3,True,7s 6h 7c 5h Kc,Qh 5d,20,-20,9,0,-20,20
8349,2783,0,BTN,0,3,True,3c 9s 5c 7h Tc,2d 6d,0,0,9,0,20,-20
8350,2783,1,SB,0,3,True,3c 9s 5c 7h Tc,Qd Jh,60,-60,9,0,60,-60
8351,2783,2,BB,0,3,True,3c 9s 5c 7h Tc,4d 8s,-20,20,9,0,20,-20
8352,2784,0,BTN,0,3,True,3d 4h 6s 8c Td,2h Ac,0,0,10,0,120,-120
8353,2784,1,SB,0,0,False,,5h Kc,-10,10,2,0,-10,10
8354,2784,2,BB,0,3,True,3d 4h 6s 8c Td,7s Jh,-40,40,9,0,40,-40
8355,2785,0,BTN,0,1,False,9d 8s 5c,Kd 4s,0,0,7,0,-120,120
8356,2785,1,SB,0,0,False,,Th 3h,-10,10,2,0,-10,10
8357,2785,2,BB,0,3,True,9d 8s 5c 5h 7c,Qs Jd,20,-20,9,0,-20,20
8358,2786,0,BTN,0,3,False,5s Jd 6s Qs 7d,3c Qd,0,0,10,0,480,-480
8359,2786,1,SB,0,3,False,5s Jd 6s Qs 7d,4s Ks,100,-100,9,0,100,-100
8360,2786,2,BB,0,3,False,5s Jd 6s Qs 7d,Tc As,-80,80,9,0,80,-80
8361,2787,0,BTN,0,3,True,3c Qh 7h Jh Th,2h 3s,0,0,10,0,320,-320
8362,2787,1,SB,0,3,True,3c Qh 7h Jh Th,4d Ah,580,-580,9,0,580,-580
8363,2787,2,BB,0,3,True,3c Qh 7h Jh Th,Td Js,-160,160,9,0,160,-160
8364,2788,0,BTN,0,1,False,2h 5d 3d,4h 8s,0,0,5,0,20,-20
8365,2788,1,SB,0,3,False,2h 5d 3d 2c 7c,3h 3s,60,-60,9,0,60,-60
8366,2788,2,BB,0,1,False,2h 5d 3d,Jh 9c,-20,20,5,0,20,-20
8367,2789,0,BTN,0,0,False,,7h Qs,0,0,4,0,-20,20
8368,2789,1,SB,0,0,False,,3h 2d,-10,10,2,0,-10,10
8369,2789,2,BB,0,3,True,6h 4d 6s 6d 8s,Jh Kh,20,-20,9,0,-20,20
8370,2790,0,BTN,0,3,True,3c Kd 2d 3d Qh,Tc 7c,-86,86,10,-86,-10,96
8371,2790,1,SB,0,0,False,,7h 6s,-10,10,2,0,-10,10
8372,2790,2,BB,0,3,True,3c Kd 2d 3d Qh,6c Jd,20,-20,9,0,-20,20
8373,2791,0,BTN,0,3,True,Ac Kc Jh 3c 7s,2h Jd,0,0,9,0,20,-20
8374,2791,1,SB,0,3,True,Ac Kc Jh 3c 7s,9h Qh,150,-150,9,0,150,-150
8375,2791,2,BB,0,3,True,Ac Kc Jh 3c 7s,Qs 2c,-20,20,9,0,20,-20
8376,2792,0,BTN,0,3,True,Ks Qs Qh Td As,5s 4s,-2000,2000,11,-2000,-10,2010
8377,2792,1,SB,0,0,False,,9c 5d,-10,10,2,0,-10,10
8378,2792,2,BB,0,1,False,Ks Qs Qh,Tc Ts,20,-20,6,0,-20,20
8379,2793,0,BTN,0,0,False,,Qc 9d,-50,50,4,-50,-10,60
8380,2793,1,SB,0,0,False,,5d Qh,-10,10,2,0,-10,10
8381,2793,2,BB,0,3,True,Th 5s Tc 7d Ks,Ah Kd,742,-742,10,0,-742,742
8382,2794,0,BTN,0,3,True,5c Jh 3c Qd Kd,2h 7c,0,0,9,0,1920,-1920
8383,2794,1,SB,0,3,True,5c Jh 3c Qd Kd,Qs Qc,580,-580,9,0,580,-580
8384,2794,2,BB,0,3,True,5c Jh 3c Qd Kd,Ah 3d,-1920,1920,9,0,1920,-1920
8385,2795,0,BTN,0,1,False,7h Td 5s,Kh 6c,0,0,6,0,-20,20
8386,2795,1,SB,0,1,False,7h Td 5s,Qs 4d,-10,10,5,-20,-10,30
8387,2795,2,BB,0,3,True,7h Td 5s Jd 2c,7d 6d,40,-40,12,-20,-20,40
8388,2796,0,BTN,0,3,True,Jc 7s 9c Jd 3c,5c 6d,0,0,9,0,20,-20
8389,2796,1,SB,0,3,True,Jc 7s 9c Jd 3c,Ac 6h,100,-100,9,0,100,-100
8390,2796,2,BB,0,3,True,Jc 7s 9c Jd 3c,6c 4h,-20,20,9,0,20,-20
8391,2797,0,BTN,0,2,False,Js 3s 8s 2d,9s 7c,0,0,8,0,480,-480
8392,2797,1,SB,0,3,True,Js 3s 8s 2d 2s,8d Kc,-400,400,10,0,-400,400
8393,2797,2,BB,0,2,False,Js 3s 8s 2d,6c Qs,-80,80,7,0,80,-80
8394,2798,0,BTN,0,2,False,Qh 7h 2s 4c,Ks 2c,0,0,8,0,-20,20
8395,2798,1,SB,0,0,False,,Jh 3c,-10,10,2,0,-10,10
8396,2798,2,BB,0,3,True,Qh 7h 2s 4c Th,4d 8c,20,-20,9,0,-20,20
8397,2799,0,BTN,0,0,False,,Qs 4c,0,0,4,0,-20,20
8398,2799,1,SB,0,0,False,,7h 2s,-10,10,2,0,-10,10
8399,2799,2,BB,0,3,True,3c Ac 9c 8s 5h,4d Kd,20,-20,9,0,-20,20
8400,2800,0,BTN,0,2,False,6d 8s As 9d,5d Qc,0,0,8,0,-20,20
8401,2800,1,SB,0,0,False,,5c Tc,-10,10,2,0,-10,10
8402,2800,2,BB,0,2,False,6d 8s As 9d,9h 7c,20,-20,8,0,-20,20
8403,2801,0,BTN,0,3,True,Qd 2d Qh 8c Jc,Kc 5c,5,-5,10,5,-10,5
8404,2801,1,SB,0,0,False,,8d Qc,-10,10,2,0,-10,10
8405,2801,2,BB,0,2,False,Qd 2d Qh 8c,6s Kd,-80,80,7,0,80,-80
8406,2802,0,BTN,0,2,False,2d 5d 7c 6c,9d Qc,142,-142,9,142,-10,-132
8407,2802,1,SB,0,0,False,,Qh 2s,-10,10,2,0,-10,10
8408,2802,2,BB,0,3,True,2d 5d 7c 6c 9h,Jh 9s,20,-20,9,0,-20,20
8409,2803,0,BTN,0,3,True,6d Ks Jd Ad Tc,Th 6h,2010,-2010,10,2010,-10,-2000
8410,2803,1,SB,0,0,False,,3h 4c,-10,10,2,0,-10,10
8411,2803,2,BB,0,2,False,6d Ks Jd Ad,7d Kh,20,-20,8,0,-20,20
8412,2804,0,BTN,0,2,False,9c Jh 2s 5s,Ac Qc,-275,275,8,-275,325,-50
8413,2804,1,SB,0,3,True,9c Jh 2s 5s Tc,Js Qs,1328,-1328,10,-1308,1328,-20
8414,2804,2,BB,0,3,False,9c Jh 2s 5s Tc,4d 7s,-20,20,10,-470,490,-20
8415,2805,0,BTN,0,1,False,3c Ks 6h,4s 9c,0,0,6,0,-20,20
8416,2805,1,SB,0,0,False,,9h 4d,-10,10,2,0,-10,10
8417,2805,2,BB,0,2,False,3c Ks 6h 7h,3s 7s,20,-20,8,0,-20,20
8418,2806,0,BTN,0,2,False,5c 3d Qc Kd,Th 2s,0,0,8,0,-20,20
8419,2806,1,SB,0,0,False,,7d 8s,-10,10,2,0,-10,10
8420,2806,2,BB,0,2,False,5c 3d Qc Kd,9d Kh,20,-20,8,0,-20,20
8421,2807,0,BTN,0,3,True,2h 6h 5s Tc Qd,Kh Qh,2010,-2010,10,2010,-10,-2000
8422,2807,1,SB,0,3,False,2h 6h 5s Tc Qd,Ac 4c,-235,235,11,255,-235,-20
8423,2807,2,BB,0,3,True,2h 6h 5s Tc Qd,3s 6s,-110,110,14,130,-20,-110
8424,2808,0,BTN,0,3,True,Ac Qd 3d Js 5s,7c 9s,0,0,11,0,1704,-1704
8425,2808,1,SB,0,0,False,,3c Ad,-10,10,2,0,-10,10
8426,2808,2,BB,0,3,True,Ac Qd 3d Js 5s,Tc As,-2000,2000,10,0,2000,-2000
8427,2809,0,BTN,0,3,True,6h 6c 2s Qd 2d,4c 4d,100,-100,12,100,-50,-50
8428,2809,1,SB,0,2,False,6h 6c 2s Qd,9c Kh,60,-60,7,0,60,-60
8429,2809,2,BB,0,3,True,6h 6c 2s Qd 2d,5h 4h,-140,140,10,0,140,-140
8430,2810,0,BTN,0,3,True,3s 9s Ks 7s 8s,8h 6c,0,0,9,0,0,0
8431,2810,1,SB,0,0,False,,Jd 8c,-10,10,2,0,-10,10
8432,2810,2,BB,0,1,False,3s 9s Ks,5d 6d,20,-20,6,0,-20,20
8433,2811,0,BTN,0,3,False,Ad Ac 8s Qs Jd,6d 3s,0,0,11,0,-320,320
8434,2811,1,SB,0,2,False,Ad Ac 8s Qs,9d Kh,-100,100,8,0,-100,100
8435,2811,2,BB,0,3,True,Ad Ac 8s Qs Jd,Qc 7s,432,-432,11,0,-432,432
8436,2812,0,BTN,0,3,True,8s 6d 3c Th 2s,Kd 8c,593,-593,16,593,-149,-444
8437,2812,1,SB,0,2,False,8s 6d 3c Th,Js As,-250,250,8,0,-250,250
8438,2812,2,BB,0,3,True,8s 6d 3c Th 2s,5c 6c,60,-60,10,0,-60,60
8439,2813,0,BTN,0,3,True,4c As 4d 2s 5c,9s Td,-50,50,12,-50,25,25
8440,2813,1,SB,0,3,True,4c As 4d 2s 5c,Kh Qh,0,0,9,0,0,0
8441,2813,2,BB,0,3,True,4c As 4d 2s 5c,Ks Qc,0,0,9,0,0,0
8442,2814,0,BTN,0,3,True,8h Ad 9c 6d 6h,Th Qc,325,-325,10,325,-275,-50
8443,2814,1,SB,0,1,False,8h Ad 9c,Jd Td,60,-60,5,0,60,-60
8444,2814,2,BB,0,3,False,8h Ad 9c 6d 6h,6s 4s,240,-240,11,0,-240,240
8445,2815,0,BTN,0,1,False,3c Kc 6h,6d 7h,0,0,5,0,20,-20
8446,2815,1,SB,0,1,False,3c Kc 6h,6s 4s,60,-60,5,0,60,-60
8447,2815,2,BB,0,1,False,3c Kc 6h,2c 7d,-20,20,5,0,20,-20
8448,2816,0,BTN,0,3,True,2d Tc 7d As 2c,6s 9s,-50,50,12,-50,-1175,1225
8449,2816,1,SB,0,0,False,,Jd 7c,-10,10,2,0,-10,10
8450,2816,2,BB,0,3,True,2d Tc 7d As 2c,Ah 4c,2000,-2000,10,0,-2000,2000
8451,2817,0,BTN,0,3,True,Tc Kh 7d As 6s,Ts 4h,0,0,9,0,-20,20
8452,2817,1,SB,0,0,False,,8s Jd,-10,10,2,0,-10,10
8453,2817,2,BB,0,3,True,Tc Kh 7d As 6s,4d Qs,20,-20,9,0,-20,20
8454,2818,0,BTN,0,3,False,Js Tc Qc 6h 4c,3c 6d,0,0,11,0,-160,160
8455,2818,1,SB,0,0,False,,2d Ac,-10,10,2,0,-10,10
8456,2818,2,BB,0,3,False,Js Tc Qc 6h 4c,Qh 7d,93,-93,11,0,-93,93
8457,2819,0,BTN,0,1,False,2h 9c 6s,3s 9d,0,0,5,0,20,-20
8458,2819,1,SB,0,0,False,,6c Th,-10,10,2,0,-10,10
8459,2819,2,BB,0,1,False,2h 9c 6s,5d 7s,-20,20,5,0,20,-20
8460,2820,0,BTN,0,3,True,Qh 4h Ad 4d Jh,Qc Ks,60,-60,9,60,-10,-50
8461,2820,1,SB,0,1,False,Qh 4h Ad,4s 2s,-10,10,6,30,-10,-20
8462,2820,2,BB,0,1,False,Qh 4h Ad,5c 3h,-20,20,6,30,-10,-20
8463,2821,0,BTN,0,3,True,7s Th 9d 9s 6s,3s Jc,0,0,11,0,-1520,1520
8464,2821,1,SB,0,2,False,7s Th 9d 9s,7h Kh,-300,300,9,0,-300,300
8465,2821,2,BB,0,3,True,7s Th 9d 9s 6s,9h Ad,2000.0,-2000.0,10,0.0,-2000.0,2000.0
8466,2822,0,BTN,0,3,True,3c 7c Qh 9c 2c,Qs 6s,-215,215,9,-215,-10,225
8467,2822,1,SB,0,3,True,3c 7c Qh 9c 2c,9d Th,-240,240,10,0,-240,240
8468,2822,2,BB,0,2,False,3c 7c Qh 9c,5d Tc,-20,20,7,0,20,-20
8469,2823,0,BTN,0,3,True,3s Jc Ac 6c 4d,5d Jd,88,-88,9,88,-10,-78
8470,2823,1,SB,0,0,False,,8s 4h,-10,10,2,0,-10,10
8471,2823,2,BB,0,3,True,3s Jc Ac 6c 4d,8h 6h,20,-20,9,0,-20,20
8472,2824,0,BTN,0,1,False,7h 6d Kh,Ad Jc,-50,50,6,-50,100,-50
8473,2824,1,SB,0,3,True,7h 6d Kh Qh Ks,6c Kd,-10,10,10,50,-10,-40
8474,2824,2,BB,0,3,False,7h 6d Kh Qh Ks,3s Jd,-20,20,10,-470,490,-20
8475,2825,0,BTN,0,3,True,4c 9h Kd Jh 7c,9s 8h,96,-96,10,96,-10,-86
8476,2825,1,SB,0,0,False,,4d 3h,-10,10,2,0,-10,10
8477,2825,2,BB,0,1,False,4c 9h Kd,2s Ts,-20,20,5,0,20,-20
8478,2826,0,BTN,0,3,True,2c Kd Ac 6s 6d,8d Tc,0,0,11,0,-1520,1520
8479,2826,1,SB,0,2,False,2c Kd Ac 6s,4s 4c,-300,300,9,0,-300,300
8480,2826,2,BB,0,3,True,2c Kd Ac 6s 6d,6h As,2000,-2000,11,0,-2000,2000
8481,2827,0,BTN,0,3,True,Jd Th 3c 5d Ts,9d 2h,0,0,9,0,-1920,1920
8482,2827,1,SB,0,3,True,Jd Th 3c 5d Ts,Ad Kd,-1900,1900,12,0,-1900,1900
8483,2827,2,BB,0,3,True,Jd Th 3c 5d Ts,Td Ks,2000,-2000,10,0,-2000,2000
8484,2828,0,BTN,0,3,True,2s As 6d 9s 5s,Qh Qs,2010,-2010,10,2010,-10,-2000
8485,2828,1,SB,0,3,True,2s As 6d 9s 5s,3c 2d,-10,10,11,1672,-10,-1662
8486,2828,2,BB,0,3,True,2s As 6d 9s 5s,4s Ts,-2000,2000,11,2010,-10,-2000
8487,2829,0,BTN,0,0,False,,Qs Th,-50,50,4,-50,-10,60
8488,2829,1,SB,0,0,False,,4c 9d,-10,10,2,0,-10,10
8489,2829,2,BB,0,1,False,Kh 6d 8h,Ac Ah,20,-20,6,0,-20,20
8490,2830,0,BTN,0,3,True,Ks 4s 2d 7s Jh,5d 9c,0,0,10,0,-1704,1704
8491,2830,1,SB,0,2,False,Ks 4s 2d 7s,Th Td,-240,240,9,0,-240,240
8492,2830,2,BB,0,3,True,Ks 4s 2d 7s Jh,Kc 5s,1904.7619047619046,-1904.7619047619048,8,0.0,-1904.7619047619048,1904.7619047619046
8493,2831,0,BTN,0,3,False,Qh 6s 5s 2d Qs,9c 5h,0,0,10,0,-20,20
8494,2831,1,SB,0,0,False,,Jd 7c,-10,10,2,0,-10,10
8495,2831,2,BB,0,3,True,Qh 6s 5s 2d Qs,Kd 2c,20,-20,9,0,-20,20
8496,2832,0,BTN,0,3,True,2h 3d Qh 4d 9d,8d Td,199,-199,14,199,-50,-149
8497,2832,1,SB,0,0,False,,7s Kc,-10,10,2,0,-10,10
8498,2832,2,BB,0,3,True,2h 3d Qh 4d 9d,Jd Ah,60,-60,10,0,-60,60
8499,2833,0,BTN,0,3,False,8d 2c 4d 9c Tc,As Kc,-50,50,13,-50,-50,100
8500,2833,1,SB,0,2,False,8d 2c 4d 9c,6d 5s,-10,10,8,30,-10,-20
8501,2833,2,BB,0,3,False,8d 2c 4d 9c Tc,6s 7h,40,-40,13,-20,-20,40
8502,2834,0,BTN,0,3,True,7h 6s Jd 5d As,4c 2c,0,0,9,0,-20,20
8503,2834,1,SB,0,3,True,7h 6s Jd 5d As,9h Qc,-60,60,9,0,-60,60
8504,2834,2,BB,0,1,False,7h 6s Jd,Qh 5h,20,-20,6,0,-20,20
8505,2835,0,BTN,0,1,False,Kc 3d Kh,Tc 7h,0,0,6,0,-20,20
8506,2835,1,SB,0,0,False,,7c 4s,-10,10,2,0,-10,10
8507,2835,2,BB,0,3,True,Kc 3d Kh 8h Jc,Th Qd,20,-20,9,0,-20,20
8508,2836,0,BTN,0,2,False,Th 9h Jc 7h,4h Td,0,0,7,0,80,-80
8509,2836,1,SB,0,0,False,,Jd 5h,-10,10,2,0,-10,10
8510,2836,2,BB,0,1,False,Th 9h Jc,2s Ad,-20,20,5,0,20,-20
8511,2837,0,BTN,0,3,True,7c 4c Jd Td Qd,8s 4s,0,0,9,0,60,-60
8512,2837,1,SB,0,3,True,7c 4c Jd Td Qd,9c As,100,-100,9,0,100,-100
8513,2837,2,BB,0,3,True,7c 4c Jd Td Qd,5d 6h,-186,186,11,0,186,-186
8514,2838,0,BTN,0,3,True,Ac 8d 4s Ks 8s,9c 9h,-50,50,12,-50,-50,100
8515,2838,1,SB,0,3,True,Ac 8d 4s Ks 8s,6h 5c,-10,10,11,-1895,-10,1905
8516,2838,2,BB,0,1,False,Ac 8d 4s,2s Kd,-20,20,8,40,-20,-20
8517,2839,0,BTN,0,3,True,3s 9h 9d 7h Kh,8d Kc,199,-199,14,199,-50,-149
8518,2839,1,SB,0,3,True,3s 9h 9d 7h Kh,5d Ac,100,-100,9,0,100,-100
8519,2839,2,BB,0,3,True,3s 9h 9d 7h Kh,Jd Qc,-20,20,9,0,20,-20
8520,2840,0,BTN,0,1,False,Qh 3s 6h,Jd Tc,-50,50,6,-50,100,-50
8521,2840,1,SB,0,2,False,Qh 3s 6h 7h,Js Qs,60,-60,7,0,60,-60
8522,2840,2,BB,0,1,False,Qh 3s 6h,4c 8c,-20,20,5,0,20,-20
8523,2841,0,BTN,0,3,True,2c As 2s 4c 6c,Kc Jd,100,-100,12,100,-50,-50
8524,2841,1,SB,0,3,True,2c As 2s 4c 6c,Ts Kh,-88,88,13,176,-88,-88
8525,2841,2,BB,0,3,True,2c As 2s 4c 6c,Kd 8s,-20,20,12,40,-20,-20
8526,2842,0,BTN,0,3,True,9d Th 4d 4s Kd,7s 8h,0,0,9,0,20,-20
8527,2842,1,SB,0,0,False,,2h Qc,-10,10,2,0,-10,10
8528,2842,2,BB,0,3,True,9d Th 4d 4s Kd,8c 6s,-20,20,9,0,20,-20
8529,2843,0,BTN,0,3,True,Ad Ts Jc 2h 4d,Kh Th,-1755,1755,9,-1755,-10,1765
8530,2843,1,SB,0,0,False,,Qc 5h,-10,10,2,0,-10,10
8531,2843,2,BB,0,3,False,Ad Ts Jc 2h 4d,Ac Tc,107,-107,12,0,-107,107
8532,2844,0,BTN,0,2,False,5d 6d Jd Qh,2h 9s,0,0,7,0,20,-20
8533,2844,1,SB,0,0,False,,2s Jc,-10,10,2,0,-10,10
8534,2844,2,BB,0,2,False,5d 6d Jd Qh,8h 2c,-20,20,7,0,20,-20
8535,2845,0,BTN,0,3,False,6s 3c 7s 3s 2h,Jc Kc,-590,590,10,-590,610,-20
8536,2845,1,SB,0,3,True,6s 3c 7s 3s 2h,5c 6c,255,-255,10,-235,255,-20
8537,2845,2,BB,0,3,False,6s 3c 7s 3s 2h,Tc 2c,-20,20,10,-40,60,-20
8538,2846,0,BTN,0,2,False,Qc Ts 4c Ad,8c 7d,0,0,9,0,-80,80
8539,2846,1,SB,0,2,False,Qc Ts 4c Ad,9c 6c,-240,240,9,0,-240,240
8540,2846,2,BB,0,3,True,Qc Ts 4c Ad 3s,5d Tc,46,-46,10,0,-46,46
8541,2847,0,BTN,0,0,False,,Qd 6h,0,0,4,0,-20,20
8542,2847,1,SB,0,0,False,,6s 8h,-10,10,2,0,-10,10
8543,2847,2,BB,0,3,True,9h 6d Kh 5c 7c,Kc 6c,-2000,2000,10,0,2000,-2000
8544,2848,0,BTN,0,1,False,Kh 5h Ac,5d Th,0,0,5,0,20,-20
8545,2848,1,SB,0,3,False,Kh 5h Ac Jc Ts,7c As,100,-100,9,0,100,-100
8546,2848,2,BB,0,1,False,Kh 5h Ac,2c 8c,-20,20,5,0,20,-20
8547,2849,0,BTN,0,3,False,7h 7s 7c 8d 5s,8s Kh,323,-323,12,323,-10,-313
8548,2849,1,SB,0,0,False,,9s 5c,-10,10,2,0,-10,10
8549,2849,2,BB,0,1,False,7h 7s 7c,9h Tc,20,-20,6,0,-20,20
8550,2850,0,BTN,0,3,True,Td 4c 8s Js 9h,7d 5h,0,0,9,0,-160,160
8551,2850,1,SB,0,1,False,Td 4c 8s,4h Kh,-60,60,6,0,-60,60
8552,2850,2,BB,0,3,True,Td 4c 8s Js 9h,6h 8c,560,-560,10,0,-560,560
8553,2851,0,BTN,0,3,True,2s 7s Td 5d Th,2d Qh,0,0,11,0,-1988,1988
8554,2851,1,SB,0,0,False,,2c 6h,-10,10,2,0,-10,10
8555,2851,2,BB,0,3,True,2s 7s Td 5d Th,Qs 5h,80,-80,9,0,-80,80
8556,2852,0,BTN,0,3,True,9c Js 4h 4s Ts,As Ac,1159.0,-1159.0,9,1159.0,-1109.0,-50.0
8557,2852,1,SB,0,0,False,,5h Jh,-10,10,3,30,-10,-20
8558,2852,2,BB,0,0,False,,Td 7d,-240,240,5,250,-10,-240
8559,2853,0,BTN,0,3,False,Js 7d Qd Ad 4s,Ah 4h,96,-96,11,96,-10,-86
8560,2853,1,SB,0,2,False,Js 7d Qd Ad,5s Qs,100,-100,7,0,100,-100
8561,2853,2,BB,0,1,False,Js 7d Qd,5d 9h,-20,20,5,0,20,-20
8562,2854,0,BTN,0,1,False,Qd 6c 9h,6d Kh,0,0,6,0,-20,20
8563,2854,1,SB,0,3,True,Qd 6c 9h As 4d,Ad 2c,-10,10,9,-1595,-10,1605
8564,2854,2,BB,0,3,True,Qd 6c 9h As 4d,9d 4h,-20,20,11,-470,490,-20
8565,2855,0,BTN,0,3,False,2s 6s Ts 7h Kc,As 3c,0,0,11,0,-120,120
8566,2855,1,SB,0,0,False,,4s Jh,-10,10,2,0,-10,10
8567,2855,2,BB,0,3,False,2s 6s Ts 7h Kc,Kh 8s,20,-20,10,0,-20,20
8568,2856,0,BTN,0,3,True,Tc 4h 8s 6c 8h,Jc 4d,0,0,10,0,1920,-1920
8569,2856,1,SB,0,0,False,,8c Ts,-60,60,4,0,-60,60
8570,2856,2,BB,0,2,False,Tc 4h 8s 6c,Ah Ks,-80,80,7,0,80,-80
8571,2857,0,BTN,0,1,False,9s Jc 2d,8d 2s,0,0,6,0,-20,20
8572,2857,1,SB,0,0,False,,8s 3d,-10,10,2,0,-10,10
8573,2857,2,BB,0,1,False,9s Jc 2d,5s Js,20,-20,6,0,-20,20
8574,2858,0,BTN,0,3,True,Kd Qc 7d 4h 9d,5s Ad,96,-96,10,96,-10,-86
8575,2858,1,SB,0,0,False,,Qs 8h,-10,10,2,0,-10,10
8576,2858,2,BB,0,2,False,Kd Qc 7d 4h,5c Jc,-80,80,7,0,80,-80
8577,2859,0,BTN,0,3,True,9h Js 7h 6c Jh,Kh Ah,801,-801,12,801,-10,-791
8578,2859,1,SB,0,3,True,9h Js 7h 6c Jh,2h 2c,-88,88,15,572,-88,-484
8579,2859,2,BB,0,3,True,9h Js 7h 6c Jh,As 6d,-110,110,14,130,-20,-110
8580,2860,0,BTN,0,3,True,Kc 4s 9c Jc 8s,Ac 9d,1765,-1765,9,1765,-10,-1755
8581,2860,1,SB,0,3,True,Kc 4s 9c Jc 8s,2c Ts,-10,10,10,1905,-10,-1895
8582,2860,2,BB,0,2,False,Kc 4s 9c Jc,Th 9s,-95,95,9,105,-10,-95
8583,2861,0,BTN,0,3,True,5d Ac Qs 8c 2s,6c 4d,0,0,9,0,-20,20
8584,2861,1,SB,0,0,False,,9d 3d,-10,10,2,0,-10,10
8585,2861,2,BB,0,3,True,5d Ac Qs 8c 2s,3h Ks,20,-20,9,0,-20,20
8586,2862,0,BTN,0,0,False,,6s Kh,0,0,4,0,-20,20
8587,2862,1,SB,0,1,False,Jc Th 6h,9d 2c,-10,10,7,130,-10,-120
8588,2862,2,BB,0,3,True,Jc Th 6h 3s 9s,3d Qs,-20,20,12,-20,40,-20
8589,2863,0,BTN,0,3,True,Kd 8d As 3s 9d,Tc 6d,0,0,12,0,-1920,1920
8590,2863,1,SB,0,0,False,,2h Qc,-10,10,2,0,-10,10
8591,2863,2,BB,0,3,True,Kd 8d As 3s 9d,Qd Qh,107,-107,11,0,-107,107
8592,2864,0,BTN,0,1,False,Tc 5s 9s,2s 3c,0,0,6,0,-20,20
8593,2864,1,SB,0,0,False,,8c 2d,-10,10,2,0,-10,10
8594,2864,2,BB,0,1,False,Tc 5s 9s,6h Ts,20,-20,6,0,-20,20
8595,2865,0,BTN,0,0,False,,Jh Qd,-50,50,4,-50,-10,60
8596,2865,1,SB,0,0,False,,8c 6s,-10,10,2,0,-10,10
8597,2865,2,BB,0,3,True,Kd 6h Kh 9d 2c,Ac Ad,1680.0,-1680.0,8,0.0,-1680.0,1680.0
8598,2866,0,BTN,0,3,True,3h 5c 8h Kh 2h,3c Kc,-1367,1367,11,-1367,-10,1377
8599,2866,1,SB,0,0,False,,2d 5h,-10,10,2,0,-10,10
8600,2866,2,BB,0,2,False,3h 5c 8h Kh,6h 4d,-20,20,7,0,20,-20
8601,2867,0,BTN,0,1,False,8s 9d Tc,4s Qh,0,0,6,0,-20,20
8602,2867,1,SB,0,0,False,,Ks 4d,-10,10,2,0,-10,10
8603,2867,2,BB,0,3,True,8s 9d Tc 8d Kc,6d 9h,-80,80,9,0,80,-80
8604,2868,0,BTN,0,1,False,8s 4d Ks,2s 4h,0,0,6,0,-20,20
8605,2868,1,SB,0,0,False,,3h Tc,-10,10,2,0,-10,10
8606,2868,2,BB,0,3,True,8s 4d Ks Jd 3c,Th 4s,20,-20,9,0,-20,20
8607,2869,0,BTN,0,3,False,Th 2s 8h Js 3h,7s Kh,0,0,11,0,-380,380
8608,2869,1,SB,0,2,False,Th 2s 8h Js,As 5s,-880,880,13,-88,-880,968
8609,2869,2,BB,0,3,False,Th 2s 8h Js 3h,6c Jc,40,-40,13,-20,-20,40
8610,2870,0,BTN,0,3,False,7s Jd As 8c 4c,Kd 6c,0,0,10,0,-20,20
8611,2870,1,SB,0,3,False,7s Jd As 8c 4c,3d Td,-10,10,9,-20,-10,30
8612,2870,2,BB,0,3,False,7s Jd As 8c 4c,5c 6d,40,-40,13,-20,-20,40
8613,2871,0,BTN,0,2,False,Th 8d Qh 7h,Qd Ah,60,-60,8,60,-10,-50
8614,2871,1,SB,0,0,False,,8h Tc,-10,10,2,0,-10,10
8615,2871,2,BB,0,1,False,Th 8d Qh,3c Ac,-20,20,5,0,20,-20
8616,2872,0,BTN,0,2,False,5d 2h 8s Qs,9s 3s,0,0,8,0,-20,20
8617,2872,1,SB,0,2,False,5d 2h 8s Qs,Jh 9d,-150,150,8,0,-150,150
8618,2872,2,BB,0,3,False,5d 2h 8s Qs 8h,7s Qd,46,-46,11,0,-46,46
8619,2873,0,BTN,0,3,True,7h Jh 9c Qd 6s,Ad 6d,96,-96,10,96,-10,-86
8620,2873,1,SB,0,3,True,7h Jh 9c Qd 6s,4h 9h,-10,10,9,30,-10,-20
8621,2873,2,BB,0,1,False,7h Jh 9c,3c 8d,-20,20,6,-20,40,-20
8622,2874,0,BTN,0,3,True,Jh 6h Ac 7d 9h,2c Qc,0,0,10,0,-380,380
8623,2874,1,SB,0,3,True,Jh 6h Ac 7d 9h,9s Ks,-240,240,10,0,-240,240
8624,2874,2,BB,0,3,True,Jh 6h Ac 7d 9h,8h 2h,200,-200,10,0,-200,200
8625,2875,0,BTN,0,1,False,Ks Ad Ac,6d 4d,0,0,6,0,-20,20
8626,2875,1,SB,0,0,False,,7h 2h,-10,10,2,0,-10,10
8627,2875,2,BB,0,2,False,Ks Ad Ac 8s,Ah 2c,20,-20,8,0,-20,20
8628,2876,0,BTN,0,3,True,5h 9c Kc Ac 7h,Th 9h,-275,275,13,-275,-1513,1788
8629,2876,1,SB,0,0,False,,6c 5s,-10,10,2,0,-10,10
8630,2876,2,BB,0,3,True,5h 9c Kc Ac 7h,Kh 9d,742,-742,10,0,-742,742
8631,2877,0,BTN,0,3,True,Jh 2c Ad 6d 7d,Jc Jd,2050,-2050,14,2050,-50,-2000
8632,2877,1,SB,0,1,False,Jh 2c Ad,8c 9c,-528,528,8,548,-528,-20
8633,2877,2,BB,0,3,True,Jh 2c Ad 6d 7d,4c Ah,-2000,2000,13,2020,-20,-2000
8634,2878,0,BTN,0,3,True,As 3c Jh Qs 6d,Jd 2h,0,0,9,0,40,-40
8635,2878,1,SB,0,3,True,As 3c Jh Qs 6d,Kc 9s,60,-60,9,0,60,-60
8636,2878,2,BB,0,1,False,As 3c Jh,8d Ts,-20,20,5,0,20,-20
8637,2879,0,BTN,0,3,True,5d 7c Js 5h 5c,Ah 9h,25,-25,12,25,25,-50
8638,2879,1,SB,0,3,True,5d 7c Js 5h 5c,6s As,10,-10,11,10,10,-20
8639,2879,2,BB,0,3,True,5d 7c Js 5h 5c,8c 4s,-20,20,12,10,10,-20
8640,2880,0,BTN,0,3,True,9d Qs 8h Ts 9h,8d 3d,0,0,11,0,-1920,1920
8641,2880,1,SB,0,2,False,9d Qs 8h Ts,Ks Ah,-300,300,9,0,-300,300
8642,2880,2,BB,0,3,True,9d Qs 8h Ts 9h,Qd Jd,1360.0,-1360.0,8,0.0,-1360.0,1360.0
8643,2881,0,BTN,0,3,True,7c Qh 4c 9s 8c,9h Qs,2010,-2010,12,2010,-10,-2000
8644,2881,1,SB,0,0,False,,4h 7d,-10,10,2,0,-10,10
8645,2881,2,BB,0,1,False,7c Qh 4c,4d 8d,-20,20,5,0,20,-20
8646,2882,0,BTN,0,3,True,Th Ad Qh 3d 2s,Ah 2h,801,-801,12,801,-10,-791
8647,2882,1,SB,0,3,True,Th Ad Qh 3d 2s,Ts 9h,100,-100,9,0,100,-100
8648,2882,2,BB,0,2,False,Th Ad Qh 3d,7h Ks,-80,80,7,0,80,-80
8649,2883,0,BTN,0,3,True,Kc Qc 6h 2h 8s,Tc Ad,96,-96,10,96,-10,-86
8650,2883,1,SB,0,0,False,,8d 2s,-10,10,2,0,-10,10
8651,2883,2,BB,0,3,False,Kc Qc 6h 2h 8s,3c Th,-20,20,9,0,20,-20
8652,2884,0,BTN,0,1,False,Jd Ad Jh,3s 9s,0,0,6,0,-20,20
8653,2884,1,SB,0,0,False,,9c 5c,-10,10,2,0,-10,10
8654,2884,2,BB,0,1,False,Jd Ad Jh,3d As,20,-20,6,0,-20,20
8655,2885,0,BTN,0,3,True,7h Tc 2c Ac 5h,9c 4d,0,0,10,0,1920,-1920
8656,2885,1,SB,0,3,True,7h Tc 2c Ac 5h,9d As,348,-348,9,0,348,-348
8657,2885,2,BB,0,2,False,7h Tc 2c Ac,3d 3c,-560,560,10,0,560,-560
8658,2886,0,BTN,0,1,False,9d 6d Kd,3h 2d,0,0,5,0,20,-20
8659,2886,1,SB,0,0,False,,8d 6c,-10,10,2,0,-10,10
8660,2886,2,BB,0,1,False,9d 6d Kd,7c 4d,-20,20,5,0,20,-20
8661,2887,0,BTN,0,3,True,Qh Ks 9d Ah Js,6s 3h,0,0,11,0,-320,320
8662,2887,1,SB,0,0,False,,Jh 3d,-10,10,2,0,-10,10
8663,2887,2,BB,0,3,True,Qh Ks 9d Ah Js,8c Qc,20,-20,9,0,-20,20
8664,2888,0,BTN,0,3,True,6c Qc 8s 4d Kc,Jh 9s,348,-348,11,348,-10,-338
8665,2888,1,SB,0,3,True,6c Qc 8s 4d Kc,Qh 5s,-10,10,9,30,-10,-20
8666,2888,2,BB,0,2,False,6c Qc 8s 4d,Td 9d,-20,20,8,-110,130,-20
8667,2889,0,BTN,0,3,True,3c Tc Th Ah 2s,7c 7s,-2000,2000,16,-2000,-2000,4000
8668,2889,1,SB,0,3,True,3c Tc Th Ah 2s,9s 9d,1376.8000000000002,-1376.8,9,-1356.8,1376.8000000000002,-20.0
8669,2889,2,BB,0,3,True,3c Tc Th Ah 2s,Ts 9h,4000,-4000,15,-2000,-2000,4000
8670,2890,0,BTN,0,3,True,7h 9h Kh 7s 3s,5s Ks,25,-25,11,25,25,-50
8671,2890,1,SB,0,0,False,,6h Kd,-10,10,2,0,-10,10
8672,2890,2,BB,0,1,False,7h 9h Kh,5h 3d,-20,20,5,0,20,-20
8673,2891,0,BTN,0,2,False,Th 9h 2h 3c,Jd 9c,60,-60,8,60,-10,-50
8674,2891,1,SB,0,1,False,Th 9h 2h,7c Qh,-10,10,7,130,-10,-120
8675,2891,2,BB,0,3,True,Th 9h 2h 3c Qs,8d Kc,-20,20,12,-110,130,-20
8676,2892,0,BTN,0,3,True,3s Qh 3d 4d 4s,8c Jd,-222,222,11,-222,-10,232
8677,2892,1,SB,0,0,False,,Qs 3c,-10,10,2,0,-10,10
8678,2892,2,BB,0,3,True,3s Qh 3d 4d 4s,9h Ad,-1280,1280,9,0,1280,-1280
8679,2893,0,BTN,0,3,True,3d 9c Ks Ah 7s,9s 4s,0,0,9,0,20,-20
8680,2893,1,SB,0,0,False,,5d Th,-10,10,2,0,-10,10
8681,2893,2,BB,0,3,True,3d 9c Ks Ah 7s,5c 2h,-20,20,9,0,20,-20
8682,2894,0,BTN,0,3,True,4h 3d 2h 3h Ah,Ks Ad,96,-96,10,96,-10,-86
8683,2894,1,SB,0,3,True,4h 3d 2h 3h Ah,2s Kd,-10,10,9,30,-10,-20
8684,2894,2,BB,0,3,True,4h 3d 2h 3h Ah,7d 2d,-20,20,12,40,-20,-20
8685,2895,0,BTN,0,3,True,4h 4d 8s 4s Kd,9c Qh,-230,230,9,-230,250,-20
8686,2895,1,SB,0,0,False,,Ks 7c,-10,10,2,0,-10,10
8687,2895,2,BB,0,3,False,4h 4d 8s 4s Kd,Ts 2s,-80,80,10,0,80,-80
8688,2896,0,BTN,0,0,False,,2c 7d,0,0,3,0,20,-20
8689,2896,1,SB,0,3,True,3d Ah 8h 3s Th,Kh Ks,1482,-1482,11,0,1482,-1482
8690,2896,2,BB,0,0,False,,Tc 6d,-20,20,3,0,20,-20
8691,2897,0,BTN,0,3,False,Th Jc As 7d 9s,4c 5s,0,0,10,0,-20,20
8692,2897,1,SB,0,2,False,Th Jc As 7d,Kh 5h,100,-100,7,0,100,-100
8693,2897,2,BB,0,1,False,Th Jc As,8d 2h,-20,20,5,0,20,-20
8694,2898,0,BTN,0,3,True,7d 5s 8h Ac 5d,Ks Ts,-1825,1825,10,-1825,-10,1835
8695,2898,1,SB,0,0,False,,9d Th,-60,60,4,0,-60,60
8696,2898,2,BB,0,3,False,7d 5s 8h Ac 5d,Js Jd,46,-46,11,0,-46,46
8697,2899,0,BTN,0,3,True,Td 9d 7s 6h Ks,Kd Th,-1630,1630,16,-1630,-1630,3260
8698,2899,1,SB,0,3,True,Td 9d 7s 6h Ks,Qh 7h,-1920,1920,12,0,-1920,1920
8699,2899,2,BB,0,3,True,Td 9d 7s 6h Ks,Ah 8c,1857.1428571428573,-1857.142857142857,10,0.0,-1857.142857142857,1857.1428571428573
8700,2900,0,BTN,0,2,False,Ks 7h Ts Jh,Kc Qh,-819,819,13,-819,-275,1094
8701,2900,1,SB,0,3,True,Ks 7h Ts Jh Js,8d 8c,-88,88,13,1918,-88,-1830
8702,2900,2,BB,0,2,False,Ks 7h Ts Jh,Ac Tc,-260,260,13,520,-260,-260
8703,2901,0,BTN,0,3,True,7h 2c 7d Kd Qh,Ah 5d,-543,543,10,-543,-10,553
8704,2901,1,SB,0,2,False,7h 2c 7d Kd,Ts Qc,-60,60,8,0,-60,60
8705,2901,2,BB,0,3,True,7h 2c 7d Kd Qh,8d 2d,-80,80,9,0,80,-80
8706,2902,0,BTN,0,3,True,Qh Jd 9s 2d 6c,Qc 2c,0,0,9,0,-20,20
8707,2902,1,SB,0,0,False,,4s 3c,-10,10,2,0,-10,10
8708,2902,2,BB,0,3,True,Qh Jd 9s 2d 6c,As 4d,20,-20,9,0,-20,20
8709,2903,0,BTN,0,3,True,7h Kc 6d 5s 5h,8h 7c,0,0,11,0,-1704,1704
8710,2903,1,SB,0,3,True,7h Kc 6d 5s 5h,8d Kd,-2000,2000,11,0,-2000,2000
8711,2903,2,BB,0,3,True,7h Kc 6d 5s 5h,Ks Td,2000,-2000,12,0,-2000,2000
8712,2904,0,BTN,0,3,True,Kc 7c 7d Ks 3d,7h 5d,0,0,9,0,-20,20
8713,2904,1,SB,0,0,False,,6s 5h,-10,10,2,0,-10,10
8714,2904,2,BB,0,3,True,Kc 7c 7d Ks 3d,9c Js,20,-20,9,0,-20,20
8715,2905,0,BTN,0,3,True,Ts Td 5s 5h 9h,Ks 8h,25,-25,12,25,25,-50
8716,2905,1,SB,0,1,False,Ts Td 5s,Kc Qc,60,-60,5,0,60,-60
8717,2905,2,BB,0,3,True,Ts Td 5s 5h 9h,8d 4c,-20,20,9,0,20,-20
8718,2906,0,BTN,0,3,True,4c 5h 6s 8d Qd,5d Kd,-230,230,9,-230,250,-20
8719,2906,1,SB,0,0,False,,Kh 8s,20,-20,3,0,20,-20
8720,2906,2,BB,0,2,False,4c 5h 6s 8d,2h 9s,-20,20,7,0,20,-20
8721,2907,0,BTN,0,1,False,5d 8c 3s,2h 5c,0,0,5,0,20,-20
8722,2907,1,SB,0,0,False,,8d 9s,-10,10,2,0,-10,10
8723,2907,2,BB,0,1,False,5d 8c 3s,Jd 6s,-20,20,5,0,20,-20
8724,2908,0,BTN,0,1,False,4s Jd Kc,Tc 3d,0,0,5,0,20,-20
8725,2908,1,SB,0,0,False,,8h Jc,-10,10,2,0,-10,10
8726,2908,2,BB,0,1,False,4s Jd Kc,7s 3s,-20,20,5,0,20,-20
8727,2909,0,BTN,0,3,True,Th 7d Tc 6d Ts,6s 5h,0,0,12,0,-1280,1280
8728,2909,1,SB,0,2,False,Th 7d Tc 6d,Qs Kd,-750,750,9,0,-750,750
8729,2909,2,BB,0,3,True,Th 7d Tc 6d Ts,8d Td,432,-432,12,0,-432,432
8730,2910,0,BTN,0,2,False,Qh 8d Jd Qd,Jc Kd,60,-60,8,60,-10,-50
8731,2910,1,SB,0,1,False,Qh 8d Jd,7s Td,-10,10,6,30,-10,-20
8732,2910,2,BB,0,1,False,Qh 8d Jd,6c 5d,-20,20,8,40,-20,-20
8733,2911,0,BTN,0,3,True,8s Tc Kd 6h As,6s 5s,70,-70,9,70,-50,-20
8734,2911,1,SB,0,0,False,,7d Jc,-10,10,2,0,-10,10
8735,2911,2,BB,0,3,True,8s Tc Kd 6h As,Qc 4h,20,-20,9,0,-20,20
8736,2912,0,BTN,0,3,True,Jh Qd 8h Jc 5c,2d Kh,0,0,11,0,-1920,1920
8737,2912,1,SB,0,3,True,Jh Qd 8h Jc 5c,6c 6h,-1800,1800,12,0,-1800,1800
8738,2912,2,BB,0,3,True,Jh Qd 8h Jc 5c,Ad Ah,2000,-2000,12,0,-2000,2000
8739,2913,0,BTN,0,0,False,,Js 3d,0,0,4,0,-20,20
8740,2913,1,SB,0,2,False,7h Qs 4c Jd,9h 8h,-300,300,9,0,-300,300
8741,2913,2,BB,0,1,False,7h Qs 4c,Kd 7s,20,-20,6,0,-20,20
8742,2914,0,BTN,0,3,True,2c 8s 4d Jd 8c,4h 5d,0,0,11,0,1604,-1604
8743,2914,1,SB,0,3,True,2c 8s 4d Jd 8c,9c Jc,1392,-1392,10,0,1392,-1392
8744,2914,2,BB,0,3,True,2c 8s 4d Jd 8c,Js 3s,-1714.2857142857142,1714.2857142857142,10,0.0,1714.2857142857142,-1714.2857142857142
8745,2915,0,BTN,0,3,False,6c 7d 2s 6h Th,2c 5h,0,0,10,0,-20,20
8746,2915,1,SB,0,0,False,,4s 3c,-10,10,2,0,-10,10
8747,2915,2,BB,0,3,False,6c 7d 2s 6h Th,Qh Tc,20,-20,10,0,-20,20
8748,2916,0,BTN,0,3,True,Td 6s 5s As 2d,6d Jc,0,0,10,0,-1920,1920
8749,2916,1,SB,0,2,False,Td 6s 5s As,Qh 6h,-60,60,8,0,-60,60
8750,2916,2,BB,0,3,True,Td 6s 5s As 2d,Ks 8s,2000,-2000,11,0,-2000,2000
8751,2917,0,BTN,0,1,False,5h 5c Th,3d Kd,-50,50,5,-50,-10,60
8752,2917,1,SB,0,0,False,,9h 2h,-10,10,2,0,-10,10
8753,2917,2,BB,0,3,True,5h 5c Th Js 5d,Ac 3c,80,-80,10,0,-80,80
8754,2918,0,BTN,0,3,False,Ad 4s Js Qs Kc,6c 6s,-50,50,9,-50,-10,60
8755,2918,1,SB,0,1,False,Ad 4s Js,Ks 2h,-10,10,6,30,-10,-20
8756,2918,2,BB,0,3,False,Ad 4s Js Qs Kc,8d Th,-20,20,13,-190,210,-20
8757,2919,0,BTN,0,2,False,4c 3c 8s Jd,6c Jc,60,-60,8,60,-10,-50
8758,2919,1,SB,0,0,False,,Kh 4s,-10,10,2,0,-10,10
8759,2919,2,BB,0,2,False,4c 3c 8s Jd,7h Ks,-20,20,7,0,20,-20
8760,2920,0,BTN,0,2,False,8h 2s 9c 9h,4h Jd,0,0,7,0,20,-20
8761,2920,1,SB,0,0,False,,2d 5h,-10,10,2,0,-10,10
8762,2920,2,BB,0,2,False,8h 2s 9c 9h,6s 3d,-20,20,7,0,20,-20
8763,2921,0,BTN,0,1,False,Jc 5s 9c,Qd Kc,-50,50,7,-50,-50,100
8764,2921,1,SB,0,1,False,Jc 5s 9c,7h Qh,-88,88,8,-88,-88,176
8765,2921,2,BB,0,3,True,Jc 5s 9c 9h 8h,Kd 9s,172,-172,12,-152,-20,172
8766,2922,0,BTN,0,3,True,5s 9d 8c 7c 5d,4h Ts,0,0,10,0,-1520,1520
8767,2922,1,SB,0,0,False,,8h Jh,20,-20,3,0,20,-20
8768,2922,2,BB,0,3,True,5s 9d 8c 7c 5d,2s 9h,320,-320,9,0,-320,320
8769,2923,0,BTN,0,3,True,8s 3s 2h 5h Qc,Ks 9d,100,-100,12,100,-50,-50
8770,2923,1,SB,0,3,True,8s 3s 2h 5h Qc,7c Jd,-10,10,9,30,-10,-20
8771,2923,2,BB,0,3,True,8s 3s 2h 5h Qc,7d Ts,-20,20,12,40,-20,-20
8772,2924,0,BTN,0,0,False,,3h Ks,0,0,4,0,-20,20
8773,2924,1,SB,0,3,True,2s Qs 5d Kc 2h,7s Ts,-1740,1740,12,0,-1740,1740
8774,2924,2,BB,0,3,False,2s Qs 5d Kc 2h,Qc 3s,107,-107,12,0,-107,107
8775,2925,0,BTN,0,3,True,Ah 7c Js 4c 2d,Qh 8h,96,-96,10,96,-10,-86
8776,2925,1,SB,0,0,False,,Qs 5c,-10,10,2,0,-10,10
8777,2925,2,BB,0,2,False,Ah 7c Js 4c,9h 5h,80,-80,9,0,-80,80
8778,2926,0,BTN,0,3,True,Ah 4c Ad Kd 9d,Ts Qs,100,-100,12,100,-50,-50
8779,2926,1,SB,0,0,False,,3h Jh,-10,10,2,0,-10,10
8780,2926,2,BB,0,3,True,Ah 4c Ad Kd 9d,8h 3s,-20,20,9,0,20,-20
8781,2927,0,BTN,0,3,False,8s Qs 8h 4s 6h,Ac 2d,0,0,9,0,20,-20
8782,2927,1,SB,0,2,False,8s Qs 8h 4s,7c 6c,100,-100,7,0,100,-100
8783,2927,2,BB,0,3,False,8s Qs 8h 4s 6h,3c Jd,-20,20,9,0,20,-20
8784,2928,0,BTN,0,1,False,7c 4h 6d,7s Jh,0,0,6,0,120,-120
8785,2928,1,SB,0,1,False,7c 4h 6d,Kc 6h,-10,10,7,130,-10,-120
8786,2928,2,BB,0,3,True,7c 4h 6d 5s Qc,Jc Ks,-20,20,12,40,-20,-20
8787,2929,0,BTN,0,3,True,8h 8s Ad 6s Ah,6c Qh,0,0,9,0,80,-80
8788,2929,1,SB,0,3,True,8h 8s Ad 6s Ah,9s Qc,60,-60,9,0,60,-60
8789,2929,2,BB,0,3,True,8h 8s Ad 6s Ah,Jc Tc,-80,80,9,0,80,-80
8790,2930,0,BTN,0,3,True,9d Ks 7s 5s 2h,4h 7c,0,0,11,0,-1704,1704
8791,2930,1,SB,0,0,False,,Jc 7h,-10,10,2,0,-10,10
8792,2930,2,BB,0,3,True,9d Ks 7s 5s 2h,Kc 8h,2000,-2000,10,0,-2000,2000
8793,2931,0,BTN,0,3,True,5h 2d Ah Jc Js,Kd Jd,2010,-2010,10,2010,-10,-2000
8794,2931,1,SB,0,3,True,5h 2d Ah Jc Js,8d Qc,-10,10,10,1605,-10,-1595
8795,2931,2,BB,0,3,True,5h 2d Ah Jc Js,8s 5c,-110,110,14,130,-20,-110
8796,2932,0,BTN,0,3,True,5d Td Ad Jc As,3c 5h,0,0,10,0,1520,-1520
8797,2932,1,SB,0,2,False,5d Td Ad Jc,Qd 3d,-100,100,8,0,-100,100
8798,2932,2,BB,0,3,True,5d Td Ad Jc As,6s Ah,-2000,2000,10,0,2000,-2000
8799,2933,0,BTN,0,3,True,2s 8c 8s Th 4c,7s 3c,0,0,10,0,1920,-1920
8800,2933,1,SB,0,0,False,,Jc 8h,-10,10,2,0,-10,10
8801,2933,2,BB,0,1,False,2s 8c 8s,Kh Ts,-170,170,7,0,170,-170
8802,2934,0,BTN,0,1,False,4d Kh As,4h 6d,0,0,5,0,20,-20
8803,2934,1,SB,0,0,False,,Kc 4s,-10,10,2,0,-10,10
8804,2934,2,BB,0,1,False,4d Kh As,6h Ts,-20,20,5,0,20,-20
8805,2935,0,BTN,0,3,True,5s 3c 5h Td 9h,4c Kd,0,0,10,0,640,-640
8806,2935,1,SB,0,0,False,,7d 3h,-10,10,2,0,-10,10
8807,2935,2,BB,0,3,True,5s 3c 5h Td 9h,6s As,-640,640,9,0,640,-640
8808,2936,0,BTN,0,1,False,7c 6d Td,8c 2s,0,0,6,0,-20,20
8809,2936,1,SB,0,0,False,,Qc 4h,-10,10,2,0,-10,10
8810,2936,2,BB,0,2,False,7c 6d Td 2c,4c Ts,20,-20,8,0,-20,20
8811,2937,0,BTN,0,0,False,,Tc 6h,0,0,4,0,-20,20
8812,2937,1,SB,0,0,False,,7c 3d,-10,10,2,0,-10,10
8813,2937,2,BB,0,3,False,3s 8d Js 4d 7h,6s Qh,-20,20,9,0,20,-20
8814,2938,0,BTN,0,2,False,Jd 3s 2d 5h,Jh 6h,60,-60,8,60,-10,-50
8815,2938,1,SB,0,0,False,,4h 5s,-10,10,2,0,-10,10
8816,2938,2,BB,0,2,False,Jd 3s 2d 5h,8c 9h,-20,20,7,0,20,-20
8817,2939,0,BTN,0,3,True,9s Ah Qh 5s Jd,Qd 3h,0,0,9,0,20,-20
8818,2939,1,SB,0,0,False,,5c 2h,-10,10,2,0,-10,10
8819,2939,2,BB,0,3,True,9s Ah Qh 5s Jd,6s 8d,-20,20,9,0,20,-20
8820,2940,0,BTN,0,3,True,8s Kc 4s 5d 2d,3h 9s,0,0,11,0,-1520,1520
8821,2940,1,SB,0,2,False,8s Kc 4s 5d,As Td,-240,240,9,0,-240,240
8822,2940,2,BB,0,3,True,8s Kc 4s 5d 2d,6d Ks,300,-300,10,0,-300,300
8823,2941,0,BTN,0,1,False,8s Kc 8c,5s 6h,0,0,5,0,20,-20
8824,2941,1,SB,0,0,False,,3d 8d,-10,10,2,0,-10,10
8825,2941,2,BB,0,1,False,8s Kc 8c,7d Td,-20,20,5,0,20,-20
8826,2942,0,BTN,0,0,False,,7h 5s,0,0,4,0,-20,20
8827,2942,1,SB,0,0,False,,6c 8s,-10,10,2,0,-10,10
8828,2942,2,BB,0,3,True,Ts Jd 8c Tc 9d,Jc Qd,742,-742,10,0,-742,742
8829,2943,0,BTN,0,2,False,3h Kc 4d 7d,3s 4s,0,0,7,0,20,-20
8830,2943,1,SB,0,3,False,3h Kc 4d 7d Js,7h Jh,60,-60,9,0,60,-60
8831,2943,2,BB,0,2,False,3h Kc 4d 7d,Td 2c,-20,20,7,0,20,-20
8832,2944,0,BTN,0,3,True,Ts Qs Qh Ac 8d,7d 2c,0,0,12,0,-1920,1920
8833,2944,1,SB,0,0,False,,Jc 3h,-10,10,2,0,-10,10
8834,2944,2,BB,0,3,False,Ts Qs Qh Ac 8d,Kc Qc,107,-107,12,0,-107,107
8835,2945,0,BTN,0,2,False,4s 6s 7s Kh,Ks 7h,0,0,8,0,480,-480
8836,2945,1,SB,0,2,False,4s 6s 7s Kh,7c 5d,-10,10,10,505,-10,-495
8837,2945,2,BB,0,3,True,4s 6s 7s Kh 9c,Qh Ad,-20,20,13,1714,-1694,-20
8838,2946,0,BTN,0,3,True,Ad Kh 9d Ah 6d,6s 2c,0,0,11,0,-1920,1920
8839,2946,1,SB,0,3,True,Ad Kh 9d Ah 6d,Th Qs,-400,400,10,0,-400,400
8840,2946,2,BB,0,3,True,Ad Kh 9d Ah 6d,6h Qd,80,-80,9,0,-80,80
8841,2947,0,BTN,0,3,False,Kc 6c 5d 3c 7d,5h Kd,0,0,10,0,-20,20
8842,2947,1,SB,0,0,False,,3h 2h,-10,10,2,0,-10,10
8843,2947,2,BB,0,3,False,Kc 6c 5d 3c 7d,7h 3d,20,-20,10,0,-20,20
8844,2948,0,BTN,0,3,True,Qc 9s Ts 8s Th,9c Qd,298,-298,14,298,-149,-149
8845,2948,1,SB,0,0,False,,7c 8d,-10,10,2,0,-10,10
8846,2948,2,BB,0,3,True,Qc 9s Ts 8s Th,6s Ah,-40,40,9,0,40,-40
8847,2949,0,BTN,0,1,False,4s Th 8h,8c 4d,0,0,6,0,-20,20
8848,2949,1,SB,0,0,False,,3s 2d,-10,10,2,0,-10,10
8849,2949,2,BB,0,2,False,4s Th 8h Jd,Ts 9c,20,-20,8,0,-20,20
8850,2950,0,BTN,0,3,True,4d 9h 2c 5d Tc,Qd 7c,0,0,9,0,-20,20
8851,2950,1,SB,0,0,False,,Jc 8h,-10,10,2,0,-10,10
8852,2950,2,BB,0,1,False,4d 9h 2c,Kh 6d,20,-20,6,0,-20,20
8853,2951,0,BTN,0,2,False,9h 3s Kd 4c,3h Qs,0,0,7,0,20,-20
8854,2951,1,SB,0,2,False,9h 3s Kd 4c,Js 4s,100,-100,7,0,100,-100
8855,2951,2,BB,0,2,False,9h 3s Kd 4c,8c Td,-20,20,7,0,20,-20
8856,2952,0,BTN,0,3,True,4s Qs 2d 3s 2h,4c Kc,-1650,1650,11,-1650,1950,-300
8857,2952,1,SB,0,3,True,4s Qs 2d 3s 2h,Ks Kd,139,-139,9,0,139,-139
8858,2952,2,BB,0,2,False,4s Qs 2d 3s,Ad Jc,-480,480,7,0,480,-480
8859,2953,0,BTN,0,1,False,6c 8s 2d,3s 4d,0,0,7,0,-120,120
8860,2953,1,SB,0,0,False,,4c Kc,-60,60,4,0,-60,60
8861,2953,2,BB,0,3,True,6c 8s 2d Ad Ah,Js Jc,248,-248,12,0,-248,248
8862,2954,0,BTN,0,1,False,Js Ac 5s,Qs 6h,0,0,6,0,-20,20
8863,2954,1,SB,0,0,False,,2c Qh,-10,10,2,0,-10,10
8864,2954,2,BB,0,3,True,Js Ac 5s 4c 5d,Jc 3d,248,-248,12,0,-248,248
8865,2955,0,BTN,0,1,False,Td Ah Js,Jd 2s,0,0,5,0,20,-20
8866,2955,1,SB,0,0,False,,2h Jh,-10,10,2,0,-10,10
8867,2955,2,BB,0,1,False,Td Ah Js,6s 3d,-20,20,5,0,20,-20
8868,2956,0,BTN,0,3,True,Ad 8d 2d Kc 4s,8h 6c,0,0,10,0,-1704,1704
8869,2956,1,SB,0,3,True,Ad 8d 2d Kc 4s,Jh Jc,-1992,1992,12,0,-1992,1992
8870,2956,2,BB,0,3,True,Ad 8d 2d Kc 4s,5h As,2000,-2000,10,0,-2000,2000
8871,2957,0,BTN,0,3,True,8d 3s Ks Jd 2s,7d Qh,0,0,11,0,1604,-1604
8872,2957,1,SB,0,3,True,8d 3s Ks Jd 2s,8s Ts,2000,-2000,11,0,2000,-2000
8873,2957,2,BB,0,3,True,8d 3s Ks Jd 2s,2d Kc,-200.0,200.0,8,0.0,200.0,-200.0
8874,2958,0,BTN,0,3,True,Td 4s 3h As 5h,8d 7h,0,0,9,0,640,-640
8875,2958,1,SB,0,1,False,Td 4s 3h,Ac 7d,-60,60,6,0,-60,60
8876,2958,2,BB,0,3,True,Td 4s 3h As 5h,6d Ts,-736,736,10,0,736,-736
8877,2959,0,BTN,0,3,True,Jc Ks Kh 2c 6h,Ad 3c,0,0,9,0,-20,20
8878,2959,1,SB,0,0,False,,5s 3d,-10,10,2,0,-10,10
8879,2959,2,BB,0,3,True,Jc Ks Kh 2c 6h,5h 7c,20,-20,9,0,-20,20
8880,2960,0,BTN,0,1,False,Ad 7s Qd,4h 5s,0,0,5,0,20,-20
8881,2960,1,SB,0,2,False,Ad 7s Qd 4c,Js Ac,100,-100,7,0,100,-100
8882,2960,2,BB,0,1,False,Ad 7s Qd,Th 5c,-20,20,5,0,20,-20
8883,2961,0,BTN,0,1,False,Jd Ad Kc,Td 2h,0,0,5,0,20,-20
8884,2961,1,SB,0,0,False,,Kd Tc,20,-20,3,0,20,-20
8885,2961,2,BB,0,1,False,Jd Ad Kc,4d 9s,-20,20,5,0,20,-20
8886,2962,0,BTN,0,3,True,6c Qs 6s 3c 5d,5s Ad,-1755,1755,9,-1755,-10,1765
8887,2962,1,SB,0,3,False,6c Qs 6s 3c 5d,Jc 4c,-1000,1000,11,0,-1000,1000
8888,2962,2,BB,0,3,False,6c Qs 6s 3c 5d,9d 9c,20,-20,10,0,-20,20
8889,2963,0,BTN,0,3,True,8h 8d 5h 7d Ks,8c 6s,0,0,11,0,-1520,1520
8890,2963,1,SB,0,1,False,8h 8d 5h,Kc Qc,-60,60,6,0,-60,60
8891,2963,2,BB,0,3,True,8h 8d 5h 7d Ks,8s 9c,2000,-2000,11,0,-2000,2000
8892,2964,0,BTN,0,2,False,Jc Td 5h Kd,6c 2c,0,0,7,0,20,-20
8893,2964,1,SB,0,0,False,,Ad 2d,20,-20,3,0,20,-20
8894,2964,2,BB,0,1,False,Jc Td 5h,2s 3h,-20,20,5,0,20,-20
8895,2965,0,BTN,0,3,False,Ah 2c Kc 9s 3s,4c 5s,0,0,9,0,20,-20
8896,2965,1,SB,0,0,False,,3h Js,-10,10,2,0,-10,10
8897,2965,2,BB,0,3,False,Ah 2c Kc 9s 3s,Th 7h,-20,20,9,0,20,-20
8898,2966,0,BTN,0,2,False,Ts 5c 9s Ad,Ac 4s,100,-100,11,100,-50,-50
8899,2966,1,SB,0,2,False,Ts 5c 9s Ad,Kc Jc,100,-100,7,0,100,-100
8900,2966,2,BB,0,1,False,Ts 5c 9s,3d 8c,-20,20,5,0,20,-20
8901,2967,0,BTN,0,3,True,6h Jh 9c Td 5c,Qh 5s,0,0,12,0,-1920,1920
8902,2967,1,SB,0,1,False,6h Jh 9c,8d Ad,-60,60,6,0,-60,60
8903,2967,2,BB,0,3,True,6h Jh 9c Td 5c,Qd Jc,186,-186,11,0,-186,186
8904,2968,0,BTN,0,3,True,8c 6h 6c 9s 5h,8s Th,0,0,9,0,-20,20
8905,2968,1,SB,0,0,False,,3d Ts,-10,10,2,0,-10,10
8906,2968,2,BB,0,3,True,8c 6h 6c 9s 5h,5d 3h,20,-20,9,0,-20,20
8907,2969,0,BTN,0,3,True,As Qc Ac Qs 5c,9d 6s,0,0,9,0,20,-20
8908,2969,1,SB,0,0,False,,8h 3s,-10,10,2,0,-10,10
8909,2969,2,BB,0,3,True,As Qc Ac Qs 5c,7c 4d,-20,20,9,0,20,-20
8910,2970,0,BTN,0,3,True,5d 7h 9d Jd 5s,Kd 9c,-1392.5,1392.5,9,-1392.5,1442.5,-50.0
8911,2970,1,SB,0,3,True,5d 7h 9d Jd 5s,9h 7s,-10,10,12,2005,-10,-1995
8912,2970,2,BB,0,3,True,5d 7h 9d Jd 5s,Ac Ts,-20,20,12,-1910,1930,-20
8913,2971,0,BTN,0,1,False,6h 9s Jd,Qc As,60,-60,6,60,-10,-50
8914,2971,1,SB,0,0,False,,5h 2s,-10,10,2,0,-10,10
8915,2971,2,BB,0,3,False,6h 9s Jd 8h Th,4s 7h,20,-20,10,0,-20,20
8916,2972,0,BTN,0,3,False,6s Jd Ac 4h 8d,6c 2h,0,0,10,0,-20,20
8917,2972,1,SB,0,0,False,,2s 5h,-10,10,2,0,-10,10
8918,2972,2,BB,0,1,False,6s Jd Ac,7d 8s,20,-20,6,0,-20,20
8919,2973,0,BTN,0,2,False,Qs 6c 6h Td,2d 8s,0,0,7,0,20,-20
8920,2973,1,SB,0,0,False,,4s Tc,-10,10,2,0,-10,10
8921,2973,2,BB,0,2,False,Qs 6c 6h Td,8h 2h,-20,20,7,0,20,-20
8922,2974,0,BTN,0,3,True,Ts 8s 3d 5d 6h,As 6c,-275,275,12,-275,325,-50
8923,2974,1,SB,0,0,False,,9d 7h,-10,10,2,0,-10,10
8924,2974,2,BB,0,3,False,Ts 8s 3d 5d 6h,Jd 2s,-20,20,9,0,20,-20
8925,2975,0,BTN,0,3,True,5c Tc Qh Kd 9s,9c 3s,0,0,9,0,20,-20
8926,2975,1,SB,0,0,False,,6h 9d,-10,10,2,0,-10,10
8927,2975,2,BB,0,3,True,5c Tc Qh Kd 9s,4d 2d,-20,20,9,0,20,-20
8928,2976,0,BTN,0,3,True,2d Ad 8c Jh 2s,Qd 9d,-1825,1825,10,-1825,-10,1835
8929,2976,1,SB,0,0,False,,Td 6h,-10,10,2,0,-10,10
8930,2976,2,BB,0,2,False,2d Ad 8c Jh,Ah Kd,46,-46,9,0,-46,46
8931,2977,0,BTN,0,3,True,6h Js 2s 4c 6s,9d 5c,0,0,11,0,-320,320
8932,2977,1,SB,0,0,False,,Kd 2h,-10,10,2,0,-10,10
8933,2977,2,BB,0,3,True,6h Js 2s 4c 6s,4h Td,20,-20,9,0,-20,20
8934,2978,0,BTN,0,2,False,5d 4s 8h 8d,7h 2h,0,0,9,0,-80,80
8935,2978,1,SB,0,1,False,5d 4s 8h,Jc Qs,-60,60,6,0,-60,60
8936,2978,2,BB,0,3,True,5d 4s 8h 8d Ad,Kh 5h,46,-46,10,0,-46,46
8937,2979,0,BTN,0,2,False,3h Kc Jd 5s,2s Jc,0,0,9,0,-80,80
8938,2979,1,SB,0,0,False,,4d Qh,-10,10,2,0,-10,10
8939,2979,2,BB,0,2,False,3h Kc Jd 5s,Js 6h,46,-46,9,0,-46,46
8940,2980,0,BTN,0,2,False,7s 4c 5d Qd,Kd 9h,60,-60,8,60,-10,-50
8941,2980,1,SB,0,3,True,7s 4c 5d Qd 3h,6s 2c,-10,10,9,30,-10,-20
8942,2980,2,BB,0,3,False,7s 4c 5d Qd 3h,2d Js,-20,20,12,-20,40,-20
8943,2981,0,BTN,0,3,False,4c 2h Qd 5s 3d,Qs 6s,142,-142,11,142,-10,-132
8944,2981,1,SB,0,0,False,,4s Th,-10,10,2,0,-10,10
8945,2981,2,BB,0,3,True,4c 2h Qd 5s 3d,9h 2d,-20,20,9,0,20,-20
8946,2982,0,BTN,0,2,False,5h 2c Th Qc,2h 3s,0,0,10,0,-180,180
8947,2982,1,SB,0,2,False,5h 2c Th Qc,8s Kh,-90,90,9,0,-90,90
8948,2982,2,BB,0,3,True,5h 2c Th Qc Ah,4h 4c,20,-20,9,0,-20,20
8949,2983,0,BTN,0,3,True,Kh 4d Qh Js 2c,5h Qs,0,0,9,0,1920,-1920
8950,2983,1,SB,0,3,True,Kh 4d Qh Js 2c,Ks As,139,-139,9,0,139,-139
8951,2983,2,BB,0,1,False,Kh 4d Qh,8s Ac,-120,120,5,0,120,-120
8952,2984,0,BTN,0,1,False,7h 9h Jd,6c 5s,0,0,5,0,20,-20
8953,2984,1,SB,0,0,False,,3d 7c,-10,10,2,0,-10,10
8954,2984,2,BB,0,1,False,7h 9h Jd,2c Qd,-20,20,5,0,20,-20
8955,2985,0,BTN,0,3,True,Ts 3c 2s 9c 6c,8d Jh,0,0,12,0,-1920,1920
8956,2985,1,SB,0,1,False,Ts 3c 2s,Kd Qd,-360,360,7,0,-360,360
8957,2985,2,BB,0,3,True,Ts 3c 2s 9c 6c,As Ks,69,-69,10,0,-69,69
8958,2986,0,BTN,0,1,False,Kd Ad Ks,8s 5d,0,0,5,0,120,-120
8959,2986,1,SB,0,3,True,Kd Ad Ks 4d 9h,Jd Jh,580,-580,9,0,580,-580
8960,2986,2,BB,0,2,False,Kd Ad Ks 4d,6c Jc,-480,480,7,0,480,-480
8961,2987,0,BTN,0,3,True,Ac 6d Jh Qs Jd,6s 4s,0,0,11,0,-120,120
8962,2987,1,SB,0,0,False,,4c Kh,-10,10,2,0,-10,10
8963,2987,2,BB,0,3,True,Ac 6d Jh Qs Jd,3c 6c,186,-186,11,0,-186,186
8964,2988,0,BTN,0,3,True,5d Th 7h 3d 7s,Jd Kd,-543,543,10,-543,-10,553
8965,2988,1,SB,0,3,True,5d Th 7h 3d 7s,8c 4d,-10,10,9,-175,-10,185
8966,2988,2,BB,0,3,True,5d Th 7h 3d 7s,Ac 4h,40,-40,12,-20,-20,40
8967,2989,0,BTN,0,0,False,,2s Qh,0,0,4,0,-20,20
8968,2989,1,SB,0,0,False,,Th 6c,-10,10,2,0,-10,10
8969,2989,2,BB,0,3,True,Td Kh Js 3h 6h,Ks 7d,-2000,2000,11,0,2000,-2000
8970,2990,0,BTN,0,3,True,Jd 8s 9d 4c As,9c Ah,199,-199,14,199,-50,-149
8971,2990,1,SB,0,3,True,Jd 8s 9d 4c As,Kd 7h,-10,10,11,2005,-10,-1995
8972,2990,2,BB,0,3,True,Jd 8s 9d 4c As,5s 5h,-110,110,14,130,-20,-110
8973,2991,0,BTN,0,3,True,Th 6d 6s 9s Ac,Jd 3d,0,0,9,0,20,-20
8974,2991,1,SB,0,3,True,Th 6d 6s 9s Ac,5c Ks,-10,10,9,30,-10,-20
8975,2991,2,BB,0,3,True,Th 6d 6s 9s Ac,5d 3h,-20,20,12,-20,40,-20
8976,2992,0,BTN,0,0,False,,Ts 8c,0,0,4,0,-20,20
8977,2992,1,SB,0,2,False,8d 7s Td As,9c 6c,-60,60,8,0,-60,60
8978,2992,2,BB,0,3,True,8d 7s Td As 9d,Ac Qd,-1280,1280,9,0,1280,-1280
8979,2993,0,BTN,0,3,False,Ad 8c 4h Jd 5d,4d Ts,0,0,9,0,20,-20
8980,2993,1,SB,0,2,False,Ad 8c 4h Jd,6d 7d,100,-100,7,0,100,-100
8981,2993,2,BB,0,3,False,Ad 8c 4h Jd 5d,Qs 2h,-20,20,9,0,20,-20
8982,2994,0,BTN,0,3,True,2s Ad Ac 6s 5c,3d Kh,0,0,9,0,20,-20
8983,2994,1,SB,0,0,False,,7c Qd,-10,10,2,0,-10,10
8984,2994,2,BB,0,2,False,2s Ad Ac 6s,7d 3s,-20,20,7,0,20,-20
8985,2995,0,BTN,0,3,True,7c Qc 5d 2s Ad,Tc 2d,0,0,9,0,20,-20
8986,2995,1,SB,0,0,False,,4h Ks,-10,10,2,0,-10,10
8987,2995,2,BB,0,3,True,7c Qc 5d 2s Ad,9h Ts,-20,20,9,0,20,-20
8988,2996,0,BTN,0,1,False,3s 2s Qh,6d 7d,60,-60,6,60,-10,-50
8989,2996,1,SB,0,0,False,,4h Ts,-10,10,2,0,-10,10
8990,2996,2,BB,0,1,False,3s 2s Qh,8h 7s,20,-20,6,0,-20,20
8991,2997,0,BTN,0,3,True,Kh 6s Qs Ts 7h,Jd 6d,-50,50,9,-50,-10,60
8992,2997,1,SB,0,0,False,,7d 4h,-10,10,2,0,-10,10
8993,2997,2,BB,0,3,True,Kh 6s Qs Ts 7h,3h Tc,20,-20,9,0,-20,20
8994,2998,0,BTN,0,3,True,3d 2d 4h 2c 2h,7d Qs,0,0,9,0,-20,20
8995,2998,1,SB,0,0,False,,Jh 7s,-10,10,2,0,-10,10
8996,2998,2,BB,0,3,True,3d 2d 4h 2c 2h,5c Qd,20,-20,9,0,-20,20
8997,2999,0,BTN,0,1,False,4d 7d 4h,5d Ks,0,0,6,0,-20,20
8998,2999,1,SB,0,1,False,4d 7d 4h,6s Ts,-60,60,6,0,-60,60
8999,2999,2,BB,0,3,False,4d 7d 4h 9s 9h,8s 7h,20,-20,10,0,-20,20
9000,3000,0,BTN,0,3,True,3c 5c 2c Jh 8d,4h 4d,100,-100,12,100,-50,-50
9001,3000,1,SB,0,3,True,3c 5c 2c Jh 8d,Ah 9s,-90,90,10,0,-90,90
9002,3000,2,BB,0,3,True,3c 5c 2c Jh 8d,Ad Ts,80,-80,9,0,-80,80
9003,3001,0,BTN,0,3,True,9h Qd 6c Js Ts,6s 9d,0,0,11,0,1920,-1920
9004,3001,1,SB,0,0,False,,Jd 8h,-10,10,2,0,-10,10
9005,3001,2,BB,0,3,False,9h Qd 6c Js Ts,7h 7d,-80,80,9,0,80,-80
9006,3002,0,BTN,0,2,False,5c 2c 5d 7c,5h Qs,0,0,8,0,480,-480
9007,3002,1,SB,0,2,False,5c 2c 5d 7c,4d Ac,60,-60,7,0,60,-60
9008,3002,2,BB,0,1,False,5c 2c 5d,Jh Qh,-170,170,7,0,170,-170
9009,3003,0,BTN,0,1,False,6c Th Jc,3h Ks,0,0,6,0,-20,20
9010,3003,1,SB,0,0,False,,7c 8h,-10,10,2,0,-10,10
9011,3003,2,BB,0,2,False,6c Th Jc 2d,Ts 3s,20,-20,8,0,-20,20
9012,3004,0,BTN,0,3,False,Ac 2h Th 7c 5s,5d 5h,60,-60,10,60,-10,-50
9013,3004,1,SB,0,1,False,Ac 2h Th,3h 4c,-10,10,7,130,-10,-120
9014,3004,2,BB,0,3,True,Ac 2h Th 7c 5s,Qs 3c,-20,20,14,-1910,1930,-20
9015,3005,0,BTN,0,1,False,6c Kd Jd,7s 9d,0,0,6,0,-20,20
9016,3005,1,SB,0,0,False,,4h Tc,-10,10,2,0,-10,10
9017,3005,2,BB,0,2,False,6c Kd Jd Jc,3s Jh,20,-20,8,0,-20,20
9018,3006,0,BTN,0,3,True,5s 9c Kd 8c Jc,Qc Tc,4000,-4000,14,4000,-2000,-2000
9019,3006,1,SB,0,3,True,5s 9c Kd 8c Jc,Kh Qh,1523.8095238095239,-1523.8095238095239,10,0.0,1523.8095238095239,-1523.8095238095239
9020,3006,2,BB,0,1,False,5s 9c Kd,3h 9h,-170,170,7,0,170,-170
9021,3007,0,BTN,0,3,True,Qs 2s Ks 6s 9h,Ad 7c,-50,50,10,-50,2017,-1967
9022,3007,1,SB,0,2,False,Qs 2s Ks 6s,Td Js,-100,100,8,0,-100,100
9023,3007,2,BB,0,2,False,Qs 2s Ks 6s,9s Th,-80,80,7,0,80,-80
9024,3008,0,BTN,0,3,True,Qh 8s 6h 4c 8d,Qs Js,-1285.7142857142858,1285.7142857142858,12,-1285.7142857142858,3000.0,-1714.2857142857142
9025,3008,1,SB,0,3,True,Qh 8s 6h 4c 8d,As Ad,1060.0,-1060.0,7,0.0,1060.0,-1060.0
9026,3008,2,BB,0,3,True,Qh 8s 6h 4c 8d,Td Th,-1060.0,1060.0,6,0.0,1060.0,-1060.0
9027,3009,0,BTN,0,3,True,3h 2s 4c Tc 2c,9d 8c,-50,50,12,-50,-50,100
9028,3009,1,SB,0,3,True,3h 2s 4c Tc 2c,8d 7h,-60,60,9,0,-60,60
9029,3009,2,BB,0,3,True,3h 2s 4c Tc 2c,5d Qc,20,-20,9,0,-20,20
9030,3010,0,BTN,0,3,False,5h Qs 4h Js Kc,8c 8h,-50,50,13,-50,-50,100
9031,3010,1,SB,0,3,False,5h Qs 4h Js Kc,As 7s,-88,88,14,-88,-88,176
9032,3010,2,BB,0,3,True,5h Qs 4h Js Kc,6d Ks,80,-80,13,-20,-60,80
9033,3011,0,BTN,0,3,True,9d 5c Jh 4s 8h,2s As,5,-5,11,5,-10,5
9034,3011,1,SB,0,0,False,,Ts 3d,-10,10,2,0,-10,10
9035,3011,2,BB,0,1,False,9d 5c Jh,2c Ah,20,-20,6,0,-20,20
9036,3012,0,BTN,0,3,True,7c 9h Qd 9d 6h,Qs Jc,-1809.047619047619,1809.0476190476193,8,-1809.047619047619,-10.0,1819.0476190476193
9037,3012,1,SB,0,0,False,,Tc 4s,-10,10,2,0,-10,10
9038,3012,2,BB,0,2,False,7c 9h Qd 9d,9c 5s,20,-20,8,0,-20,20
9039,3013,0,BTN,0,0,False,,4d 6s,0,0,4,0,-20,20
9040,3013,1,SB,0,3,False,3s 6d 9c 4h Ks,9h 6h,600,-600,11,0,600,-600
9041,3013,2,BB,0,2,False,3s 6d 9c 4h,Td Ad,-80,80,7,0,80,-80
9042,3014,0,BTN,0,3,True,8c Ts 5h 9c Qc,2d As,0,0,10,0,1520,-1520
9043,3014,1,SB,0,0,False,,Qs 5d,-10,10,2,0,-10,10
9044,3014,2,BB,0,3,True,8c Ts 5h 9c Qc,3d Tc,-1280,1280,9,0,1280,-1280
9045,3015,0,BTN,0,1,False,Th 5d 7h,4s 2h,0,0,5,0,20,-20
9046,3015,1,SB,0,1,False,Th 5d 7h,Qc Ts,60,-60,5,0,60,-60
9047,3015,2,BB,0,1,False,Th 5d 7h,4c 2c,-170,170,7,0,170,-170
9048,3016,0,BTN,0,3,True,6d 2d Jc 9h 8d,3h 3c,898,-898,11,898,-10,-888
9049,3016,1,SB,0,0,False,,Td 7s,-10,10,2,0,-10,10
9050,3016,2,BB,0,3,False,6d 2d Jc 9h 8d,Ah 7d,-20,20,9,0,20,-20
9051,3017,0,BTN,0,3,False,3c 3s 7c 2c Th,5s 6d,0,0,10,0,-20,20
9052,3017,1,SB,0,0,False,,5c Jh,-10,10,2,0,-10,10
9053,3017,2,BB,0,3,True,3c 3s 7c 2c Th,Js 2s,20,-20,9,0,-20,20
9054,3018,0,BTN,0,1,False,5d 3d 2c,2h 3s,0,0,5,0,20,-20
9055,3018,1,SB,0,0,False,,2d Jd,-10,10,2,0,-10,10
9056,3018,2,BB,0,3,True,5d 3d 2c 8c As,6h 8h,320,-320,9,0,-320,320
9057,3019,0,BTN,0,3,True,7c Kd Td As 2s,9h Ac,1158.5714285714284,-1158.5714285714284,8,1158.5714285714284,-1138.5714285714284,-20.0
9058,3019,1,SB,0,2,False,7c Kd Td As,Kh Js,-558,558,9,578,-558,-20
9059,3019,2,BB,0,3,True,7c Kd Td As 2s,4s 2d,-20,20,11,1714,-1694,-20
9060,3020,0,BTN,0,3,True,Ac Tc Ks 7c Jd,Kd Jh,-543,543,10,-543,-10,553
9061,3020,1,SB,0,3,True,Ac Tc Ks 7c Jd,Ts 9c,-1558,1558,12,1578,-1558,-20
9062,3020,2,BB,0,3,True,Ac Tc Ks 7c Jd,4s Qh,-20,20,13,1714,-1694,-20
9063,3021,0,BTN,0,1,False,Qc As 7s,6c Kd,0,0,5,0,20,-20
9064,3021,1,SB,0,3,False,Qc As 7s Ac Qs,7d Tc,-10,10,10,30,-10,-20
9065,3021,2,BB,0,3,True,Qc As 7s Ac Qs,8h 3s,-20,20,12,40,-20,-20
9066,3022,0,BTN,0,2,False,7s 8d 8h 9c,6h Tc,0,0,7,0,20,-20
9067,3022,1,SB,0,0,False,,9s 2s,-10,10,2,0,-10,10
9068,3022,2,BB,0,2,False,7s 8d 8h 9c,2d 6c,-20,20,7,0,20,-20
9069,3023,0,BTN,0,3,True,Ks 5d 6d Ad 3c,Ac 8d,989.2857142857142,-989.2857142857142,9,989.2857142857142,-939.2857142857142,-50.0
9070,3023,1,SB,0,3,True,Ks 5d 6d Ad 3c,Td Kc,139,-139,9,0,139,-139
9071,3023,2,BB,0,2,False,Ks 5d 6d Ad,2s 2d,-80,80,7,0,80,-80
9072,3024,0,BTN,0,2,False,9s 6h 8c 8s,Qs Jd,-50,50,9,-50,100,-50
9073,3024,1,SB,0,3,True,9s 6h 8c 8s Kc,8d 7d,1879,-1879,12,0,1879,-1879
9074,3024,2,BB,0,3,True,9s 6h 8c 8s Kc,Ks Ad,-2000,2000,10,0,2000,-2000
9075,3025,0,BTN,0,3,True,6h 9h Tc Qh 3h,2s 5h,0,0,10,0,-120,120
9076,3025,1,SB,0,3,True,6h 9h Tc Qh 3h,Kd 4d,-60,60,9,0,-60,60
9077,3025,2,BB,0,3,True,6h 9h Tc Qh 3h,Ks 8s,20,-20,9,0,-20,20
9078,3026,0,BTN,0,1,False,9h Jd Ts,9d Js,60,-60,6,60,-10,-50
9079,3026,1,SB,0,1,False,9h Jd Ts,7c 2h,-10,10,6,30,-10,-20
9080,3026,2,BB,0,1,False,9h Jd Ts,6h 3h,-20,20,6,30,-10,-20
9081,3027,0,BTN,0,1,False,Qd 8c Ks,Js 6c,0,0,6,0,-20,20
9082,3027,1,SB,0,0,False,,7s 5c,-10,10,2,0,-10,10
9083,3027,2,BB,0,3,False,Qd 8c Ks Kc 6h,7d 8s,20,-20,10,0,-20,20
9084,3028,0,BTN,0,2,False,Qh As Qs 4c,9d 8d,96,-96,9,96,-10,-86
9085,3028,1,SB,0,0,False,,5d 7s,-10,10,2,0,-10,10
9086,3028,2,BB,0,3,True,Qh As Qs 4c 2h,9h 5h,20,-20,9,0,-20,20
9087,3029,0,BTN,0,0,False,,4c 6h,0,0,4,0,-20,20
9088,3029,1,SB,0,0,False,,5d 2h,-10,10,2,0,-10,10
9089,3029,2,BB,0,3,True,7s As 8c 9d 3s,Td Kc,20,-20,9,0,-20,20
9090,3030,0,BTN,0,3,True,3s 2s Ts 7c Jd,6c Ac,60,-60,9,60,-10,-50
9091,3030,1,SB,0,3,True,3s 2s Ts 7c Jd,8s Qd,-10,10,9,30,-10,-20
9092,3030,2,BB,0,3,True,3s 2s Ts 7c Jd,Ad 5d,-20,20,12,40,-20,-20
9093,3031,0,BTN,0,3,True,3s Ac 6s Ad 9d,2h Tc,0,0,12,0,-1920,1920
9094,3031,1,SB,0,1,False,3s Ac 6s,4d Qd,-100,100,6,0,-100,100
9095,3031,2,BB,0,3,True,3s Ac 6s Ad 9d,Jc Ah,107,-107,11,0,-107,107
9096,3032,0,BTN,0,3,False,Th 8s Qs 5s 7c,Jh 6s,0,0,9,0,320,-320
9097,3032,1,SB,0,3,False,Th 8s Qs 5s 7c,As 9s,100,-100,9,0,100,-100
9098,3032,2,BB,0,1,False,Th 8s Qs,2s Ad,-20,20,5,0,20,-20
9099,3033,0,BTN,0,2,False,2s 3h 7c 6h,Tc 5d,0,0,9,0,-120,120
9100,3033,1,SB,0,2,False,2s 3h 7c 6h,9s Qh,-60,60,8,0,-60,60
9101,3033,2,BB,0,1,False,2s 3h 7c,4d 4c,20,-20,6,0,-20,20
9102,3034,0,BTN,0,3,True,Ad Td 9d 4h 3c,Kc Ac,-1517.857142857143,1517.8571428571427,9,-1517.857142857143,1567.8571428571427,-50.0
9103,3034,1,SB,0,0,False,,As 9c,-88,88,5,108,-88,-20
9104,3034,2,BB,0,3,True,Ad Td 9d 4h 3c,4c Kh,-20,20,12,-1910,1930,-20
9105,3035,0,BTN,0,3,True,7c 4d 3c 8d 8h,8c Ad,1246.1904761904761,-1246.1904761904761,8,1246.1904761904761,-10.0,-1236.1904761904761
9106,3035,1,SB,0,0,False,,5s 9d,-10,10,2,0,-10,10
9107,3035,2,BB,0,1,False,7c 4d 3c,6d 7h,20,-20,6,0,-20,20
9108,3036,0,BTN,0,0,False,,9h 5s,0,0,4,0,-20,20
9109,3036,1,SB,0,0,False,,2h 8d,-10,10,2,0,-10,10
9110,3036,2,BB,0,3,True,8c 3c Kc Kd Qc,8s As,80,-80,9,0,-80,80
9111,3037,0,BTN,0,3,True,Qd 6c 8s Kh 7c,2d Td,0,0,9,0,-20,20
9112,3037,1,SB,0,0,False,,4h Jd,-10,10,2,0,-10,10
9113,3037,2,BB,0,3,True,Qd 6c 8s Kh 7c,Ad 4c,20,-20,9,0,-20,20
9114,3038,0,BTN,0,1,False,7h 5s Jd,2d 8c,0,0,6,0,-20,20
9115,3038,1,SB,0,0,False,,6h 3s,-10,10,2,0,-10,10
9116,3038,2,BB,0,1,False,7h 5s Jd,5c Ah,20,-20,6,0,-20,20
9117,3039,0,BTN,0,3,True,5s As Ad Qd 3s,8s 6c,0,0,9,0,20,-20
9118,3039,1,SB,0,0,False,,8d 7c,-10,10,2,0,-10,10
9119,3039,2,BB,0,1,False,5s As Ad,7d 4d,20,-20,6,0,-20,20
9120,3040,0,BTN,0,3,True,3c 8s Qd Th 6h,5s 4h,0,0,12,0,-1920,1920
9121,3040,1,SB,0,3,True,3c 8s Qd Th 6h,Jd Kh,-1440,1440,11,0,-1440,1440
9122,3040,2,BB,0,3,False,3c 8s Qd Th 6h,Ks Kd,107,-107,12,0,-107,107
9123,3041,0,BTN,0,3,True,7s 5c 4c As Kc,7h Qc,0,0,10,0,80,-80
9124,3041,1,SB,0,0,False,,5h Qs,-10,10,2,0,-10,10
9125,3041,2,BB,0,3,True,7s 5c 4c As Kc,6c 4s,-20,20,9,0,20,-20
9126,3042,0,BTN,0,1,False,7s Tc As,Ad Ac,60,-60,6,60,-10,-50
9127,3042,1,SB,0,0,False,,Ts 7c,-10,10,3,30,-10,-20
9128,3042,2,BB,0,0,False,,6c 4s,-20,20,3,30,-10,-20
9129,3043,0,BTN,0,1,False,4d 7c Kh,5h 7s,0,0,5,0,20,-20
9130,3043,1,SB,0,3,True,4d 7c Kh 3d 7h,4s Ks,139,-139,9,0,139,-139
9131,3043,2,BB,0,1,False,4d 7c Kh,Js 3h,-20,20,5,0,20,-20
9132,3044,0,BTN,0,2,False,Qc Ah 5h 6c,Ac Kc,96,-96,9,96,-10,-86
9133,3044,1,SB,0,1,False,Qc Ah 5h,Td 2d,-10,10,6,30,-10,-20
9134,3044,2,BB,0,1,False,Qc Ah 5h,7d Tc,-20,20,6,30,-10,-20
9135,3045,0,BTN,0,1,False,4c 8c Kh,Qd Qs,60,-60,6,60,-10,-50
9136,3045,1,SB,0,1,False,4c 8c Kh,Tc 4d,-10,10,6,30,-10,-20
9137,3045,2,BB,0,1,False,4c 8c Kh,2d 7h,-20,20,6,30,-10,-20
9138,3046,0,BTN,0,3,True,9s 3d 9h Jd As,3c 6c,0,0,11,0,-1280,1280
9139,3046,1,SB,0,1,False,9s 3d 9h,5s Ah,-60,60,6,0,-60,60
9140,3046,2,BB,0,3,True,9s 3d 9h Jd As,9c 6h,1070,-1070,12,0,-1070,1070
9141,3047,0,BTN,0,3,True,8d Jh Ts Jd Tc,8h Kc,-543,543,10,-543,-10,553
9142,3047,1,SB,0,0,False,,6h 8c,-10,10,2,0,-10,10
9143,3047,2,BB,0,1,False,8d Jh Ts,5c Ac,-20,20,5,0,20,-20
9144,3048,0,BTN,0,2,False,3d 8c 5d 7s,5s Jc,0,0,7,0,20,-20
9145,3048,1,SB,0,0,False,,7h Qc,-10,10,2,0,-10,10
9146,3048,2,BB,0,1,False,3d 8c 5d,Tc Qh,20,-20,6,0,-20,20
9147,3049,0,BTN,0,3,True,Qs 8d 2c Tc 8h,4d Jc,0,0,10,0,-1520,1520
9148,3049,1,SB,0,3,True,Qs 8d 2c Tc 8h,Qd Ts,-2000,2000,12,0,-2000,2000
9149,3049,2,BB,0,1,False,Qs 8d 2c,7c 8s,-20,20,5,0,20,-20
9150,3050,0,BTN,0,2,False,6s 9d 9h 2d,9c As,60,-60,8,60,-10,-50
9151,3050,1,SB,0,2,False,6s 9d 9h 2d,8d 3h,-10,10,9,105,-10,-95
9152,3050,2,BB,0,2,False,6s 9d 9h 2d,7s Ts,-110,110,11,130,-20,-110
9153,3051,0,BTN,0,1,False,5s 7d 4d,4h 2h,0,0,5,0,120,-120
9154,3051,1,SB,0,3,True,5s 7d 4d Jh Qd,Tc Th,60,-60,9,0,60,-60
9155,3051,2,BB,0,3,True,5s 7d 4d Jh Qd,9d Kh,-1949,1949,10,0,1949,-1949
9156,3052,0,BTN,0,3,True,8c 8s 9h Ad 9s,2s Kh,0,0,11,0,-1520,1520
9157,3052,1,SB,0,2,False,8c 8s 9h Ad,Tc Kd,-100,100,8,0,-100,100
9158,3052,2,BB,0,3,True,8c 8s 9h Ad 9s,Ah 3d,742,-742,11,0,-742,742
9159,3053,0,BTN,0,1,False,3c Kh As,8h 6c,0,0,7,0,-120,120
9160,3053,1,SB,0,0,False,,Jc 7s,-10,10,2,0,-10,10
9161,3053,2,BB,0,3,False,3c Kh As 3s 4c,7d Kc,46,-46,11,0,-46,46
9162,3054,0,BTN,0,1,False,Kh 8c Qc,5h 6h,-50,50,5,-50,70,-20
9163,3054,1,SB,0,2,False,Kh 8c Qc Ac,Kc Ah,60,-60,7,0,60,-60
9164,3054,2,BB,0,0,False,,7c 2h,-20,20,3,0,20,-20
9165,3055,0,BTN,0,1,False,Ks Tc 5s,Qc 3h,0,0,6,0,-20,20
9166,3055,1,SB,0,0,False,,Qs 2c,-10,10,2,0,-10,10
9167,3055,2,BB,0,3,False,Ks Tc 5s Jc 8h,Jd Td,46,-46,11,0,-46,46
9168,3056,0,BTN,0,0,False,,4s Tc,0,0,4,0,-20,20
9169,3056,1,SB,0,0,False,,2h 8s,-10,10,2,0,-10,10
9170,3056,2,BB,0,3,True,6h 3d 4d Js 3c,Kh 8h,20,-20,9,0,-20,20
9171,3057,0,BTN,0,3,True,7s 6c 2s 8d Tc,9d Kc,1281,-1281,11,1281,-10,-1271
9172,3057,1,SB,0,3,True,7s 6c 2s 8d Tc,5s 8c,-10,10,10,405,-10,-395
9173,3057,2,BB,0,3,True,7s 6c 2s 8d Tc,3h 6d,-20,20,14,130,-110,-20
9174,3058,0,BTN,0,2,False,6d 8h Js Qd,5c Qh,0,0,7,0,20,-20
9175,3058,1,SB,0,0,False,,Qc 3h,-10,10,2,0,-10,10
9176,3058,2,BB,0,1,False,6d 8h Js,5d Kd,20,-20,6,0,-20,20
9177,3059,0,BTN,0,3,True,4s 3h 5h Kd 4d,2h 6s,0,0,9,0,1920,-1920
9178,3059,1,SB,0,3,True,4s 3h 5h Kd 4d,Jd Jh,557,-557,10,0,557,-557
9179,3059,2,BB,0,3,True,4s 3h 5h Kd 4d,6c 3c,-1949,1949,10,0,1949,-1949
9180,3060,0,BTN,0,3,True,5c Js Ac 8h Qd,Qs 9h,-484,484,13,-484,-484,968
9181,3060,1,SB,0,3,True,5c Js Ac 8h Qd,Ks 8s,-400,400,10,0,-400,400
9182,3060,2,BB,0,3,True,5c Js Ac 8h Qd,Ts Kd,186,-186,10,0,-186,186
9183,3061,0,BTN,0,1,False,4s Kc Qh,3h Qd,0,0,6,0,-20,20
9184,3061,1,SB,0,0,False,,Th 3d,-10,10,2,0,-10,10
9185,3061,2,BB,0,2,False,4s Kc Qh 2c,Kd 6c,20,-20,8,0,-20,20
9186,3062,0,BTN,0,3,False,Tc 2s As 4s 6s,3d Ah,0,0,10,0,-20,20
9187,3062,1,SB,0,3,False,Tc 2s As 4s 6s,Jh 9d,-150,150,10,0,-150,150
9188,3062,2,BB,0,3,False,Tc 2s As 4s 6s,Js 3c,20,-20,10,0,-20,20
9189,3063,0,BTN,0,3,True,Qd Qc Tc Kh 3c,Ts Jd,-1715,1715,12,-1715,1765,-50
9190,3063,1,SB,0,2,False,Qd Qc Tc Kh,Kc 9s,100,-100,7,0,100,-100
9191,3063,2,BB,0,3,False,Qd Qc Tc Kh 3c,6s 8d,-240,240,10,0,240,-240
9192,3064,0,BTN,0,3,True,8d 4c As Jc 8c,8s Kh,2010,-2010,10,2010,-10,-2000
9193,3064,1,SB,0,0,False,,9d 4h,-10,10,2,0,-10,10
9194,3064,2,BB,0,3,True,8d 4c As Jc 8c,Ah 7s,2000,-2000,11,0,-2000,2000
9195,3065,0,BTN,0,0,False,,6d Jh,0,0,4,0,-20,20
9196,3065,1,SB,0,0,False,,5h 4d,-10,10,2,0,-10,10
9197,3065,2,BB,0,3,True,6c 2s 3d 9c 2d,Jc Ac,-1280,1280,9,0,1280,-1280
9198,3066,0,BTN,0,3,False,7h 5h Tc Qd Jc,9c 8h,390,-390,11,390,-10,-380
9199,3066,1,SB,0,0,False,,4c 7c,-10,10,2,0,-10,10
9200,3066,2,BB,0,3,True,7h 5h Tc Qd Jc,Ah 4d,-320,320,9,0,320,-320
9201,3067,0,BTN,0,3,True,Kd Ah Qd 5d 9c,6h Ad,198,-198,10,198,-10,-188
9202,3067,1,SB,0,3,True,Kd Ah Qd 5d 9c,Js 8c,-90,90,10,0,-90,90
9203,3067,2,BB,0,3,True,Kd Ah Qd 5d 9c,Jh 5s,40,-40,9,0,-40,40
9204,3068,0,BTN,0,0,False,,9c 5s,0,0,4,0,-20,20
9205,3068,1,SB,0,1,False,Kc 4s 3d,6h 8h,-100,100,6,0,-100,100
9206,3068,2,BB,0,2,False,Kc 4s 3d Tc,Kh 7c,20,-20,8,0,-20,20
9207,3069,0,BTN,0,3,True,Kc Jc 3c 5d 7s,Kh 3d,0,0,9,0,20,-20
9208,3069,1,SB,0,0,False,,6d 8h,-10,10,2,0,-10,10
9209,3069,2,BB,0,3,True,Kc Jc 3c 5d 7s,4c 8d,-20,20,9,0,20,-20
9210,3070,0,BTN,0,3,True,Qd 7c 4c Ac 6s,5c 5h,-50,50,11,-50,-1967,2017
9211,3070,1,SB,0,3,True,Qd 7c 4c Ac 6s,Ts Ad,-88,88,12,-1540,-88,1628
9212,3070,2,BB,0,3,True,Qd 7c 4c Ac 6s,8c Qc,2060,-2060,15,-60,-2000,2060
9213,3071,0,BTN,0,2,False,4h Kd 9c Js,Qd 6d,96,-96,9,96,-10,-86
9214,3071,1,SB,0,0,False,,3s 9s,-10,10,2,0,-10,10
9215,3071,2,BB,0,1,False,4h Kd 9c,5c 6h,-20,20,5,0,20,-20
9216,3072,0,BTN,0,2,False,Th 4s Ts Kd,2d 6s,0,0,7,0,40,-40
9217,3072,1,SB,0,0,False,,4d Kh,-10,10,2,0,-10,10
9218,3072,2,BB,0,2,False,Th 4s Ts Kd,2h Jh,-20,20,7,0,20,-20
9219,3073,0,BTN,0,3,True,Kh 8d 2s 2d Tc,Js 7d,0,0,9,0,20,-20
9220,3073,1,SB,0,3,True,Kh 8d 2s 2d Tc,6d 9h,-10,10,9,30,-10,-20
9221,3073,2,BB,0,3,True,Kh 8d 2s 2d Tc,5s 7h,-20,20,12,40,-20,-20
9222,3074,0,BTN,0,3,True,3d 8h 6c 3s 6h,3c 9d,0,0,9,0,20,-20
9223,3074,1,SB,0,0,False,,Qd 5h,-10,10,2,0,-10,10
9224,3074,2,BB,0,3,True,3d 8h 6c 3s 6h,Th 7c,-20,20,9,0,20,-20
9225,3075,0,BTN,0,3,True,7d Kh 5s 8s 2d,Tc 6h,0,0,10,0,120,-120
9226,3075,1,SB,0,3,True,7d Kh 5s 8s 2d,4d As,250,-250,9,0,250,-250
9227,3075,2,BB,0,3,True,7d Kh 5s 8s 2d,6d Qc,-20,20,9,0,20,-20
9228,3076,0,BTN,0,3,False,9h Th As 4s 2h,5h 9c,0,0,10,0,-20,20
9229,3076,1,SB,0,0,False,,6s Qh,-10,10,2,0,-10,10
9230,3076,2,BB,0,3,True,9h Th As 4s 2h,7h 4c,20,-20,9,0,-20,20
9231,3077,0,BTN,0,3,True,Kd Ks Ts Jd 7h,8d Kh,-2000,2000,13,-2000,-10,2010
9232,3077,1,SB,0,0,False,,Jc 8h,-10,10,2,0,-10,10
9233,3077,2,BB,0,3,True,Kd Ks Ts Jd 7h,9c Qh,1714.2857142857142,-1714.2857142857142,10,0.0,-1714.2857142857142,1714.2857142857142
9234,3078,0,BTN,0,1,False,6s Kc 7h,8d 5d,0,0,7,0,-120,120
9235,3078,1,SB,0,1,False,6s Kc 7h,9d Qd,-60,60,6,0,-60,60
9236,3078,2,BB,0,1,False,6s Kc 7h,Qh Ks,20,-20,6,0,-20,20
9237,3079,0,BTN,0,3,True,5s 6s 8h As Ad,Ah Ac,2050,-2050,14,2050,-50,-2000
9238,3079,1,SB,0,3,True,5s 6s 8h As Ad,Qd Jd,-1440,1440,15,2880,-1440,-1440
9239,3079,2,BB,0,0,False,,Js 6d,-20,20,3,30,-10,-20
9240,3080,0,BTN,0,3,True,7d 3c Jh 6d 5c,Qs 4c,0,0,10,0,-120,120
9241,3080,1,SB,0,2,False,7d 3c Jh 6d,8d Td,100,-100,7,0,100,-100
9242,3080,2,BB,0,3,True,7d 3c Jh 6d 5c,Kc 2c,20,-20,9,0,-20,20
9243,3081,0,BTN,0,2,False,Kd 5d 4h 2s,9c Kh,60,-60,8,60,-10,-50
9244,3081,1,SB,0,1,False,Kd 5d 4h,8c Th,-10,10,6,30,-10,-20
9245,3081,2,BB,0,2,False,Kd 5d 4h 2s,6s 8s,-110,110,11,130,-20,-110
9246,3082,0,BTN,0,0,False,,5h Tc,0,0,4,0,-20,20
9247,3082,1,SB,0,0,False,,5d 2d,-10,10,2,0,-10,10
9248,3082,2,BB,0,3,True,Js 4d Kh 2s 7s,Jh Qh,107,-107,11,0,-107,107
9249,3083,0,BTN,0,2,False,4h Qh Ac 3h,6c 8h,0,0,10,0,-480,480
9250,3083,1,SB,0,0,False,,Jc 6h,-10,10,2,0,-10,10
9251,3083,2,BB,0,2,False,4h Qh Ac 3h,Qc Qs,46,-46,9,0,-46,46
9252,3084,0,BTN,0,3,False,4c As 5h 7c 3h,3c Qh,0,0,10,0,120,-120
9253,3084,1,SB,0,0,False,,6d 2h,-10,10,2,0,-10,10
9254,3084,2,BB,0,3,False,4c As 5h 7c 3h,Ts Qs,-20,20,9,0,20,-20
9255,3085,0,BTN,0,1,False,Ah Qs 7c,4s Kh,0,0,6,0,-20,20
9256,3085,1,SB,0,1,False,Ah Qs 7c,Jd 6d,-540,540,8,0,-540,540
9257,3085,2,BB,0,3,True,Ah Qs 7c 6s 3s,2d Ac,107,-107,11,0,-107,107
9258,3086,0,BTN,0,0,False,,3d 9h,0,0,4,0,-20,20
9259,3086,1,SB,0,0,False,,8h 9s,-10,10,2,0,-10,10
9260,3086,2,BB,0,3,True,5d 3h 2d 9d 5h,4s As,2000.0,-2000.0,10,0.0,-2000.0,2000.0
9261,3087,0,BTN,0,0,False,,5d 2c,0,0,4,0,-20,20
9262,3087,1,SB,0,0,False,,5h 3c,-10,10,2,0,-10,10
9263,3087,2,BB,0,3,True,3d 4d Ac Js 3s,Kc Jc,-184,184,10,0,184,-184
9264,3088,0,BTN,0,3,True,2h Ac 9h Tc 8h,Th Ad,524,-524,11,524,-10,-514
9265,3088,1,SB,0,0,False,,5h 7d,-10,10,2,0,-10,10
9266,3088,2,BB,0,3,True,2h Ac 9h Tc 8h,Ks 8s,20,-20,9,0,-20,20
9267,3089,0,BTN,0,3,True,3c 9s 7d 7s Qs,6h 8c,0,0,9,0,20,-20
9268,3089,1,SB,0,1,False,3c 9s 7d,Jc 6c,60,-60,5,0,60,-60
9269,3089,2,BB,0,3,True,3c 9s 7d 7s Qs,8s 4h,-20,20,9,0,20,-20
9270,3090,0,BTN,0,3,True,Kh 3c Jh 4h 8d,9d 5h,0,0,9,0,1920,-1920
9271,3090,1,SB,0,3,True,Kh 3c Jh 4h 8d,Ks Kc,928,-928,10,0,928,-928
9272,3090,2,BB,0,0,False,,Jd 5c,-20,20,3,0,20,-20
9273,3091,0,BTN,0,3,True,2d 5c 2c Qd 6s,6h 3s,0,0,11,0,-1604,1604
9274,3091,1,SB,0,0,False,,Qs 3h,-10,10,2,0,-10,10
9275,3091,2,BB,0,3,True,2d 5c 2c Qd 6s,7s Qh,523.8095238095239,-523.8095238095239,10,0.0,-523.8095238095239,523.8095238095239
9276,3092,0,BTN,0,3,True,Qh 8s 7s 8h 2c,As 9d,60,-60,9,60,-10,-50
9277,3092,1,SB,0,3,True,Qh 8s 7s 8h 2c,Jh 4d,-10,10,9,30,-10,-20
9278,3092,2,BB,0,3,True,Qh 8s 7s 8h 2c,5h 9s,-20,20,12,40,-20,-20
9279,3093,0,BTN,0,3,True,Kd Js 9h 3s 4d,Qs 7s,-50,50,11,-50,-1967,2017
9280,3093,1,SB,0,1,False,Kd Js 9h,8c 9c,-100,100,6,0,-100,100
9281,3093,2,BB,0,3,True,Kd Js 9h 3s 4d,Jc Ts,2000,-2000,11,0,-2000,2000
9282,3094,0,BTN,0,0,False,,7c Jh,0,0,3,0,20,-20
9283,3094,1,SB,0,3,True,8d 4h 5c Jc 7s,Kc Ks,-2000,2000,11,2020,-2000,-20
9284,3094,2,BB,0,1,False,8d 4h 5c,Tc 9h,-120,120,7,-120,240,-120
9285,3095,0,BTN,0,3,True,6c 9s Ad 5c 8d,Qs 5h,0,0,11,0,-320,320
9286,3095,1,SB,0,1,False,6c 9s Ad,4c 4s,-100,100,6,0,-100,100
9287,3095,2,BB,0,3,True,6c 9s Ad 5c 8d,Kd 6s,40,-40,9,0,-40,40
9288,3096,0,BTN,0,3,True,7d 6h Td Ts Qs,4s Js,0,0,9,0,-20,20
9289,3096,1,SB,0,0,False,,9h 2d,-10,10,2,0,-10,10
9290,3096,2,BB,0,1,False,7d 6h Td,Kd 5s,20,-20,6,0,-20,20
9291,3097,0,BTN,0,2,False,2d 9c Kh 5h,Td Ad,-50,50,7,-50,-10,60
9292,3097,1,SB,0,1,False,2d 9c Kh,Tc 2c,-10,10,6,30,-10,-20
9293,3097,2,BB,0,1,False,2d 9c Kh,8d 5c,-20,20,6,30,-10,-20
9294,3098,0,BTN,0,2,False,8d Ks 3d Ad,8s 9h,-78,78,7,-78,-10,88
9295,3098,1,SB,0,0,False,,Tc 8h,-10,10,2,0,-10,10
9296,3098,2,BB,0,3,True,8d Ks 3d Ad 2d,Jc As,320,-320,9,0,-320,320
9297,3099,0,BTN,0,1,False,3s Ks 8s,7d 5d,60,-60,6,60,-10,-50
9298,3099,1,SB,0,2,False,3s Ks 8s 2s,4c As,100,-100,7,0,100,-100
9299,3099,2,BB,0,1,False,3s Ks 8s,6d Jh,-20,20,5,0,20,-20
9300,3100,0,BTN,0,3,True,9d 2d 5h Jd 4h,Qs 6c,0,0,9,0,120,-120
9301,3100,1,SB,0,3,True,9d 2d 5h Jd 4h,3c 3s,250,-250,9,0,250,-250
9302,3100,2,BB,0,3,True,9d 2d 5h Jd 4h,2s 7d,-80,80,9,0,80,-80
9303,3101,0,BTN,0,2,False,4h 2h 2s 3h,Jd 4d,0,0,8,0,-20,20
9304,3101,1,SB,0,0,False,,Qc 7s,-10,10,2,0,-10,10
9305,3101,2,BB,0,1,False,4h 2h 2s,9c 3c,20,-20,6,0,-20,20
9306,3102,0,BTN,0,3,True,4d Js 5c 2c Jh,9c 2d,0,0,10,0,-120,120
9307,3102,1,SB,0,0,False,,3h Qd,-10,10,2,0,-10,10
9308,3102,2,BB,0,3,True,4d Js 5c 2c Jh,Qc 6s,20,-20,9,0,-20,20
9309,3103,0,BTN,0,3,True,Qd 7d 4h Ac 9c,Ts 3h,0,0,9,0,20,-20
9310,3103,1,SB,0,2,False,Qd 7d 4h Ac,Kc Jd,60,-60,7,0,60,-60
9311,3103,2,BB,0,3,True,Qd 7d 4h Ac 9c,Jh 5s,-20,20,9,0,20,-20
9312,3104,0,BTN,0,0,False,,9c 5c,0,0,4,0,-20,20
9313,3104,1,SB,0,0,False,,8d 4h,-10,10,2,0,-10,10
9314,3104,2,BB,0,2,False,7d Kd 5h Qs,Ks Js,46,-46,9,0,-46,46
9315,3105,0,BTN,0,3,True,7c Ks 2c 4c Ad,6d 9c,0,0,9,0,-20,20
9316,3105,1,SB,0,0,False,,3s Ts,-10,10,2,0,-10,10
9317,3105,2,BB,0,3,True,7c Ks 2c 4c Ad,Qd 8d,20,-20,9,0,-20,20
9318,3106,0,BTN,0,2,False,4h 8d Jc 6d,3c 7s,0,0,8,0,-20,20
9319,3106,1,SB,0,0,False,,7h Qd,-10,10,2,0,-10,10
9320,3106,2,BB,0,1,False,4h 8d Jc,6s 9s,20,-20,6,0,-20,20
9321,3107,0,BTN,0,1,False,7c Tc Kh,Js Td,60,-60,6,60,-10,-50
9322,3107,1,SB,0,1,False,7c Tc Kh,9c Qs,60,-60,5,0,60,-60
9323,3107,2,BB,0,3,True,7c Tc Kh 7h 5s,4s 5h,20,-20,9,0,-20,20
9324,3108,0,BTN,0,0,False,,3s Ts,0,0,4,0,-20,20
9325,3108,1,SB,0,0,False,,7c 4s,-10,10,2,0,-10,10
9326,3108,2,BB,0,3,True,4d Th Kd 3h 6s,Jh Jd,1856,-1856,12,0,-1856,1856
9327,3109,0,BTN,0,3,True,As Ah 8h 2d 7h,Qd 3h,0,0,10,0,-120,120
9328,3109,1,SB,0,3,True,As Ah 8h 2d 7h,9d Js,-100,100,9,0,-100,100
9329,3109,2,BB,0,3,True,As Ah 8h 2d 7h,Qc 4c,20,-20,9,0,-20,20
9330,3110,0,BTN,0,3,True,6s Jh 8d 5d 2h,Qh 9c,-50,50,9,-50,70,-20
9331,3110,1,SB,0,2,False,6s Jh 8d 5d,Kh 9s,-100,100,8,0,-100,100
9332,3110,2,BB,0,3,False,6s Jh 8d 5d 2h,6d 2s,20,-20,10,0,-20,20
9333,3111,0,BTN,0,3,True,2h 8c Ad 3c 3d,Qs Kc,100,-100,12,100,-50,-50
9334,3111,1,SB,0,3,False,2h 8c Ad 3c 3d,Th 9h,-235,235,11,255,-235,-20
9335,3111,2,BB,0,3,True,2h 8c Ad 3c 3d,4c 6d,-20,20,12,40,-20,-20
9336,3112,0,BTN,0,1,False,Kd Tc 5h,Jh Td,60,-60,6,60,-10,-50
9337,3112,1,SB,0,0,False,,Jd 4c,-10,10,2,0,-10,10
9338,3112,2,BB,0,3,True,Kd Tc 5h 9s Jc,7s 3h,-20,20,9,0,20,-20
9339,3113,0,BTN,0,3,True,5c 5d 3s 9s 3h,5s 9h,0,0,9,0,20,-20
9340,3113,1,SB,0,3,True,5c 5d 3s 9s 3h,Qc 7c,60,-60,9,0,60,-60
9341,3113,2,BB,0,3,True,5c 5d 3s 9s 3h,Js 4c,-20,20,9,0,20,-20
9342,3114,0,BTN,0,3,True,9h 8s Ac 5s Js,Jc 3c,0,0,11,0,1604,-1604
9343,3114,1,SB,0,2,False,9h 8s Ac 5s,As 2c,-10,10,7,-95,-10,105
9344,3114,2,BB,0,2,False,9h 8s Ac 5s,9d Qh,-110,110,8,-20,130,-110
9345,3115,0,BTN,0,3,True,4c 5c As Ac Kh,Tc 3c,0,0,9,0,-20,20
9346,3115,1,SB,0,3,True,4c 5c As Ac Kh,Js 6s,-100,100,9,0,-100,100
9347,3115,2,BB,0,3,True,4c 5c As Ac Kh,Jd 8c,20,-20,9,0,-20,20
9348,3116,0,BTN,0,3,True,4h Ah Jc Js 2h,Ac Ad,2050,-2050,14,2050,-2000,-50
9349,3116,1,SB,0,3,True,4h Ah Jc Js 2h,Kd Td,-1397.0,1397.0,7,1417.0,-1397.0,-20.0
9350,3116,2,BB,0,1,False,4h Ah Jc,8s 9c,-120,120,6,130,-10,-120
9351,3117,0,BTN,0,1,False,9d Th Qc,Ac 4c,-50,50,7,-50,-50,100
9352,3117,1,SB,0,0,False,,6d 3d,-10,10,2,0,-10,10
9353,3117,2,BB,0,3,False,9d Th Qc 4d 8s,Ks Jc,46,-46,11,0,-46,46
9354,3118,0,BTN,0,3,True,9h 8c 6d 5h 6h,4s Th,0,0,9,0,20,-20
9355,3118,1,SB,0,0,False,,Kc 4h,-10,10,2,0,-10,10
9356,3118,2,BB,0,3,True,9h 8c 6d 5h 6h,2d 3c,-20,20,9,0,20,-20
9357,3119,0,BTN,0,3,True,7c 2c Kd 7s 9s,6c Qc,25,-25,12,25,-50,25
9358,3119,1,SB,0,0,False,,Jh 3s,-10,10,2,0,-10,10
9359,3119,2,BB,0,3,True,7c 2c Kd 7s 9s,Qd 8d,20,-20,9,0,-20,20
9360,3120,0,BTN,0,1,False,6s 7c 4c,7h 2c,0,0,7,0,-120,120
9361,3120,1,SB,0,1,False,6s 7c 4c,9d Jd,-60,60,6,0,-60,60
9362,3120,2,BB,0,2,False,6s 7c 4c Qs,5c 5h,60,-60,9,0,-60,60
9363,3121,0,BTN,0,3,True,As 8c 5s Jh 3c,Jd Js,2020,-2020,10,2020,-2000,-20
9364,3121,1,SB,0,3,True,As 8c 5s Jh 3c,Kc Ac,-70.40000000000009,70.40000000000009,6,90.40000000000009,-70.40000000000009,-20.0
9365,3121,2,BB,0,3,True,As 8c 5s Jh 3c,7d 2h,-20,20,12,1930,-1910,-20
9366,3122,0,BTN,0,1,False,Kc 9h 2c,8c As,60,-60,6,60,-10,-50
9367,3122,1,SB,0,0,False,,3h 8d,-10,10,2,0,-10,10
9368,3122,2,BB,0,3,False,Kc 9h 2c 5d 3s,7d 4s,-20,20,9,0,20,-20
9369,3123,0,BTN,0,3,True,8c 3s Jh 4h 7c,Ad 9d,-50,50,10,-50,2017,-1967
9370,3123,1,SB,0,3,False,8c 3s Jh 4h 7c,Qs Jd,578,-578,10,-558,578,-20
9371,3123,2,BB,0,3,True,8c 3s Jh 4h 7c,9s 8h,-1925,1925,11,-110,2035,-1925
9372,3124,0,BTN,0,1,False,7c Jc 9c,Ac 7d,100,-100,8,100,-50,-50
9373,3124,1,SB,0,3,True,7c Jc 9c Qc 3d,Ks 8h,-90,90,10,0,-90,90
9374,3124,2,BB,0,3,True,7c Jc 9c Qc 3d,Qs 5h,20,-20,9,0,-20,20
9375,3125,0,BTN,0,3,False,3h 5h 3s 7s 6h,Qh Kd,-875,875,9,-875,-10,885
9376,3125,1,SB,0,3,True,3h 5h 3s 7s 6h,2h 7d,-10,10,10,-1995,-10,2005
9377,3125,2,BB,0,3,True,3h 5h 3s 7s 6h,9h 9s,63,-63,9,-53,-10,63
9378,3126,0,BTN,0,3,False,5s 4h 7s 6h 4c,Jc 8h,60,-60,10,60,-10,-50
9379,3126,1,SB,0,0,False,,Kc 3d,-10,10,2,0,-10,10
9380,3126,2,BB,0,2,False,5s 4h 7s 6h,Jd 2c,-20,20,7,0,20,-20
9381,3127,0,BTN,0,3,True,3h 8d 3d 8h 9s,Qc Qs,2050,-2050,14,2050,-2000,-50
9382,3127,1,SB,0,3,True,3h 8d 3d 8h 9s,Kc Ad,-70.40000000000009,70.40000000000009,6,90.40000000000009,-70.40000000000009,-20.0
9383,3127,2,BB,0,3,True,3h 8d 3d 8h 9s,Th 7s,-20,20,13,1714,-1694,-20
9384,3128,0,BTN,0,3,True,3c Kc Qh Jh 4s,Tc 6h,0,0,11,0,-1520,1520
9385,3128,1,SB,0,2,False,3c Kc Qh Jh,8h 8d,-240,240,9,0,-240,240
9386,3128,2,BB,0,3,True,3c Kc Qh Jh 4s,3d Kh,1067,-1067,12,0,-1067,1067
9387,3129,0,BTN,0,1,False,Td 3c Jc,2c 9c,0,0,6,0,120,-120
9388,3129,1,SB,0,3,True,Td 3c Jc Ks 8d,Ts As,100,-100,9,0,100,-100
9389,3129,2,BB,0,2,False,Td 3c Jc Ks,2h 2d,-80,80,7,0,80,-80
9390,3130,0,BTN,0,1,False,9h As 4s,3s Jc,0,0,5,0,20,-20
9391,3130,1,SB,0,2,False,9h As 4s 7h,Ac Qh,100,-100,7,0,100,-100
9392,3130,2,BB,0,1,False,9h As 4s,3d 6h,-20,20,5,0,20,-20
9393,3131,0,BTN,0,3,True,Ks 2h 9h Ah 9d,6c Kh,0,0,10,0,480,-480
9394,3131,1,SB,0,2,False,Ks 2h 9h Ah,Qd 2d,-10,10,10,505,-10,-495
9395,3131,2,BB,0,3,True,Ks 2h 9h Ah 9d,Qs 6d,-20,20,13,1930,-1910,-20
9396,3132,0,BTN,0,3,True,4d 6d 6c As Ac,Ad 5d,832,-832,14,832,-50,-782
9397,3132,1,SB,0,0,False,,Ks 7c,-10,10,2,0,-10,10
9398,3132,2,BB,0,3,True,4d 6d 6c As Ac,Jd 2d,-600,600,11,0,600,-600
9399,3133,0,BTN,0,3,True,4d Th Kd Kh 9h,Jc Jd,2010,-2010,10,2010,-10,-2000
9400,3133,1,SB,0,0,False,,2s 2h,-88,88,5,108,-88,-20
9401,3133,2,BB,0,3,True,4d Th Kd Kh 9h,4h Qs,-1910,1910,14,1930,-20,-1910
9402,3134,0,BTN,0,1,False,4s Js 9s,Ah 9h,-50,50,5,-50,-10,60
9403,3134,1,SB,0,3,True,4s Js 9s 9d 7c,2d Th,-10,10,10,1905,-10,-1895
9404,3134,2,BB,0,3,False,4s Js 9s 9d 7c,Qs Td,-887,887,12,897,-10,-887
9405,3135,0,BTN,0,3,False,7s Kh As 6s 4d,Ac 5c,142,-142,11,142,-10,-132
9406,3135,1,SB,0,0,False,,9c 2h,-10,10,2,0,-10,10
9407,3135,2,BB,0,3,True,7s Kh As 6s 4d,8h 9h,20,-20,9,0,-20,20
9408,3136,0,BTN,0,3,True,Ac 7c Tc 8s Jh,Td Qc,-906.5,906.5,9,-906.5,956.5,-50.0
9409,3136,1,SB,0,2,False,Ac 7c Tc 8s,Th As,60,-60,7,0,60,-60
9410,3136,2,BB,0,1,False,Ac 7c Tc,3s Js,-20,20,5,0,20,-20
9411,3137,0,BTN,0,1,False,Th Tc Ts,7s 7d,60,-60,6,60,-10,-50
9412,3137,1,SB,0,1,False,Th Tc Ts,Jh 8d,-10,10,6,30,-10,-20
9413,3137,2,BB,0,1,False,Th Tc Ts,6h 4c,-20,20,8,40,-20,-20
9414,3138,0,BTN,0,3,True,2d Th Tc 4d 2c,8c Kd,-1645,1645,10,-1645,-10,1655
9415,3138,1,SB,0,0,False,,6d 7s,-10,10,2,0,-10,10
9416,3138,2,BB,0,3,True,2d Th Tc 4d 2c,Ah 7h,20,-20,9,0,-20,20
9417,3139,0,BTN,0,0,False,,4d Jh,0,0,4,0,-20,20
9418,3139,1,SB,0,0,False,,9d 8s,-10,10,2,0,-10,10
9419,3139,2,BB,0,2,False,7h 8d 5s 3d,2h Kh,-80,80,7,0,80,-80
9420,3140,0,BTN,0,3,True,4h Ad Jd Kd 7c,5s 7d,0,0,10,0,1704,-1704
9421,3140,1,SB,0,3,True,4h Ad Jd Kd 7c,Qd Qh,1740,-1740,11,0,1740,-1740
9422,3140,2,BB,0,3,True,4h Ad Jd Kd 7c,6h Jh,-1920,1920,9,0,1920,-1920
9423,3141,0,BTN,0,3,True,Kh Ad Ks 7h 5s,Ts Tc,-2000,2000,10,-2000,-10,2010
9424,3141,1,SB,0,3,True,Kh Ad Ks 7h 5s,Th 6s,-10,10,11,-1808,-10,1818
9425,3141,2,BB,0,3,True,Kh Ad Ks 7h 5s,Kd Jd,2020,-2020,13,-2000,-20,2020
9426,3142,0,BTN,0,1,False,3h 6c 8d,9s 6d,0,0,5,0,20,-20
9427,3142,1,SB,0,0,False,,Js 8h,-10,10,2,0,-10,10
9428,3142,2,BB,0,2,False,3h 6c 8d Jd,5h Qh,-80,80,7,0,80,-80
9429,3143,0,BTN,0,3,True,3h Tc 2h 4s 9s,8h 2d,0,0,9,0,80,-80
9430,3143,1,SB,0,3,True,3h Tc 2h 4s 9s,9h Ks,139,-139,9,0,139,-139
9431,3143,2,BB,0,3,True,3h Tc 2h 4s 9s,Qc 2s,-80,80,9,0,80,-80
9432,3144,0,BTN,0,1,False,Ah 4c Ts,4h 2d,0,0,5,0,20,-20
9433,3144,1,SB,0,2,False,Ah 4c Ts 2s,Kh Th,100,-100,7,0,100,-100
9434,3144,2,BB,0,2,False,Ah 4c Ts 2s,7d 8c,-80,80,7,0,80,-80
9435,3145,0,BTN,0,3,True,Ah 2d 4c 5d 7s,As Tc,133,-133,10,133,-10,-123
9436,3145,1,SB,0,3,True,Ah 2d 4c 5d 7s,Jd 8s,-60,60,9,0,-60,60
9437,3145,2,BB,0,3,True,Ah 2d 4c 5d 7s,Qd 7h,20,-20,9,0,-20,20
9438,3146,0,BTN,0,1,False,9d Kh 2s,7s 8h,0,0,7,0,-120,120
9439,3146,1,SB,0,3,False,9d Kh 2s 4s 7c,Ts 8s,-250,250,10,0,-250,250
9440,3146,2,BB,0,1,False,9d Kh 2s,2h Ah,20,-20,6,0,-20,20
9441,3147,0,BTN,0,3,True,Kh 6d Jc 4s 3s,Th Js,2010,-2010,12,2010,-10,-2000
9442,3147,1,SB,0,0,False,,8s 6h,-10,10,2,0,-10,10
9443,3147,2,BB,0,1,False,Kh 6d Jc,Qd 4h,-20,20,5,0,20,-20
9444,3148,0,BTN,0,1,False,7h 8d 8s,2d Tc,0,0,5,0,20,-20
9445,3148,1,SB,0,3,True,7h 8d 8s 8h 6c,7s Ad,232,-232,9,0,232,-232
9446,3148,2,BB,0,1,False,7h 8d 8s,5d Kc,-20,20,5,0,20,-20
9447,3149,0,BTN,0,1,False,3c 9s 6c,8d Jc,-50,50,6,-50,100,-50
9448,3149,1,SB,0,3,False,3c 9s 6c 2c 4c,7c Ac,150,-150,9,0,150,-150
9449,3149,2,BB,0,1,False,3c 9s 6c,As 2h,-20,20,5,0,20,-20
9450,3150,0,BTN,0,1,False,Td 5d Ah,5c 2c,0,0,7,0,-120,120
9451,3150,1,SB,0,0,False,,3s 4c,-10,10,2,0,-10,10
9452,3150,2,BB,0,2,False,Td 5d Ah 9d,5s 5h,20,-20,8,0,-20,20
9453,3151,0,BTN,0,3,False,9c 7s Th Kc Jh,9d 6h,0,0,10,0,-20,20
9454,3151,1,SB,0,0,False,,3s Ac,-10,10,2,0,-10,10
9455,3151,2,BB,0,3,False,9c 7s Th Kc Jh,2d Qh,20,-20,10,0,-20,20
9456,3152,0,BTN,0,0,False,,9c 4d,0,0,4,0,-20,20
9457,3152,1,SB,0,0,False,,6h Tc,-10,10,2,0,-10,10
9458,3152,2,BB,0,3,True,3h Qh 5s 3d Jc,Kc Ad,20,-20,9,0,-20,20
9459,3153,0,BTN,0,2,False,2d 9h Kh Tc,5h 4h,-218,218,8,-218,-10,228
9460,3153,1,SB,0,0,False,,6s 4c,-10,10,2,0,-10,10
9461,3153,2,BB,0,2,False,2d 9h Kh Tc,Td Jh,20,-20,8,0,-20,20
9462,3154,0,BTN,0,0,False,,8c 2h,0,0,3,0,20,-20
9463,3154,1,SB,0,3,True,8s Jc 4s 8d Th,Kc Ah,-1600,1600,11,0,-1600,1600
9464,3154,2,BB,0,0,False,,6s 4c,-20,20,3,0,20,-20
9465,3155,0,BTN,0,3,True,3h 7h Ts 7s Js,8d As,-50,50,10,-50,-1967,2017
9466,3155,1,SB,0,3,True,3h 7h Ts 7s Js,Th Jh,-1047.6190476190477,1047.6190476190477,10,0.0,-1047.6190476190477,1047.6190476190477
9467,3155,2,BB,0,3,True,3h 7h Ts 7s Js,7c Qd,1047.6190476190477,-1047.6190476190477,10,0.0,-1047.6190476190477,1047.6190476190477
9468,3156,0,BTN,0,1,False,Ah 6s Kd,Kc Jc,60,-60,6,60,-10,-50
9469,3156,1,SB,0,1,False,Ah 6s Kd,3c 9d,-10,10,6,30,-10,-20
9470,3156,2,BB,0,1,False,Ah 6s Kd,Td 3s,-20,20,8,40,-20,-20
9471,3157,0,BTN,0,2,False,6s 9c 9d 5c,Th Js,-50,50,9,-50,100,-50
9472,3157,1,SB,0,3,True,6s 9c 9d 5c 5h,7s 7h,232,-232,9,0,232,-232
9473,3157,2,BB,0,1,False,6s 9c 9d,Tc Qd,-840,840,7,0,840,-840
9474,3158,0,BTN,0,1,False,Ts 7d 7s,3c 8s,0,0,7,0,-120,120
9475,3158,1,SB,0,2,False,Ts 7d 7s 9d,2h 2d,-240,240,9,0,-240,240
9476,3158,2,BB,0,3,False,Ts 7d 7s 9d 9h,7h Jc,107,-107,12,0,-107,107
9477,3159,0,BTN,0,1,False,5c 6c 8c,Qh 6s,0,0,5,0,20,-20
9478,3159,1,SB,0,3,True,5c 6c 8c Th 4s,9c Ad,-60,60,9,0,-60,60
9479,3159,2,BB,0,1,False,5c 6c 8c,3s 5h,-20,20,5,0,20,-20
9480,3160,0,BTN,0,1,False,Ah 3h Ks,Ts 4s,0,0,6,0,-20,20
9481,3160,1,SB,0,0,False,,4c Td,-10,10,2,0,-10,10
9482,3160,2,BB,0,3,True,Ah 3h Ks 6s 5c,3c 8d,20,-20,9,0,-20,20
9483,3161,0,BTN,0,3,True,9c Th Qc Td 6h,Qh Js,323,-323,11,323,-10,-313
9484,3161,1,SB,0,0,False,,8c 4h,-10,10,2,0,-10,10
9485,3161,2,BB,0,1,False,9c Th Qc,Ac 7h,20,-20,6,0,-20,20
9486,3162,0,BTN,0,3,True,2h 8h 3h As 2c,3c Jc,0,0,12,0,-1920,1920
9487,3162,1,SB,0,3,True,2h 8h 3h As 2c,Qs 3s,-154,154,14,-154,-154,308
9488,3162,2,BB,0,3,True,2h 8h 3h As 2c,6d 6h,40,-40,12,-20,-20,40
9489,3163,0,BTN,0,0,False,,7s Qh,0,0,4,0,-20,20
9490,3163,1,SB,0,0,False,,9d 3s,-10,10,2,0,-10,10
9491,3163,2,BB,0,3,True,9h 8s 6c Js Ac,Ad Ah,1440.0,-1440.0,8,0.0,-1440.0,1440.0
9492,3164,0,BTN,0,3,True,8d Tc 3c 7h 2d,Ts 2s,0,0,11,0,-1920,1920
9493,3164,1,SB,0,1,False,8d Tc 3c,Kd As,-100,100,6,0,-100,100
9494,3164,2,BB,0,0,False,,8c Qs,-240,240,5,0,240,-240
9495,3165,0,BTN,0,3,True,9c 3d Ah 5d 9h,7c Js,0,0,12,0,-1920,1920
9496,3165,1,SB,0,3,True,9c 3d Ah 5d 9h,Jd Qd,-1716,1716,13,-528,-1716,2244
9497,3165,2,BB,0,3,True,9c 3d Ah 5d 9h,Kd Ks,386,-386,13,-20,-366,386
9498,3166,0,BTN,0,3,True,3h 2s Qd 7s Kd,Jc Ad,-88,88,13,-88,176,-88
9499,3166,1,SB,0,3,True,3h 2s Qd 7s Kd,Ts Th,1685,-1685,14,-154,1685,-1531
9500,3166,2,BB,0,3,True,3h 2s Qd 7s Kd,8c 8h,-40,40,12,-40,80,-40
9501,3167,0,BTN,0,3,True,Js 7d 6h 9h Th,2d 2s,60,-60,9,60,-10,-50
9502,3167,1,SB,0,3,True,Js 7d 6h 9h Th,Qs 9d,100,-100,9,0,100,-100
9503,3167,2,BB,0,2,False,Js 7d 6h 9h,Kd 4c,-20,20,7,0,20,-20
9504,3168,0,BTN,0,1,False,Js 9c 3h,8h Kh,-50,50,5,-50,-10,60
9505,3168,1,SB,0,1,False,Js 9c 3h,As 2d,-10,10,5,-20,-10,30
9506,3168,2,BB,0,3,True,Js 9c 3h 7s 7d,9d 2c,40,-40,12,-20,-20,40
9507,3169,0,BTN,0,0,False,,6d Kh,0,0,4,0,-20,20
9508,3169,1,SB,0,3,True,9h As 8h Qh Ad,Th 3d,-10,10,11,5,-10,5
9509,3169,2,BB,0,3,True,9h As 8h Qh Ad,4h Kc,10,-10,12,10,-20,10
9510,3170,0,BTN,0,0,False,,6c 5c,-50,50,4,-50,-10,60
9511,3170,1,SB,0,0,False,,2h 3h,-10,10,2,0,-10,10
9512,3170,2,BB,0,3,True,Qd Jd 2s Ad 9s,Qc Qs,248,-248,12,0,-248,248
9513,3171,0,BTN,0,3,True,Jc 7c 8c 5d 4d,Jh As,551,-551,10,551,-10,-541
9514,3171,1,SB,0,3,True,Jc 7c 8c 5d 4d,2c Qh,-10,10,11,1905,-10,-1895
9515,3171,2,BB,0,3,True,Jc 7c 8c 5d 4d,8d 9s,-20,20,12,40,-20,-20
9516,3172,0,BTN,0,3,True,Ah 9h 6h Ac 2c,6c 4s,0,0,10,0,1520,-1520
9517,3172,1,SB,0,0,False,,Ad Qh,20,-20,3,0,20,-20
9518,3172,2,BB,0,3,True,Ah 9h 6h Ac 2c,7d 9s,-2000,2000,10,0,2000,-2000
9519,3173,0,BTN,0,3,True,7s Ac Qc 8c 3d,2h Kh,-50,50,12,-50,100,-50
9520,3173,1,SB,0,0,False,,9h 8d,-10,10,2,0,-10,10
9521,3173,2,BB,0,3,True,7s Ac Qc 8c 3d,5h 3c,-20,20,9,0,20,-20
9522,3174,0,BTN,0,3,True,9c 2c As Qh 2d,Tc Js,-336,336,11,-336,-10,346
9523,3174,1,SB,0,0,False,,7c 3h,-10,10,2,0,-10,10
9524,3174,2,BB,0,3,True,9c 2c As Qh 2d,Kh 8s,20,-20,9,0,-20,20
9525,3175,0,BTN,0,1,False,6h 5h 2d,5d Jd,60,-60,6,60,-10,-50
9526,3175,1,SB,0,0,False,,6s 3c,-10,10,2,0,-10,10
9527,3175,2,BB,0,1,False,6h 5h 2d,Tc 9s,-20,20,5,0,20,-20
9528,3176,0,BTN,0,1,False,Ad 9c 5h,3h Th,0,0,6,0,-20,20
9529,3176,1,SB,0,0,False,,2s 8s,-10,10,2,0,-10,10
9530,3176,2,BB,0,1,False,Ad 9c 5h,9d Jc,20,-20,6,0,-20,20
9531,3177,0,BTN,0,3,False,7c 3s Ts Js Jh,Kh 3c,0,0,10,0,480,-480
9532,3177,1,SB,0,3,True,7c 3s Ts Js Jh,Kd Jd,835,-835,10,0,835,-835
9533,3177,2,BB,0,3,True,7c 3s Ts Js Jh,Ad Kc,-320,320,9,0,320,-320
9534,3178,0,BTN,0,2,False,6c Jc 8d Qc,3c 2c,0,0,7,0,80,-80
9535,3178,1,SB,0,0,False,,5c Js,-10,10,2,0,-10,10
9536,3178,2,BB,0,2,False,6c Jc 8d Qc,7s Ah,-80,80,7,0,80,-80
9537,3179,0,BTN,0,3,True,Ac 7h Kh 8s 5d,Ad 8h,-886.25,886.25,9,-886.25,936.25,-50.0
9538,3179,1,SB,0,3,False,Ac 7h Kh 8s 5d,As Qs,100,-100,9,0,100,-100
9539,3179,2,BB,0,1,False,Ac 7h Kh,6d Th,-20,20,5,0,20,-20
9540,3180,0,BTN,0,3,True,Ah Kd Qc Ks 9s,Jh Js,-1513,1513,12,-1513,3026,-1513
9541,3180,1,SB,0,0,False,,Kc Ts,-88,88,5,108,-88,-20
9542,3180,2,BB,0,3,True,Ah Kd Qc Ks 9s,Qd Tc,-1966,1966,12,-1966,3932,-1966
9543,3181,0,BTN,0,3,True,Kd 5s Ac 9d Tc,2h Kh,-1838.0,1838.0,9,-1838.0,1888.0,-50.0
9544,3181,1,SB,0,2,False,Kd 5s Ac 9d,5h 5d,-100,100,8,0,-100,100
9545,3181,2,BB,0,1,False,Kd 5s Ac,Jd 9h,-20,20,5,0,20,-20
9546,3182,0,BTN,0,3,True,Ad Jc 3c Ks As,7s 8c,0,0,11,0,1704,-1704
9547,3182,1,SB,0,0,False,,Jd 5s,-10,10,2,0,-10,10
9548,3182,2,BB,0,2,False,Ad Jc 3c Ks,6c 6h,-80,80,7,0,80,-80
9549,3183,0,BTN,0,3,True,4h Th Tc 2h 7d,Js 5s,-50,50,12,-50,-1775,1825
9550,3183,1,SB,0,2,False,4h Th Tc 2h,Ac 9d,-100,100,8,0,-100,100
9551,3183,2,BB,0,3,True,4h Th Tc 2h 7d,Kh 7h,986,-986,12,0,-986,986
9552,3184,0,BTN,0,3,True,5d Ah 3c Kd 8s,Td 2c,0,0,10,0,-1520,1520
9553,3184,1,SB,0,0,False,,4h 5s,-10,10,2,0,-10,10
9554,3184,2,BB,0,3,True,5d Ah 3c Kd 8s,Kh 3d,2000,-2000,11,0,-2000,2000
9555,3185,0,BTN,0,2,False,7h Td 2c Js,Qc 2d,0,0,9,0,-120,120
9556,3185,1,SB,0,0,False,,Kd 4c,-10,10,2,0,-10,10
9557,3185,2,BB,0,3,False,7h Td 2c Js 6s,Kc Jh,46,-46,11,0,-46,46
9558,3186,0,BTN,0,3,True,Qs 7h Qd Th Td,2h Ah,199,-199,14,199,-50,-149
9559,3186,1,SB,0,0,False,,6h Jc,-10,10,2,0,-10,10
9560,3186,2,BB,0,3,True,Qs 7h Qd Th Td,8d Kc,20,-20,9,0,-20,20
9561,3187,0,BTN,0,3,False,7d 3s Jc 6s Qh,Qc 3c,70,-70,10,70,-50,-20
9562,3187,1,SB,0,3,True,7d 3s Jc 6s Qh,Ad 8s,-60,60,9,0,-60,60
9563,3187,2,BB,0,3,True,7d 3s Jc 6s Qh,2h 3h,20,-20,9,0,-20,20
9564,3188,0,BTN,0,1,False,9c Ad Kd,6s 9h,0,0,7,0,-120,120
9565,3188,1,SB,0,0,False,,7d 5c,-10,10,2,0,-10,10
9566,3188,2,BB,0,1,False,9c Ad Kd,Ah Jc,20,-20,6,0,-20,20
9567,3189,0,BTN,0,3,True,4d 8h 4h 2d 4c,3d 5d,0,0,9,0,20,-20
9568,3189,1,SB,0,3,True,4d 8h 4h 2d 4c,Ts Jd,60,-60,9,0,60,-60
9569,3189,2,BB,0,3,True,4d 8h 4h 2d 4c,5s 9h,-20,20,9,0,20,-20
9570,3190,0,BTN,0,0,False,,7h 6c,0,0,4,0,-20,20
9571,3190,1,SB,0,0,False,,9h 4d,-10,10,2,0,-10,10
9572,3190,2,BB,0,3,True,4h 9s Kh 6s Ks,Kd Ts,2000,-2000,10,0,-2000,2000
9573,3191,0,BTN,0,3,True,5c Ks 3c 8s Js,5s As,2010,-2010,10,2010,-10,-2000
9574,3191,1,SB,0,0,False,,8c 6d,-10,10,2,0,-10,10
9575,3191,2,BB,0,1,False,5c Ks 3c,Kc 7c,20,-20,6,0,-20,20
9576,3192,0,BTN,0,3,True,4h 3h Ah 4s 2c,9c Ac,-1967,1967,10,-1967,2017,-50
9577,3192,1,SB,0,3,True,4h 3h Ah 4s 2c,Th Kh,2020,-2020,11,-2000,2020,-20
9578,3192,2,BB,0,3,True,4h 3h Ah 4s 2c,9h 5d,-20,20,11,-1694,1714,-20
9579,3193,0,BTN,0,0,False,,9s 5s,0,0,3,0,20,-20
9580,3193,1,SB,0,3,True,2h 8s Ah Kd Jd,Tc Th,100,-100,9,0,100,-100
9581,3193,2,BB,0,0,False,,9d 3c,-20,20,3,0,20,-20
9582,3194,0,BTN,0,2,False,7h Ks As 4d,7c 7d,-50,50,7,-50,-10,60
9583,3194,1,SB,0,1,False,7h Ks As,Jh 4s,-10,10,6,30,-10,-20
9584,3194,2,BB,0,1,False,7h Ks As,4c 6d,-20,20,8,40,-20,-20
9585,3195,0,BTN,0,1,False,Tc 6s Kd,Ks Td,60,-60,6,60,-10,-50
9586,3195,1,SB,0,0,False,,7d 2s,-10,10,2,0,-10,10
9587,3195,2,BB,0,3,True,Tc 6s Kd 5c Ac,5h 2h,20,-20,9,0,-20,20
9588,3196,0,BTN,0,1,False,3s 7c 2c,2s 3d,0,0,5,0,20,-20
9589,3196,1,SB,0,0,False,,2h 7h,-10,10,2,0,-10,10
9590,3196,2,BB,0,1,False,3s 7c 2c,6s Jd,-20,20,5,0,20,-20
9591,3197,0,BTN,0,1,False,Qd Ah 7s,As 6c,60,-60,6,60,-10,-50
9592,3197,1,SB,0,3,True,Qd Ah 7s 8d 6s,3s Qs,400,-400,10,0,400,-400
9593,3197,2,BB,0,1,False,Qd Ah 7s,8h 4h,-20,20,5,0,20,-20
9594,3198,0,BTN,0,3,True,Kh 8c 8h 4d Js,5d Tc,0,0,11,0,1604,-1604
9595,3198,1,SB,0,0,False,,8d 3d,-10,10,2,0,-10,10
9596,3198,2,BB,0,3,True,Kh 8c 8h 4d Js,5c Ah,-1840,1840,11,0,1840,-1840
9597,3199,0,BTN,0,2,False,6d 3c 6h 5d,Kd 4s,0,0,8,0,-20,20
9598,3199,1,SB,0,3,False,6d 3c 6h 5d Td,8c Jc,-250,250,10,0,-250,250
9599,3199,2,BB,0,3,False,6d 3c 6h 5d Td,5c Ts,20,-20,10,0,-20,20
9600,3200,0,BTN,0,3,True,Ah 5d 5h 8d Jh,Qc Ac,-1809.047619047619,1809.0476190476193,8,-1809.047619047619,-10.0,1819.0476190476193
9601,3200,1,SB,0,2,False,Ah 5d 5h 8d,9h Qs,-382,382,10,402,-382,-20
9602,3200,2,BB,0,3,True,Ah 5d 5h 8d Jh,6h 5c,1577.8000000000002,-1577.8,11,-1557.8,-20.0,1577.8000000000002
9603,3201,0,BTN,0,2,False,6d Jc Qd 4h,8h Qh,60,-60,8,60,-10,-50
9604,3201,1,SB,0,0,False,,Tc 5s,-10,10,2,0,-10,10
9605,3201,2,BB,0,3,True,6d Jc Qd 4h 8c,2h 7s,-20,20,9,0,20,-20
9606,3202,0,BTN,0,2,False,4d 8h Qd 8s,2d 7h,0,0,8,0,-20,20
9607,3202,1,SB,0,0,False,,6c 3d,-10,10,2,0,-10,10
9608,3202,2,BB,0,3,True,4d 8h Qd 8s 7d,4h Ts,20,-20,9,0,-20,20
9609,3203,0,BTN,0,3,True,Ts 8d As Jc Tc,Ac 3s,0,0,11,0,1604,-1604
9610,3203,1,SB,0,0,False,,Td 4c,-10,10,2,0,-10,10
9611,3203,2,BB,0,3,True,Ts 8d As Jc Tc,6d Ad,-2000,2000,12,0,2000,-2000
9612,3204,0,BTN,0,1,False,5c 2d 4d,Qs Td,-50,50,7,-50,-50,100
9613,3204,1,SB,0,0,False,,Jh 7s,-10,10,2,0,-10,10
9614,3204,2,BB,0,3,True,5c 2d 4d Tc 7h,5d Jd,-80,80,9,0,80,-80
9615,3205,0,BTN,0,1,False,Qd Qc 4s,Jc 8s,0,0,5,0,20,-20
9616,3205,1,SB,0,3,False,Qd Qc 4s Tc Td,Ts As,100,-100,9,0,100,-100
9617,3205,2,BB,0,3,False,Qd Qc 4s Tc Td,5c 7c,-320,320,9,0,320,-320
9618,3206,0,BTN,0,3,True,8h As Qs Kc Jh,3h 2d,0,0,9,0,20,-20
9619,3206,1,SB,0,0,False,,9s 7d,-10,10,2,0,-10,10
9620,3206,2,BB,0,3,True,8h As Qs Kc Jh,7h 6h,-80,80,10,0,80,-80
9621,3207,0,BTN,0,3,True,9h 2c 5h 9s 4c,8h 2d,0,0,9,0,20,-20
9622,3207,1,SB,0,0,False,,3c 8s,-10,10,2,0,-10,10
9623,3207,2,BB,0,3,True,9h 2c 5h 9s 4c,3h 7s,-20,20,9,0,20,-20
9624,3208,0,BTN,0,1,False,5s 6h Js,4s Qd,0,0,5,0,20,-20
9625,3208,1,SB,0,0,False,,5h 7s,-10,10,2,0,-10,10
9626,3208,2,BB,0,3,True,5s 6h Js Qc 9s,4d 7d,-320,320,9,0,320,-320
9627,3209,0,BTN,0,3,True,8d Kd Qd 3h Ts,8h 2s,0,0,11,0,-1604,1604
9628,3209,1,SB,0,3,True,8d Kd Qd 3h Ts,Jc Kc,-2000,2000,11,0,-2000,2000
9629,3209,2,BB,0,3,True,8d Kd Qd 3h Ts,4d 5d,2000,-2000,12,0,-2000,2000
9630,3210,0,BTN,0,2,False,6h Qc 3c 4c,9h Ad,-50,50,7,-50,-10,60
9631,3210,1,SB,0,2,False,6h Qc 3c 4c,8h 3h,-10,10,8,-120,-10,130
9632,3210,2,BB,0,3,True,6h Qc 3c 4c Qs,5s 5c,40,-40,12,-20,-20,40
9633,3211,0,BTN,0,0,False,,3s 9h,0,0,4,0,-20,20
9634,3211,1,SB,0,0,False,,7h 9c,-10,10,2,0,-10,10
9635,3211,2,BB,0,3,True,9d 5c Tc 5d Jd,Jh Kh,742,-742,10,0,-742,742
9636,3212,0,BTN,0,1,False,Th 7s Tc,7h 6s,0,0,7,0,-120,120
9637,3212,1,SB,0,0,False,,Jd 2s,-10,10,2,0,-10,10
9638,3212,2,BB,0,1,False,Th 7s Tc,7c 7d,20,-20,6,0,-20,20
9639,3213,0,BTN,0,3,True,Ah Ac 5d Qh Jd,Ad 2h,0,0,9,0,20,-20
9640,3213,1,SB,0,0,False,,3d Tc,-10,10,2,0,-10,10
9641,3213,2,BB,0,3,True,Ah Ac 5d Qh Jd,2d 7h,-20,20,9,0,20,-20
9642,3214,0,BTN,0,2,False,Kc 8h 2s 5d,Ks Ts,96,-96,9,96,-10,-86
9643,3214,1,SB,0,0,False,,4d 6c,-10,10,2,0,-10,10
9644,3214,2,BB,0,3,True,Kc 8h 2s 5d Qh,7c 9h,20,-20,9,0,-20,20
9645,3215,0,BTN,0,3,True,5h 2s Jh 2d Ts,9s 7h,0,0,9,0,-20,20
9646,3215,1,SB,0,0,False,,6c 4s,-10,10,2,0,-10,10
9647,3215,2,BB,0,3,True,5h 2s Jh 2d Ts,7c Qh,20,-20,9,0,-20,20
9648,3216,0,BTN,0,3,False,2h 7s Qh 6s Ah,Th 2d,0,0,9,0,320,-320
9649,3216,1,SB,0,0,False,,3h Qc,-10,10,2,0,-10,10
9650,3216,2,BB,0,3,True,2h 7s Qh 6s Ah,Ts 2c,-1280,1280,9,0,1280,-1280
9651,3217,0,BTN,0,3,True,Qd 3d Qc 3c 7d,5s 2h,0,0,9,0,120,-120
9652,3217,1,SB,0,3,True,Qd 3d Qc 3c 7d,6c As,60,-60,9,0,60,-60
9653,3217,2,BB,0,3,True,Qd 3d Qc 3c 7d,2c Jc,-480,480,10,0,480,-480
9654,3218,0,BTN,0,3,True,Kd Ks Js As 2s,8s 9d,-50,50,11,-50,-1400,1450
9655,3218,1,SB,0,0,False,,Jh 3h,-10,10,2,0,-10,10
9656,3218,2,BB,0,3,True,Kd Ks Js As 2s,9s Jc,600,-600,11,0,-600,600
9657,3219,0,BTN,0,3,True,3d 5s 4s Ah 9c,3c Ac,-2000,2000,10,-2000,-10,2010
9658,3219,1,SB,0,0,False,,8d Qc,-10,10,2,0,-10,10
9659,3219,2,BB,0,3,False,3d 5s 4s Ah 9c,2c Jd,46,-46,11,0,-46,46
9660,3220,0,BTN,0,3,False,Ks 6c 9d 4c 3c,3d 5s,0,0,12,0,-320,320
9661,3220,1,SB,0,2,False,Ks 6c 9d 4c,2d 2h,-100,100,8,0,-100,100
9662,3220,2,BB,0,3,True,Ks 6c 9d 4c 3c,6h 3h,46,-46,10,0,-46,46
9663,3221,0,BTN,0,3,True,7s 7d Td 9c 2s,5s 3s,0,0,9,0,-20,20
9664,3221,1,SB,0,0,False,,2d 8c,-10,10,2,0,-10,10
9665,3221,2,BB,0,3,True,7s 7d Td 9c 2s,Qh 2h,20,-20,9,0,-20,20
9666,3222,0,BTN,0,1,False,Jd 4s 5c,3d Js,0,0,5,0,20,-20
9667,3222,1,SB,0,0,False,,4d 9s,-10,10,2,0,-10,10
9668,3222,2,BB,0,3,False,Jd 4s 5c Th Jh,7s 3s,-320,320,9,0,320,-320
9669,3223,0,BTN,0,1,False,9h 5s Js,8c Ac,-50,50,5,-50,-10,60
9670,3223,1,SB,0,2,False,9h 5s Js Qs,Qc 4d,-10,10,7,-95,-10,105
9671,3223,2,BB,0,3,True,9h 5s Js Qs Jc,Kc 9d,-20,20,12,-20,40,-20
9672,3224,0,BTN,0,3,False,8h 6d 5s 8s Qs,7d Kd,-359,359,10,-359,-10,369
9673,3224,1,SB,0,2,False,8h 6d 5s 8s,7s 5h,-10,10,8,-40,-10,50
9674,3224,2,BB,0,3,True,8h 6d 5s 8s Qs,4c 8d,239,-239,14,-60,-179,239
9675,3225,0,BTN,0,1,False,Kd Qh Qc,6d 4d,0,0,6,0,-20,20
9676,3225,1,SB,0,0,False,,8s 3c,-10,10,2,0,-10,10
9677,3225,2,BB,0,1,False,Kd Qh Qc,5h Qd,20,-20,6,0,-20,20
9678,3226,0,BTN,0,3,True,8s 4s 9d 4h 8c,2s Qc,0,0,9,0,20,-20
9679,3226,1,SB,0,0,False,,7c Jh,-10,10,2,0,-10,10
9680,3226,2,BB,0,3,True,8s 4s 9d 4h 8c,6d 3d,-20,20,9,0,20,-20
9681,3227,0,BTN,0,3,True,Ks 3s 3c Ac Jd,3h 6c,0,0,9,0,0,0
9682,3227,1,SB,0,0,False,,9d 5s,-10,10,2,0,-10,10
9683,3227,2,BB,0,1,False,Ks 3s 3c,Tc 8s,20,-20,6,0,-20,20
9684,3228,0,BTN,0,3,True,6s 4s Qs 3h 7h,2h Kc,0,0,9,0,-20,20
9685,3228,1,SB,0,1,False,6s 4s Qs,Ac 4c,60,-60,5,0,60,-60
9686,3228,2,BB,0,3,True,6s 4s Qs 3h 7h,Th 7c,20,-20,9,0,-20,20
9687,3229,0,BTN,0,3,True,Qd Th 9d 6c 3c,As 4c,142,-142,10,142,-10,-132
9688,3229,1,SB,0,0,False,,Jh 8s,-10,10,2,0,-10,10
9689,3229,2,BB,0,1,False,Qd Th 9d,2h Kc,-20,20,5,0,20,-20
9690,3230,0,BTN,0,1,False,Kd 4c 4d,3d 3c,-50,50,7,-50,-50,100
9691,3230,1,SB,0,0,False,,6c 5h,-10,10,2,0,-10,10
9692,3230,2,BB,0,1,False,Kd 4c 4d,Kh Jh,20,-20,6,0,-20,20
9693,3231,0,BTN,0,3,True,8s Kd 6c Qd 9s,3c Jh,0,0,10,0,-1920,1920
9694,3231,1,SB,0,3,False,8s Kd 6c Qd 9s,Td Ac,-240,240,11,0,-240,240
9695,3231,2,BB,0,1,False,8s Kd 6c,Jc Qs,-20,20,5,0,20,-20
9696,3232,0,BTN,0,3,True,5d 6s Kh As 4c,Qh Jc,-50,50,9,-50,-10,60
9697,3232,1,SB,0,3,True,5d 6s Kh As 4c,Th 7h,-100,100,9,0,-100,100
9698,3232,2,BB,0,1,False,5d 6s Kh,3s 4s,20,-20,6,0,-20,20
9699,3233,0,BTN,0,3,True,Th 7d Ks Jc 8d,Jh Qh,232,-232,11,232,-10,-222
9700,3233,1,SB,0,0,False,,Td 4c,-10,10,2,0,-10,10
9701,3233,2,BB,0,1,False,Th 7d Ks,Ac 3c,-20,20,5,0,20,-20
9702,3234,0,BTN,0,3,False,Ts 7d Ah 8c 9h,Qh 5c,0,0,10,0,-20,20
9703,3234,1,SB,0,0,False,,2d 4s,-10,10,2,0,-10,10
9704,3234,2,BB,0,1,False,Ts 7d Ah,Js 3s,20,-20,6,0,-20,20
9705,3235,0,BTN,0,1,False,2h 9d Kh,5h Ks,0,0,5,0,20,-20
9706,3235,1,SB,0,0,False,,Kc 3h,-10,10,2,0,-10,10
9707,3235,2,BB,0,1,False,2h 9d Kh,Qc 5c,-20,20,5,0,20,-20
9708,3236,0,BTN,0,3,True,Ad 6d 6c 9d Ac,4d 8s,0,0,9,0,-20,20
9709,3236,1,SB,0,0,False,,3s 2d,-10,10,2,0,-10,10
9710,3236,2,BB,0,3,True,Ad 6d 6c 9d Ac,4c Jh,20,-20,9,0,-20,20
9711,3237,0,BTN,0,0,False,,2d 4c,0,0,3,0,20,-20
9712,3237,1,SB,0,3,True,Kh 8s 8h 8d Ah,As Kd,139,-139,9,0,139,-139
9713,3237,2,BB,0,0,False,,3s Th,-20,20,3,0,20,-20
9714,3238,0,BTN,0,1,False,Js 7s 6c,2h 4c,0,0,7,0,-120,120
9715,3238,1,SB,0,1,False,Js 7s 6c,5c Qc,-60,60,6,0,-60,60
9716,3238,2,BB,0,1,False,Js 7s 6c,8c 8h,20,-20,6,0,-20,20
9717,3239,0,BTN,0,2,False,3h Kh Jc 2d,9d 2c,0,0,8,0,-20,20
9718,3239,1,SB,0,3,True,3h Kh Jc 2d 8c,8d Ts,1600,-1600,11,0,1600,-1600
9719,3239,2,BB,0,1,False,3h Kh Jc,Td 3d,20,-20,6,0,-20,20
9720,3240,0,BTN,0,3,True,Qs 5d Jh 2d Qh,7h Ts,0,0,9,0,1280,-1280
9721,3240,1,SB,0,3,True,Qs 5d Jh 2d Qh,6d 6h,232,-232,9,0,232,-232
9722,3240,2,BB,0,1,False,Qs 5d Jh,Ad 2s,-20,20,5,0,20,-20
9723,3241,0,BTN,0,2,False,4s Th 2h 3c,4d 5s,0,0,8,0,-80,80
9724,3241,1,SB,0,2,False,4s Th 2h 3c,6d Ah,-100,100,8,0,-100,100
9725,3241,2,BB,0,3,False,4s Th 2h 3c Qh,Td 9h,80,-80,10,0,-80,80
9726,3242,0,BTN,0,0,False,,6d 2c,0,0,4,0,-20,20
9727,3242,1,SB,0,0,False,,7s 9h,-10,10,2,0,-10,10
9728,3242,2,BB,0,3,True,3d 3s Ad 7d 9c,7c Ks,-320,320,9,0,320,-320
9729,3243,0,BTN,0,3,False,4s Qs Th 3h 2c,5h 4c,0,0,10,0,-20,20
9730,3243,1,SB,0,1,False,4s Qs Th,9s Kh,60,-60,5,0,60,-60
9731,3243,2,BB,0,3,False,4s Qs Th 3h 2c,5c 6h,20,-20,10,0,-20,20
9732,3244,0,BTN,0,3,True,6c Ac 2s 4s Ah,7d 3d,0,0,11,0,-1704,1704
9733,3244,1,SB,0,0,False,,6h Ks,-10,10,2,0,-10,10
9734,3244,2,BB,0,3,True,6c Ac 2s 4s Ah,Jh Jc,1040.0,-1040.0,8,0.0,-1040.0,1040.0
9735,3245,0,BTN,0,1,False,8s Qd Kd,8d 7h,0,0,5,0,20,-20
9736,3245,1,SB,0,0,False,,Kh 5s,-10,10,2,0,-10,10
9737,3245,2,BB,0,1,False,8s Qd Kd,Tc 4c,-20,20,5,0,20,-20
9738,3246,0,BTN,0,3,True,Ad 4c 4d 8h 7c,Ac Td,-2000,2000,10,-2000,2020,-20
9739,3246,1,SB,0,0,False,,As Jd,20,-20,3,0,20,-20
9740,3246,2,BB,0,1,False,Ad 4c 4d,3h 2d,-20,20,5,0,20,-20
9741,3247,0,BTN,0,3,False,6c Tc 6s 4c Qd,Kh 5c,0,0,10,0,120,-120
9742,3247,1,SB,0,0,False,,Qc 7h,-10,10,2,0,-10,10
9743,3247,2,BB,0,3,False,6c Tc 6s 4c Qd,7s Ks,-20,20,9,0,20,-20
9744,3248,0,BTN,0,3,False,7h Qh 4h 8d 6h,4d 2h,0,0,10,0,-20,20
9745,3248,1,SB,0,0,False,,4c 2d,-10,10,2,0,-10,10
9746,3248,2,BB,0,3,False,7h Qh 4h 8d 6h,3h Js,20,-20,10,0,-20,20
9747,3249,0,BTN,0,1,False,5c 9h 8h,6c 4h,0,0,6,0,-20,20
9748,3249,1,SB,0,1,False,5c 9h 8h,4c Kc,-60,60,6,0,-60,60
9749,3249,2,BB,0,1,False,5c 9h 8h,8c 6d,20,-20,6,0,-20,20
9750,3250,0,BTN,0,1,False,6h Qs 5c,3h 6s,0,0,7,0,-120,120
9751,3250,1,SB,0,1,False,6h Qs 5c,9h Jh,-100,100,6,0,-100,100
9752,3250,2,BB,0,1,False,6h Qs 5c,Qd Ac,20,-20,6,0,-20,20
9753,3251,0,BTN,0,3,True,Jd 4h 7h 6c Jc,Qd 9h,-132,132,10,-132,-10,142
9754,3251,1,SB,0,0,False,,2c 4d,-10,10,2,0,-10,10
9755,3251,2,BB,0,3,True,Jd 4h 7h 6c Jc,3c 4c,0,0,9,0,0,0
9756,3252,0,BTN,0,3,False,Ks 7s 9c 7h Ah,8d As,100,-100,14,100,-50,-50
9757,3252,1,SB,0,0,False,,Jh 3s,-10,10,2,0,-10,10
9758,3252,2,BB,0,3,True,Ks 7s 9c 7h Ah,Js 4d,0,0,9,0,0,0
9759,3253,0,BTN,0,3,True,3s As Jd 8h 5s,4d Ts,0,0,9,0,20,-20
9760,3253,1,SB,0,1,False,3s As Jd,9h Qh,60,-60,5,0,60,-60
9761,3253,2,BB,0,3,True,3s As Jd 8h 5s,6h 4c,-20,20,9,0,20,-20
9762,3254,0,BTN,0,1,False,9h 3d Th,5h 3h,0,0,5,0,20,-20
9763,3254,1,SB,0,3,True,9h 3d Th 7d 2d,Qc 9c,960,-960,11,0,960,-960
9764,3254,2,BB,0,3,True,9h 3d Th 7d 2d,6c 7c,-1280,1280,9,0,1280,-1280
9765,3255,0,BTN,0,3,True,4s 6h 9d Qc Js,6c 7c,-875,875,9,-875,-10,885
9766,3255,1,SB,0,0,False,,7d 3c,-10,10,2,0,-10,10
9767,3255,2,BB,0,1,False,4s 6h 9d,Td 6d,20,-20,6,0,-20,20
9768,3256,0,BTN,0,3,True,Tc 9c 8s Ac Jc,Ts Qs,-671,671,12,-671,721,-50
9769,3256,1,SB,0,2,False,Tc 9c 8s Ac,6c 6h,60,-60,7,0,60,-60
9770,3256,2,BB,0,3,False,Tc 9c 8s Ac Jc,Ks 2h,-40,40,9,0,40,-40
9771,3257,0,BTN,0,3,True,3c 2s Kd Ad 5d,2h Qd,0,0,10,0,-1920,1920
9772,3257,1,SB,0,0,False,,6s Kc,-10,10,2,0,-10,10
9773,3257,2,BB,0,2,False,3c 2s Kd Ad,Qc Ah,-560,560,9,0,560,-560
9774,3258,0,BTN,0,3,True,9s Ad Qs 2d As,Ah 4s,234,-234,11,234,-10,-224
9775,3258,1,SB,0,0,False,,8h 6d,-10,10,2,0,-10,10
9776,3258,2,BB,0,3,True,9s Ad Qs 2d As,Kh 7s,20,-20,9,0,-20,20
9777,3259,0,BTN,0,3,True,Ah 7c 3s Js 2h,7h 8d,0,0,10,0,-1704,1704
9778,3259,1,SB,0,3,True,Ah 7c 3s Js 2h,Kd Kh,-2000,2000,11,0,-2000,2000
9779,3259,2,BB,0,3,True,Ah 7c 3s Js 2h,Ac 2d,1809.5238095238096,-1809.5238095238096,8,0.0,-1809.5238095238096,1809.5238095238096
9780,3260,0,BTN,0,3,True,Ac 5c 9s 6h Kc,5h Jc,0,0,9,0,20,-20
9781,3260,1,SB,0,3,True,Ac 5c 9s 6h Kc,Jh Qs,250,-250,9,0,250,-250
9782,3260,2,BB,0,3,True,Ac 5c 9s 6h Kc,Qh Ts,-20,20,9,0,20,-20
9783,3261,0,BTN,0,3,False,As 5s Jh Jc 7s,3d Th,0,0,10,0,-20,20
9784,3261,1,SB,0,2,False,As 5s Jh Jc,Td 9s,100,-100,7,0,100,-100
9785,3261,2,BB,0,1,False,As 5s Jh,7c 8s,20,-20,6,0,-20,20
9786,3262,0,BTN,0,2,False,9c 5h Qd Js,8c 7s,0,0,7,0,20,-20
9787,3262,1,SB,0,0,False,,4c 9s,-10,10,2,0,-10,10
9788,3262,2,BB,0,2,False,9c 5h Qd Js,Ad 2c,-20,20,7,0,20,-20
9789,3263,0,BTN,0,3,True,Kd 6h 8h Qd Ac,3s 5c,0,0,11,0,1988,-1988
9790,3263,1,SB,0,1,False,Kd 6h 8h,As Qc,-100,100,6,0,-100,100
9791,3263,2,BB,0,3,True,Kd 6h 8h Qd Ac,8d Qh,1428.5714285714284,-1428.5714285714284,10,0.0,-1428.5714285714284,1428.5714285714284
9792,3264,0,BTN,0,3,False,Th 5h 6c Td 3c,Kh Tc,373,-373,14,373,-50,-323
9793,3264,1,SB,0,3,True,Th 5h 6c Td 3c,9h Jd,-250,250,9,0,-250,250
9794,3264,2,BB,0,3,True,Th 5h 6c Td 3c,Qh Jc,20,-20,9,0,-20,20
9795,3265,0,BTN,0,3,True,8c 7c 5s Ad Qd,Th 4c,0,0,11,0,-1704,1704
9796,3265,1,SB,0,0,False,,4d Qh,-10,10,2,0,-10,10
9797,3265,2,BB,0,3,True,8c 7c 5s Ad Qd,Jd Qs,2000,-2000,12,0,-2000,2000
9798,3266,0,BTN,0,3,True,Ah Tc Jh As Qc,Kd Td,-1714.2857142857142,1714.2857142857144,12,-1714.2857142857142,3071.4285714285716,-1357.142857142857
9799,3266,1,SB,0,3,True,Ah Tc Jh As Qc,Ks Qd,2000,-2000,11,0,2000,-2000
9800,3266,2,BB,0,3,True,Ah Tc Jh As Qc,Jc Ts,-1280,1280,9,0,1280,-1280
9801,3267,0,BTN,0,3,True,8d Jc 4d 3s 9s,2s Ks,-50,50,9,-50,-10,60
9802,3267,1,SB,0,0,False,,Th 5h,-10,10,2,0,-10,10
9803,3267,2,BB,0,3,True,8d Jc 4d 3s 9s,Qd Kc,20,-20,9,0,-20,20
9804,3268,0,BTN,0,3,True,2s Jd 2d Ad 8d,7h 3d,0,0,9,0,-20,20
9805,3268,1,SB,0,0,False,,9c 5h,-10,10,2,0,-10,10
9806,3268,2,BB,0,3,True,2s Jd 2d Ad 8d,Ts 8c,20,-20,9,0,-20,20
9807,3269,0,BTN,0,3,False,5s 4s 2d 7s 9h,5h 8c,0,0,10,0,80,-80
9808,3269,1,SB,0,1,False,5s 4s 2d,Qd 9d,-60,60,6,0,-60,60
9809,3269,2,BB,0,3,False,5s 4s 2d 7s 9h,Kh 3s,-20,20,9,0,20,-20
9810,3270,0,BTN,0,1,False,5h 8c Qc,Ad 3c,0,0,6,0,-20,20
9811,3270,1,SB,0,0,False,,3s 2d,-10,10,2,0,-10,10
9812,3270,2,BB,0,1,False,5h 8c Qc,4c Qs,20,-20,6,0,-20,20
9813,3271,0,BTN,0,1,False,5d 7s 5h,3h 7d,0,0,7,0,-120,120
9814,3271,1,SB,0,3,False,5d 7s 5h 4h Th,Js 9s,-240,240,11,0,-240,240
9815,3271,2,BB,0,2,False,5d 7s 5h 4h,Ah Ts,60,-60,9,0,-60,60
9816,3272,0,BTN,0,1,False,8c Qd 6h,9s Jh,-50,50,5,-50,-10,60
9817,3272,1,SB,0,2,False,8c Qd 6h 2c,2s 2d,108,-108,8,-88,108,-20
9818,3272,2,BB,0,1,False,8c Qd 6h,Qs 2h,40,-40,7,-20,-20,40
9819,3273,0,BTN,0,3,True,8s 2s Qc As Kh,2c 7h,0,0,10,0,1520,-1520
9820,3273,1,SB,0,3,True,8s 2s Qc As Kh,Qs Tc,600,-600,11,0,600,-600
9821,3273,2,BB,0,1,False,8s 2s Qc,8c 7s,-20,20,5,0,20,-20
9822,3274,0,BTN,0,3,True,5d 6c 5c Jc Td,3c 4c,0,0,10,0,1920,-1920
9823,3274,1,SB,0,0,False,,6h Jd,-10,10,2,0,-10,10
9824,3274,2,BB,0,3,False,5d 6c 5c Jc Td,Kc 4s,-320,320,9,0,320,-320
9825,3275,0,BTN,0,1,False,8c Kh 9d,Jd 3s,0,0,5,0,20,-20
9826,3275,1,SB,0,0,False,,As Jh,20,-20,3,0,20,-20
9827,3275,2,BB,0,3,True,8c Kh 9d 4c Tc,2h 3c,-20,20,9,0,20,-20
9828,3276,0,BTN,0,3,True,7c 4d Qd As Jd,3h 2h,0,0,9,0,0,0
9829,3276,1,SB,0,0,False,,2s 9s,-10,10,2,0,-10,10
9830,3276,2,BB,0,1,False,7c 4d Qd,9c 3c,20,-20,6,0,-20,20
9831,3277,0,BTN,0,1,False,9h 5h 6d,2h 2c,-50,50,5,-50,-10,60
9832,3277,1,SB,0,0,False,,Kh 4s,-10,10,2,0,-10,10
9833,3277,2,BB,0,3,True,9h 5h 6d Jh Kc,4c 6h,-80,80,9,0,80,-80
9834,3278,0,BTN,0,1,False,2c Js 9h,2d 5h,0,0,6,0,-20,20
9835,3278,1,SB,0,2,False,2c Js 9h 4s,7d 8d,-100,100,8,0,-100,100
9836,3278,2,BB,0,2,False,2c Js 9h 4s,6d 9d,20,-20,8,0,-20,20
9837,3279,0,BTN,0,3,True,9h Td 2d Qh 2c,6c 9s,0,0,9,0,-1280,1280
9838,3279,1,SB,0,0,False,,Th 8d,-10,10,2,0,-10,10
9839,3279,2,BB,0,3,True,9h Td 2d Qh 2c,8s 2s,2000,-2000,10,0,-2000,2000
9840,3280,0,BTN,0,2,False,Kc 5d 7s Ah,Ks Ts,-275,275,9,-275,-50,325
9841,3280,1,SB,0,1,False,Kc 5d 7s,Th Jd,-100,100,6,0,-100,100
9842,3280,2,BB,0,3,True,Kc 5d 7s Ah Ac,Kh 2d,248,-248,12,0,-248,248
9843,3281,0,BTN,0,3,True,3d Jc Ac Tc Th,6c Qc,532,-532,12,532,-10,-522
9844,3281,1,SB,0,0,False,,6d 2h,-10,10,2,0,-10,10
9845,3281,2,BB,0,3,True,3d Jc Ac Tc Th,8c Kd,20,-20,9,0,-20,20
9846,3282,0,BTN,0,3,True,Qh 3c Jd Jh 6s,5c 7h,0,0,9,0,-20,20
9847,3282,1,SB,0,0,False,,8d Ts,-10,10,2,0,-10,10
9848,3282,2,BB,0,3,True,Qh 3c Jd Jh 6s,3h 7s,20,-20,9,0,-20,20
9849,3283,0,BTN,0,2,False,7c Ac 2c 8c,6s 7h,0,0,9,0,-80,80
9850,3283,1,SB,0,0,False,,2s Kh,-10,10,2,0,-10,10
9851,3283,2,BB,0,2,False,7c Ac 2c 8c,Kc 9h,80,-80,9,0,-80,80
9852,3284,0,BTN,0,3,True,5s 7s 8h 9c 2h,Qh 9d,-275,275,12,-275,325,-50
9853,3284,1,SB,0,2,False,5s 7s 8h 9c,Td Ts,60,-60,7,0,60,-60
9854,3284,2,BB,0,3,True,5s 7s 8h 9c 2h,Ac 3c,-1300.0,1300.0,8,0.0,1300.0,-1300.0
9855,3285,0,BTN,0,0,False,,5h 3s,0,0,3,0,20,-20
9856,3285,1,SB,0,1,False,Ts 9h 6h,Tc Th,60,-60,5,0,60,-60
9857,3285,2,BB,0,0,False,,7s 4d,-20,20,3,0,20,-20
9858,3286,0,BTN,0,3,True,Kd 6d 2s 9h Ts,7h Ks,0,0,9,0,0,0
9859,3286,1,SB,0,3,True,Kd 6d 2s 9h Ts,2c 3d,-10,10,12,1605,-10,-1595
9860,3286,2,BB,0,3,False,Kd 6d 2s 9h Ts,5c 2d,-395,395,12,405,-10,-395
9861,3287,0,BTN,0,3,False,Td 8s Kd Js 9h,8d 4c,0,0,11,0,-480,480
9862,3287,1,SB,0,3,False,Td 8s Kd Js 9h,5h Ac,-60,60,10,0,-60,60
9863,3287,2,BB,0,1,False,Td 8s Kd,Qh 6d,-20,20,5,0,20,-20
9864,3288,0,BTN,0,2,False,3h Ad Ts 7c,8h 2s,0,0,9,0,-120,120
9865,3288,1,SB,0,3,False,3h Ad Ts 7c 6c,5h Jh,-400,400,11,0,-400,400
9866,3288,2,BB,0,3,True,3h Ad Ts 7c 6c,7h Jc,20,-20,9,0,-20,20
9867,3289,0,BTN,0,3,True,Qd 6s Qc 3d 5s,9c As,-1967,1967,10,-1967,2017,-50
9868,3289,1,SB,0,3,True,Qd 6s Qc 3d 5s,Th Tc,2262,-2262,12,-2000,2262,-262
9869,3289,2,BB,0,3,False,Qd 6s Qc 3d 5s,9d Ac,-20,20,10,-470,490,-20
9870,3290,0,BTN,0,3,True,Qc Tc 4s 8h 5d,3s Jd,0,0,11,0,-1900,1900
9871,3290,1,SB,0,0,False,,4d Jh,-10,10,2,0,-10,10
9872,3290,2,BB,0,3,True,Qc Tc 4s 8h 5d,8c 9c,840,-840,10,0,-840,840
9873,3291,0,BTN,0,3,True,Tc Kc Th Ac Td,3s 5d,0,0,9,0,0,0
9874,3291,1,SB,0,0,False,,4h 9c,-10,10,2,0,-10,10
9875,3291,2,BB,0,3,True,Tc Kc Th Ac Td,5h Qh,0,0,9,0,0,0
9876,3292,0,BTN,0,3,True,Kc 3h Kh Td 2h,3c 7h,0,0,9,0,1280,-1280
9877,3292,1,SB,0,0,False,,Ks 9h,20,-20,3,0,20,-20
9878,3292,2,BB,0,3,True,Kc 3h Kh Td 2h,3s 2d,-1280,1280,9,0,1280,-1280
9879,3293,0,BTN,0,1,False,Js 2s Qh,3s 5h,0,0,6,0,120,-120
9880,3293,1,SB,0,3,True,Js 2s Qh 8h Th,Qd Td,-2000,2000,11,0,-2000,2000
9881,3293,2,BB,0,3,True,Js 2s Qh 8h Th,Kh 4h,2000,-2000,10,0,-2000,2000
9882,3294,0,BTN,0,3,True,Tc 8s Td 6c 8h,5h Qs,0,0,11,0,-1520,1520
9883,3294,1,SB,0,1,False,Tc 8s Td,Kd 6d,-100,100,6,0,-100,100
9884,3294,2,BB,0,2,False,Tc 8s Td 6c,8c Qh,-80,80,8,0,80,-80
9885,3295,0,BTN,0,2,False,Qd Qh 8c Ad,7c 9c,-215,215,7,-215,-10,225
9886,3295,1,SB,0,0,False,,Ts 6c,-10,10,4,-20,-10,30
9887,3295,2,BB,0,3,False,Qd Qh 8c Ad 4d,3s Qs,185,-185,13,-20,-165,185
9888,3296,0,BTN,0,1,False,Th 8d Ks,Kd Tc,70,-70,6,70,-50,-20
9889,3296,1,SB,0,1,False,Th 8d Ks,6h 5h,60,-60,5,0,60,-60
9890,3296,2,BB,0,3,True,Th 8d Ks 8h 3s,7c 2c,20,-20,9,0,-20,20
9891,3297,0,BTN,0,2,False,8d Td 9s Jc,6s Qc,0,0,8,0,-20,20
9892,3297,1,SB,0,0,False,,5s 2h,-10,10,2,0,-10,10
9893,3297,2,BB,0,2,False,8d Td 9s Jc,Qh 5c,20,-20,8,0,-20,20
9894,3298,0,BTN,0,3,True,8c 7c 9h Ts 6h,9d Qs,-50,50,13,-50,-1175,1225
9895,3298,1,SB,0,2,False,8c 7c 9h Ts,7s Ks,-240,240,9,0,-240,240
9896,3298,2,BB,0,3,True,8c 7c 9h Ts 6h,Js Ad,186,-186,10,0,-186,186
9897,3299,0,BTN,0,3,True,2h 7s 9d Kd Qd,Qs Qc,4000,-4000,16,4000,-2000,-2000
9898,3299,1,SB,0,3,True,2h 7s 9d Kd Qd,Jh 7c,-10,10,11,1605,-10,-1595
9899,3299,2,BB,0,3,True,2h 7s 9d Kd Qd,Qh 9c,-1243,1243,16,2486,-1243,-1243
9900,3300,0,BTN,0,3,True,Tc 5c 2d 9d Ad,6s 6h,-1809.047619047619,1809.0476190476193,9,-1809.047619047619,-10.0,1819.0476190476193
9901,3300,1,SB,0,3,True,Tc 5c 2d 9d Ad,2h Kc,-10,10,10,-1995,-10,2005
9902,3300,2,BB,0,3,True,Tc 5c 2d 9d Ad,8d 8h,40,-40,12,-20,-20,40
9903,3301,0,BTN,0,3,True,9h Kd 7s 8h 2h,Jh Th,429,-429,14,429,-50,-379
9904,3301,1,SB,0,3,True,9h Kd 7s 8h 2h,5c 5h,60,-60,9,0,60,-60
9905,3301,2,BB,0,3,True,9h Kd 7s 8h 2h,Qd Ad,-80,80,9,0,80,-80
9906,3302,0,BTN,0,3,True,5d Kc Kh 8c 7h,Qs 5s,-875,875,9,-875,-10,885
9907,3302,1,SB,0,0,False,,6s Tc,-10,10,2,0,-10,10
9908,3302,2,BB,0,3,False,5d Kc Kh 8c 7h,7d Qd,20,-20,10,0,-20,20
9909,3303,0,BTN,0,1,False,Qd Qh 6c,Ks Kd,60,-60,6,60,-10,-50
9910,3303,1,SB,0,0,False,,6d 4c,-10,10,3,30,-10,-20
9911,3303,2,BB,0,0,False,,5s 2h,-20,20,3,30,-10,-20
9912,3304,0,BTN,0,3,True,Kc 7h 6h 8d 6c,Ac 9d,-1755,1755,9,-1755,-10,1765
9913,3304,1,SB,0,3,True,Kc 7h 6h 8d 6c,5d 3c,-10,10,10,-1995,-10,2005
9914,3304,2,BB,0,3,True,Kc 7h 6h 8d 6c,Kd 6d,1147,-1147,13,-1127,-20,1147
9915,3305,0,BTN,0,2,False,Jh Qc 6s 4s,7c Kc,-380,380,8,-380,-10,390
9916,3305,1,SB,0,1,False,Jh Qc 6s,9h 6c,-10,10,6,-120,-10,130
9917,3305,2,BB,0,2,False,Jh Qc 6s 4s,Kh Js,-988,988,13,-40,1028,-988
9918,3306,0,BTN,0,3,True,7s 3s 6s Ts 2s,4c 5d,0,0,9,0,0,0
9919,3306,1,SB,0,0,False,,5c 8h,-10,10,2,0,-10,10
9920,3306,2,BB,0,3,True,7s 3s 6s Ts 2s,6h Jh,0,0,9,0,0,0
9921,3307,0,BTN,0,1,False,2d Ac 2s,Qh Tc,-380,380,7,-380,-10,390
9922,3307,1,SB,0,1,False,2d Ac 2s,9c Qd,-100,100,6,0,-100,100
9923,3307,2,BB,0,3,True,2d Ac 2s Js Kd,4c 2h,248,-248,12,0,-248,248
9924,3308,0,BTN,0,3,True,Kc Th 9h 2d Qh,8d 5c,0,0,10,0,0,0
9925,3308,1,SB,0,0,False,,6s 9s,20,-20,3,0,20,-20
9926,3308,2,BB,0,3,True,Kc Th 9h 2d Qh,7d 9d,0,0,9,0,0,0
9927,3309,0,BTN,0,0,False,,Td Kh,-50,50,4,-50,-10,60
9928,3309,1,SB,0,0,False,,4c 8c,-10,10,2,0,-10,10
9929,3309,2,BB,0,3,True,3d 5c 3c 7h 6h,Qh Qs,-428,428,11,0,428,-428
9930,3310,0,BTN,0,3,True,9s 5s 7d 5d Tc,6s 3d,0,0,11,0,1840,-1840
9931,3310,1,SB,0,0,False,,Qh 5c,-10,10,2,0,-10,10
9932,3310,2,BB,0,3,True,9s 5s 7d 5d Tc,2c 7h,-320,320,9,0,320,-320
9933,3311,0,BTN,0,3,True,Kc 6h 9c 6c 3c,Td Ad,-1175,1175,10,-1175,1225,-50
9934,3311,1,SB,0,3,True,Kc 6h 9c 6c 3c,Kh Qs,578,-578,10,-558,578,-20
9935,3311,2,BB,0,3,True,Kc 6h 9c 6c 3c,Jd 4h,-20,20,10,-470,490,-20
9936,3312,0,BTN,0,3,False,Qc 5s 7h Ts Js,7s 2h,0,0,10,0,-20,20
9937,3312,1,SB,0,0,False,,Ks 3c,-10,10,2,0,-10,10
9938,3312,2,BB,0,3,False,Qc 5s 7h Ts Js,8h 9h,150,-150,12,0,-150,150
9939,3313,0,BTN,0,2,False,Qh 9s 8d 2d,Ad 6d,60,-60,8,60,-10,-50
9940,3313,1,SB,0,3,False,Qh 9s 8d 2d Tc,3d As,-10,10,10,-40,-10,50
9941,3313,2,BB,0,3,False,Qh 9s 8d 2d Tc,6c Jh,40,-40,13,-20,-20,40
9942,3314,0,BTN,0,3,True,6s 3h 4d 4c 8s,8h 7s,0,0,11,0,-640,640
9943,3314,1,SB,0,0,False,,3d 2d,-10,10,2,0,-10,10
9944,3314,2,BB,0,3,True,6s 3h 4d 4c 8s,9d 6c,40,-40,9,0,-40,40
9945,3315,0,BTN,0,1,False,7s Ts 5h,Ah 4d,-50,50,5,-50,70,-20
9946,3315,1,SB,0,0,False,,Kh As,20,-20,3,0,20,-20
9947,3315,2,BB,0,0,False,,2d 3h,-20,20,3,0,20,-20
9948,3316,0,BTN,0,3,True,7d Qd 9c Kd 9h,9s Ts,515,-515,10,515,-10,-505
9949,3316,1,SB,0,0,False,,2h 3c,-10,10,2,0,-10,10
9950,3316,2,BB,0,3,True,7d Qd 9c Kd 9h,5c 7h,20,-20,9,0,-20,20
9951,3317,0,BTN,0,2,False,Jc 6h Ts 6c,8d 2s,0,0,7,0,80,-80
9952,3317,1,SB,0,0,False,,3s Td,-10,10,2,0,-10,10
9953,3317,2,BB,0,3,False,Jc 6h Ts 6c 3c,9s 7d,-680,680,10,0,680,-680
9954,3318,0,BTN,0,3,True,8c Ac 3d 9c 2s,Kc Ks,133,-133,10,133,-10,-123
9955,3318,1,SB,0,2,False,8c Ac 3d 9c,6d 3h,-10,10,9,505,-10,-495
9956,3318,2,BB,0,0,False,,4s Kd,-20,20,3,30,-10,-20
9957,3319,0,BTN,0,3,False,Td Jc 6d 3h 3d,8h 9c,0,0,10,0,-120,120
9958,3319,1,SB,0,2,False,Td Jc 6d 3h,2c Ac,-100,100,8,0,-100,100
9959,3319,2,BB,0,1,False,Td Jc 6d,3c As,-20,20,5,0,20,-20
9960,3320,0,BTN,0,3,False,4d 8h Ad 4s 6c,Js 7d,0,0,9,0,20,-20
9961,3320,1,SB,0,3,True,4d 8h Ad 4s 6c,7s 5d,-10,10,9,30,-10,-20
9962,3320,2,BB,0,3,False,4d 8h Ad 4s 6c,2s 9s,-20,20,12,-20,40,-20
9963,3321,0,BTN,0,3,False,5d 5s 5c 5h 6h,7c 6d,0,0,9,0,40,-40
9964,3321,1,SB,0,3,True,5d 5s 5c 5h 6h,Ts Qc,100,-100,9,0,100,-100
9965,3321,2,BB,0,3,True,5d 5s 5c 5h 6h,9s Js,-160,160,9,0,160,-160
9966,3322,0,BTN,0,3,True,Kd 6s 5h Kh 8h,9s 2s,0,0,10,0,1704,-1704
9967,3322,1,SB,0,3,True,Kd 6s 5h Kh 8h,Ks As,1428.5714285714284,-1428.5714285714284,10,0.0,1428.5714285714284,-1428.5714285714284
9968,3322,2,BB,0,3,True,Kd 6s 5h Kh 8h,Kc 7h,-1428.5714285714284,1428.5714285714284,10,0.0,1428.5714285714284,-1428.5714285714284
9969,3323,0,BTN,0,3,True,Th Jd 7h 6h 2s,Jh Qd,-567.8571428571429,567.8571428571427,8,-567.8571428571429,-10.0,577.8571428571427
9970,3323,1,SB,0,0,False,,2h 8d,-10,10,2,0,-10,10
9971,3323,2,BB,0,3,True,Th Jd 7h 6h 2s,Ts 6d,107,-107,11,0,-107,107
9972,3324,0,BTN,0,2,False,Qc Ad 5s 4c,Jh 2d,0,0,8,0,-20,20
9973,3324,1,SB,0,0,False,,8d 6h,-10,10,2,0,-10,10
9974,3324,2,BB,0,2,False,Qc Ad 5s 4c,2h 3c,20,-20,8,0,-20,20
9975,3325,0,BTN,0,1,False,9s Qh 7d,9d Kh,100,-100,8,100,-50,-50
9976,3325,1,SB,0,1,False,9s Qh 7d,Kc 8c,-88,88,7,108,-88,-20
9977,3325,2,BB,0,1,False,9s Qh 7d,Ks 2h,-20,20,8,40,-20,-20
9978,3326,0,BTN,0,3,True,5h 7s 2d Kd Td,Jc 5c,-275,275,12,-275,-275,550
9979,3326,1,SB,0,3,True,5h 7s 2d Kd Td,As 5d,-240,240,10,0,-240,240
9980,3326,2,BB,0,3,True,5h 7s 2d Kd Td,6c 6s,320,-320,9,0,-320,320
9981,3327,0,BTN,0,0,False,,Qd 2d,0,0,3,0,20,-20
9982,3327,1,SB,0,1,False,8h 6s Ks,Kh Ad,60,-60,5,0,60,-60
9983,3327,2,BB,0,0,False,,3s 7h,-20,20,3,0,20,-20
9984,3328,0,BTN,0,1,False,Kh Ac 4s,Qs 7s,-50,50,5,-50,-10,60
9985,3328,1,SB,0,0,False,,7h 6s,-10,10,2,0,-10,10
9986,3328,2,BB,0,2,False,Kh Ac 4s 9c,Ah 5d,20,-20,8,0,-20,20
9987,3329,0,BTN,0,1,False,As 5s 6s,2s Js,0,0,6,0,-20,20
9988,3329,1,SB,0,0,False,,3d Jd,-10,10,2,0,-10,10
9989,3329,2,BB,0,1,False,As 5s 6s,6c 8s,20,-20,6,0,-20,20
9990,3330,0,BTN,0,2,False,9d Ks Kd 6d,3h As,0,0,10,0,-480,480
9991,3330,1,SB,0,0,False,,2c Qs,-10,10,2,0,-10,10
9992,3330,2,BB,0,3,True,9d Ks Kd 6d 3s,8s 8d,46,-46,10,0,-46,46
9993,3331,0,BTN,0,1,False,6s Th 8d,3c 4d,0,0,5,0,20,-20
9994,3331,1,SB,0,0,False,,As 9d,20,-20,3,0,20,-20
9995,3331,2,BB,0,1,False,6s Th 8d,4h 9s,-20,20,5,0,20,-20
9996,3332,0,BTN,0,1,False,2s 3c 3s,Qc Td,-50,50,5,-50,-10,60
9997,3332,1,SB,0,0,False,,2d Js,-10,10,2,0,-10,10
9998,3332,2,BB,0,3,True,2s 3c 3s 7d 6h,3d 9s,2000,-2000,12,0,-2000,2000
9999,3333,0,BTN,0,3,True,3d 2h 5s 3h 7d,Jd 4c,0,0,9,0,-20,20
10000,3333,1,SB,0,3,True,3d 2h 5s 3h 7d,8d 9d,-150,150,9,0,-150,150
10001,3333,2,BB,0,3,True,3d 2h 5s 3h 7d,8s Qs,20,-20,9,0,-20,20
10002,3334,0,BTN,0,3,True,8h 4s 9s 4c 3d,8c 7d,0,0,11,0,-1520,1520
10003,3334,1,SB,0,2,False,8h 4s 9s 4c,Jh Ah,-300,300,9,0,-300,300
10004,3334,2,BB,0,3,True,8h 4s 9s 4c 3d,Ad 9c,464,-464,11,0,-464,464
10005,3335,0,BTN,0,1,False,5s Qh Ad,Td 4c,0,0,6,0,-20,20
10006,3335,1,SB,0,0,False,,9d 4h,-10,10,2,0,-10,10
10007,3335,2,BB,0,3,False,5s Qh Ad Qd Qc,5h Jc,20,-20,10,0,-20,20
10008,3336,0,BTN,0,3,True,4h 2c 6c Ks 5d,2h Ac,0,0,11,0,1280,-1280
10009,3336,1,SB,0,0,False,,3c Ah,-10,10,2,0,-10,10
10010,3336,2,BB,0,3,True,4h 2c 6c Ks 5d,Js 6d,-80,80,9,0,80,-80
10011,3337,0,BTN,0,3,True,Kc 7c 3d 5s 4h,Th 2s,0,0,11,0,-1704,1704
10012,3337,1,SB,0,3,True,Kc 7c 3d 5s 4h,8c 8d,-1440,1440,11,0,-1440,1440
10013,3337,2,BB,0,3,True,Kc 7c 3d 5s 4h,7h 7s,2000,-2000,12,0,-2000,2000
10014,3338,0,BTN,0,3,True,Ts 5s 8d 2c 7d,Td Ad,2010,-2010,12,2010,-10,-2000
10015,3338,1,SB,0,3,True,Ts 5s 8d 2c 7d,Ah 4s,-1558,1558,12,1578,-1558,-20
10016,3338,2,BB,0,3,True,Ts 5s 8d 2c 7d,8s 3s,-150.79999999999995,150.80000000000018,11,170.80000000000018,-20.0,-150.79999999999995
10017,3339,0,BTN,0,3,False,3s 6d Kd 6s Kc,9h Td,-215,215,9,-215,-10,225
10018,3339,1,SB,0,0,False,,Ad 3c,-10,10,2,0,-10,10
10019,3339,2,BB,0,3,True,3s 6d Kd 6s Kc,Qd 4d,-1700,1700,10,0,1700,-1700
10020,3340,0,BTN,0,2,False,6h Ad Jc 8s,3c 6s,0,0,10,0,-480,480
10021,3340,1,SB,0,1,False,6h Ad Jc,2h 2c,-360,360,7,0,-360,360
10022,3340,2,BB,0,3,True,6h Ad Jc 8s Ac,Tc Ts,107,-107,11,0,-107,107
10023,3341,0,BTN,0,3,False,Td 5s 6h 4c 3s,3d 2c,0,0,10,0,-20,20
10024,3341,1,SB,0,1,False,Td 5s 6h,9s Jd,60,-60,5,0,60,-60
10025,3341,2,BB,0,3,False,Td 5s 6h 4c 3s,7s 2s,20,-20,10,0,-20,20
10026,3342,0,BTN,0,2,False,9c Jc 4h 8h,Jh 6c,0,0,8,0,120,-120
10027,3342,1,SB,0,3,True,9c Jc 4h 8h 7c,Qd Tc,580,-580,9,0,580,-580
10028,3342,2,BB,0,2,False,9c Jc 4h 8h,Kd 7d,-20,20,7,0,20,-20
10029,3343,0,BTN,0,3,True,Ac 9s Th Td 2d,3h Kh,348,-348,11,348,-10,-338
10030,3343,1,SB,0,0,False,,Js 2c,-10,10,2,0,-10,10
10031,3343,2,BB,0,3,False,Ac 9s Th Td 2d,Jh 7s,-20,20,9,0,20,-20
10032,3344,0,BTN,0,1,False,7c Kh 6d,8h Kc,60,-60,6,60,-10,-50
10033,3344,1,SB,0,0,False,,Qc 3d,-10,10,2,0,-10,10
10034,3344,2,BB,0,3,True,7c Kh 6d 4s Ad,5c 2s,-20,20,9,0,20,-20
10035,3345,0,BTN,0,3,True,4s 6h 3h 5c As,Js 9d,-132,132,10,-132,-10,142
10036,3345,1,SB,0,3,True,4s 6h 3h 5c As,2d Kc,-10,10,9,-20,-10,30
10037,3345,2,BB,0,2,False,4s 6h 3h 5c,6c 8h,-20,20,9,-20,40,-20
10038,3346,0,BTN,0,2,False,Ts 7c Qh Jh,8h Td,0,0,8,0,-20,20
10039,3346,1,SB,0,0,False,,9s 4c,-10,10,2,0,-10,10
10040,3346,2,BB,0,3,True,Ts 7c Qh Jh 9d,Jc 5s,20,-20,9,0,-20,20
10041,3347,0,BTN,0,3,True,5d Tc 7h 9s 6s,4d 2c,0,0,10,0,-480,480
10042,3347,1,SB,0,1,False,5d Tc 7h,Jd As,-60,60,6,0,-60,60
10043,3347,2,BB,0,3,True,5d Tc 7h 9s 6s,Ah Qd,80,-80,9,0,-80,80
10044,3348,0,BTN,0,3,True,3d Tc Qh Jc 9s,5d Jd,-1367,1367,11,-1367,-10,1377
10045,3348,1,SB,0,3,True,3d Tc Qh Jc 9s,5c Qc,-240,240,10,0,-240,240
10046,3348,2,BB,0,2,False,3d Tc Qh Jc,8s Ah,-80,80,7,0,80,-80
10047,3349,0,BTN,0,1,False,6s 9s Th,6h 3c,0,0,5,0,20,-20
10048,3349,1,SB,0,2,False,6s 9s Th 5h,7c 8c,60,-60,7,0,60,-60
10049,3349,2,BB,0,1,False,6s 9s Th,Jh 4d,-20,20,5,0,20,-20
10050,3350,0,BTN,0,0,False,,8h Qc,0,0,4,0,-20,20
10051,3350,1,SB,0,0,False,,3s 5h,-10,10,2,0,-10,10
10052,3350,2,BB,0,3,True,8s 6d 4c 7c 8d,4d 4h,-1000.0,1000.0,10,0.0,1000.0,-1000.0
10053,3351,0,BTN,0,3,True,Qc Ad 3c Ks 2s,Jc Js,-275,275,13,-275,-1513,1788
10054,3351,1,SB,0,3,True,Qc Ad 3c Ks 2s,Kh 7s,-10,10,11,-1808,-10,1818
10055,3351,2,BB,0,3,True,Qc Ad 3c Ks 2s,Ac Jh,2179,-2179,15,-179,-2000,2179
10056,3352,0,BTN,0,2,False,2c Ac Ts 7h,7s 9h,0,0,8,0,-20,20
10057,3352,1,SB,0,0,False,,4s 6d,-10,10,2,0,-10,10
10058,3352,2,BB,0,3,True,2c Ac Ts 7h 3d,Qh 7c,20,-20,9,0,-20,20
10059,3353,0,BTN,0,3,True,2c Th 8d Ad 4d,4h As,1567.8571428571427,-1567.857142857143,9,1567.8571428571427,-1517.857142857143,-50.0
10060,3353,1,SB,0,3,True,2c Th 8d Ad 4d,9h 8h,100,-100,9,0,100,-100
10061,3353,2,BB,0,1,False,2c Th 8d,3c Qs,-20,20,5,0,20,-20
10062,3354,0,BTN,0,2,False,4h 3s 5d 2c,5c 7h,0,0,7,0,80,-80
10063,3354,1,SB,0,0,False,,6d As,20,-20,3,0,20,-20
10064,3354,2,BB,0,2,False,4h 3s 5d 2c,Tc 4c,-170,170,8,0,170,-170
10065,3355,0,BTN,0,3,True,2c 7d Qh 8c 9h,Kc 4h,0,0,9,0,20,-20
10066,3355,1,SB,0,0,False,,Td 3c,-10,10,2,0,-10,10
10067,3355,2,BB,0,3,True,2c 7d Qh 8c 9h,5s 3h,-20,20,9,0,20,-20
10068,3356,0,BTN,0,3,True,8h 8s 5h Ks Kc,Qc Qd,1640,-1640,13,1640,-1590,-50
10069,3356,1,SB,0,1,False,8h 8s 5h,5d Js,-10,10,6,30,-10,-20
10070,3356,2,BB,0,3,True,8h 8s 5h Ks Kc,3d 6h,-20,20,13,1714,-1694,-20
10071,3357,0,BTN,0,3,True,Jc Th 5s 6c 9c,9h Js,-2000,2000,14,-2000,-2000,4000
10072,3357,1,SB,0,3,True,Jc Th 5s 6c 9c,7h Jh,-1142.857142857143,1142.857142857143,12,3000.0,-1142.857142857143,-1857.142857142857
10073,3357,2,BB,0,3,True,Jc Th 5s 6c 9c,9s 9d,-110,110,13,2020,-1910,-110
10074,3358,0,BTN,0,3,False,Ks 3h 7s Qs 6s,Qh As,225,-225,10,225,-10,-215
10075,3358,1,SB,0,1,False,Ks 3h 7s,2c Ac,-60,60,6,0,-60,60
10076,3358,2,BB,0,3,True,Ks 3h 7s Qs 6s,3d Jd,60,-60,10,0,-60,60
10077,3359,0,BTN,0,3,True,7d 9h 7h Ah Jh,Ad Td,-215,215,9,-215,-10,225
10078,3359,1,SB,0,3,True,7d 9h 7h Ah Jh,3h 7s,-10,10,10,-395,-10,405
10079,3359,2,BB,0,3,True,7d 9h 7h Ah Jh,8c Qh,-20,20,11,-1694,1714,-20
10080,3360,0,BTN,0,2,False,3h Ks 7d 4d,6c 5s,0,0,7,0,20,-20
10081,3360,1,SB,0,0,False,,4s Qd,-10,10,2,0,-10,10
10082,3360,2,BB,0,2,False,3h Ks 7d 4d,Ad 9h,-20,20,7,0,20,-20
10083,3361,0,BTN,0,3,True,Ts Ac Jd 5d 6h,5s 7d,0,0,9,0,-20,20
10084,3361,1,SB,0,3,True,Ts Ac Jd 5d 6h,8h 7h,-100,100,9,0,-100,100
10085,3361,2,BB,0,3,True,Ts Ac Jd 5d 6h,Kd 2h,20,-20,9,0,-20,20
10086,3362,0,BTN,0,3,True,Ac 8h 2d 5d 4s,Tc As,970,-970,9,970,-950,-20
10087,3362,1,SB,0,3,True,Ac 8h 2d 5d 4s,Kd Td,-90,90,10,0,-90,90
10088,3362,2,BB,0,3,True,Ac 8h 2d 5d 4s,2c 6d,320,-320,9,0,-320,320
10089,3363,0,BTN,0,0,False,,As 2c,0,0,4,0,-20,20
10090,3363,1,SB,0,0,False,,7c 8s,-10,10,2,0,-10,10
10091,3363,2,BB,0,1,False,5c Ks Ts,Qd Qh,20,-20,6,0,-20,20
10092,3364,0,BTN,0,3,True,6h 4h 9s 4c 8h,4d 7h,0,0,10,0,-120,120
10093,3364,1,SB,0,0,False,,Kd 3c,-10,10,2,0,-10,10
10094,3364,2,BB,0,3,True,6h 4h 9s 4c 8h,Td Kh,20,-20,9,0,-20,20
10095,3365,0,BTN,0,1,False,3s Jc 9s,Qd Qs,60,-60,6,60,-10,-50
10096,3365,1,SB,0,1,False,3s Jc 9s,6h 9d,-10,10,6,30,-10,-20
10097,3365,2,BB,0,3,True,3s Jc 9s Td Tc,Qh 7h,-20,20,13,1714,-1694,-20
10098,3366,0,BTN,0,0,False,,5c Jd,0,0,4,0,-20,20
10099,3366,1,SB,0,0,False,,4c 2h,-10,10,2,0,-10,10
10100,3366,2,BB,0,3,True,9s Td 6c Th Qh,6d Kd,20,-20,9,0,-20,20
10101,3367,0,BTN,0,1,False,9s 8d 9c,Qh 8s,0,0,6,0,-20,20
10102,3367,1,SB,0,0,False,,4d 6c,-10,10,2,0,-10,10
10103,3367,2,BB,0,1,False,9s 8d 9c,6s As,20,-20,6,0,-20,20
10104,3368,0,BTN,0,2,False,2s 7c Qs Kh,Kd 8d,96,-96,9,96,-10,-86
10105,3368,1,SB,0,2,False,2s 7c Qs Kh,5d 3h,-10,10,8,30,-10,-20
10106,3368,2,BB,0,2,False,2s 7c Qs Kh,9d 8c,-20,20,11,40,-20,-20
10107,3369,0,BTN,0,1,False,Ad 9c 2h,3h Qs,0,0,5,0,20,-20
10108,3369,1,SB,0,3,False,Ad 9c 2h Td Ks,6h Ah,100,-100,9,0,100,-100
10109,3369,2,BB,0,1,False,Ad 9c 2h,Jh 5h,-20,20,5,0,20,-20
10110,3370,0,BTN,0,3,True,3h Js Tc 5s Td,Qd Ad,100,-100,12,100,-50,-50
10111,3370,1,SB,0,1,False,3h Js Tc,9s 7c,-10,10,6,30,-10,-20
10112,3370,2,BB,0,3,True,3h Js Tc 5s Td,4d 6s,-20,20,12,40,-20,-20
10113,3371,0,BTN,0,3,True,Th Qs Jh 9c 4d,As 7c,60,-60,9,60,-10,-50
10114,3371,1,SB,0,0,False,,Qd 6s,-10,10,2,0,-10,10
10115,3371,2,BB,0,1,False,Th Qs Jh,3d 2s,-20,20,5,0,20,-20
10116,3372,0,BTN,0,3,True,Ah Kc 4c 4h 9d,Ts Qd,5,-5,9,5,-10,5
10117,3372,1,SB,0,0,False,,4d 2d,-10,10,2,0,-10,10
10118,3372,2,BB,0,3,True,Ah Kc 4c 4h 9d,7d Qs,-1280,1280,9,0,1280,-1280
10119,3373,0,BTN,0,3,True,9s 8s 2d Th 5h,4s Qh,0,0,10,0,1520,-1520
10120,3373,1,SB,0,3,True,9s 8s 2d Th 5h,Ts 9c,2000,-2000,10,0,2000,-2000
10121,3373,2,BB,0,3,True,9s 8s 2d Th 5h,7s Tc,-2000,2000,12,0,2000,-2000
10122,3374,0,BTN,0,3,True,4h 4c Td 7c 9h,6d 5s,0,0,10,0,1920,-1920
10123,3374,1,SB,0,3,True,4h 4c Td 7c 9h,Tc Kc,580,-580,9,0,580,-580
10124,3374,2,BB,0,3,True,4h 4c Td 7c 9h,5c 5d,-1280,1280,9,0,1280,-1280
10125,3375,0,BTN,0,3,True,Ks 2s Td Ad 9s,2d 6s,0,0,9,0,20,-20
10126,3375,1,SB,0,0,False,,4h Jc,-10,10,2,0,-10,10
10127,3375,2,BB,0,1,False,Ks 2s Td,7d 4d,20,-20,6,0,-20,20
10128,3376,0,BTN,0,3,True,2d 5h 7d 7h 4d,8d 3h,0,0,10,0,180,-180
10129,3376,1,SB,0,3,True,2d 5h 7d 7h 4d,Ah Jc,60,-60,9,0,60,-60
10130,3376,2,BB,0,3,True,2d 5h 7d 7h 4d,Ks Qc,-40,40,9,0,40,-40
10131,3377,0,BTN,0,3,True,4h Qs 6h 3h Td,Kc Kh,-567.8571428571429,567.8571428571427,8,-567.8571428571429,-10.0,577.8571428571427
10132,3377,1,SB,0,3,True,4h Qs 6h 3h Td,Jc 4s,-10,10,10,-1770,-10,1780
10133,3377,2,BB,0,0,False,,Qd 6s,-20,20,3,30,-10,-20
10134,3378,0,BTN,0,3,True,Ac 8d Kd Ah Kc,5c 9h,0,0,9,0,0,0
10135,3378,1,SB,0,0,False,,5s 7c,-10,10,2,0,-10,10
10136,3378,2,BB,0,3,True,Ac 8d Kd Ah Kc,4h 7h,0,0,9,0,0,0
10137,3379,0,BTN,0,2,False,Td 2c Jd Qc,7h 4c,0,0,7,0,20,-20
10138,3379,1,SB,0,3,False,Td 2c Jd Qc Qh,Qs 9d,100,-100,9,0,100,-100
10139,3379,2,BB,0,2,False,Td 2c Jd Qc,9c 3h,-20,20,7,0,20,-20
10140,3380,0,BTN,0,0,False,,9s 6d,0,0,4,0,-20,20
10141,3380,1,SB,0,0,False,,4d 9c,-10,10,2,0,-10,10
10142,3380,2,BB,0,3,True,2s Kd 9d Qc Kc,Ac Tc,-1280,1280,9,0,1280,-1280
10143,3381,0,BTN,0,3,True,Qs 7h 3d 9d 5s,9h Ts,-50,50,10,-50,2017,-1967
10144,3381,1,SB,0,3,True,Qs 7h 3d 9d 5s,Qh Ks,1809.5238095238096,-1809.5238095238096,9,0.0,1809.5238095238096,-1809.5238095238096
10145,3381,2,BB,0,3,True,Qs 7h 3d 9d 5s,Jc Js,-1809.5238095238096,1809.5238095238096,10,0.0,1809.5238095238096,-1809.5238095238096
10146,3382,0,BTN,0,3,True,Th 8h 5c Ks 7c,9c 8d,885,-885,9,885,-10,-875
10147,3382,1,SB,0,0,False,,4s Jc,-10,10,2,0,-10,10
10148,3382,2,BB,0,3,True,Th 8h 5c Ks 7c,Ac 5d,20,-20,9,0,-20,20
10149,3383,0,BTN,0,1,False,Jh 6d Ac,Ks 2h,0,0,5,0,20,-20
10150,3383,1,SB,0,0,False,,7d 6s,-10,10,2,0,-10,10
10151,3383,2,BB,0,1,False,Jh 6d Ac,3h 7s,-20,20,5,0,20,-20
10152,3384,0,BTN,0,3,True,Kd 8s Jh Tc 3h,9s 7s,1437.1428571428573,-1437.142857142857,8,1437.1428571428573,-10.0,-1427.142857142857
10153,3384,1,SB,0,0,False,,2c Ah,-10,10,4,-20,-10,30
10154,3384,2,BB,0,3,False,Kd 8s Jh Tc 3h,Qc Js,80,-80,12,-20,-60,80
10155,3385,0,BTN,0,3,False,3c 2s As 7c 5c,5s 4s,593,-593,16,593,-149,-444
10156,3385,1,SB,0,3,True,3c 2s As 7c 5c,Qc Ks,60,-60,9,0,60,-60
10157,3385,2,BB,0,3,True,3c 2s As 7c 5c,6h Kd,-20,20,9,0,20,-20
10158,3386,0,BTN,0,0,False,,4c 9c,0,0,4,0,-20,20
10159,3386,1,SB,0,0,False,,3s 2s,-10,10,2,0,-10,10
10160,3386,2,BB,0,1,False,8c Js 8h,Jh Kh,20,-20,6,0,-20,20
10161,3387,0,BTN,0,1,False,8s 6d 4s,2d Jh,0,0,5,0,120,-120
10162,3387,1,SB,0,3,True,8s 6d 4s 8d 5d,Kc Ks,60,-60,9,0,60,-60
10163,3387,2,BB,0,2,False,8s 6d 4s 8d,9d Js,-480,480,7,0,480,-480
10164,3388,0,BTN,0,3,True,9h Qd 9s Ad Ks,4d 6c,0,0,9,0,0,0
10165,3388,1,SB,0,0,False,,5c 8s,-10,10,2,0,-10,10
10166,3388,2,BB,0,3,True,9h Qd 9s Ad Ks,6h Ts,0,0,9,0,0,0
10167,3389,0,BTN,0,1,False,Qh 5s Qd,Jc 7c,-380,380,7,-380,-10,390
10168,3389,1,SB,0,2,False,Qh 5s Qd 4c,8d Qc,-10,10,8,-495,-10,505
10169,3389,2,BB,0,3,True,Qh 5s Qd 4c 5c,Qs 4s,1493.5714285714284,-1493.5714285714284,11,-20.0,-1473.5714285714284,1493.5714285714284
10170,3390,0,BTN,0,3,True,4h 7d Ah Ac 8d,Qs 8s,532,-532,12,532,-10,-522
10171,3390,1,SB,0,0,False,,5s 3s,-10,10,2,0,-10,10
10172,3390,2,BB,0,3,True,4h 7d Ah Ac 8d,2c Ks,20,-20,9,0,-20,20
10173,3391,0,BTN,0,3,False,6s 7d 5s 5c 8c,2d Ks,0,0,9,0,20,-20
10174,3391,1,SB,0,0,False,,Js 4c,-10,10,2,0,-10,10
10175,3391,2,BB,0,1,False,6s 7d 5s,Qh Ts,-20,20,5,0,20,-20
10176,3392,0,BTN,0,3,True,Tc Qc Ks 8d 8s,8c Kc,2010,-2010,12,2010,-10,-2000
10177,3392,1,SB,0,3,True,Tc Qc Ks 8d 8s,2h 4d,-10,10,11,1905,-10,-1895
10178,3392,2,BB,0,3,True,Tc Qc Ks 8d 8s,2c Qh,-1779,1779,12,1789,-10,-1779
10179,3393,0,BTN,0,0,False,,2d Td,0,0,4,0,-20,20
10180,3393,1,SB,0,0,False,,6d 8s,-10,10,2,0,-10,10
10181,3393,2,BB,0,1,False,Qd 5h 4h,As Tc,20,-20,6,0,-20,20
10182,3394,0,BTN,0,1,False,Tc Jc 4s,Ac 2d,0,0,6,0,-20,20
10183,3394,1,SB,0,0,False,,6h 7c,-10,10,2,0,-10,10
10184,3394,2,BB,0,1,False,Tc Jc 4s,Jd 5h,20,-20,6,0,-20,20
10185,3395,0,BTN,0,2,False,3d Ad Th 2d,9c 8d,0,0,7,0,80,-80
10186,3395,1,SB,0,0,False,,2h Ts,-10,10,2,0,-10,10
10187,3395,2,BB,0,1,False,3d Ad Th,Jd 4h,-20,20,5,0,20,-20
10188,3396,0,BTN,0,2,False,Ah Ks 8c 8d,3d Qh,0,0,7,0,20,-20
10189,3396,1,SB,0,3,True,Ah Ks 8c 8d 4s,Qd Th,100,-100,9,0,100,-100
10190,3396,2,BB,0,2,False,Ah Ks 8c 8d,3c 5c,-20,20,7,0,20,-20
10191,3397,0,BTN,0,1,False,Jc Ac Qc,3s Tc,0,0,5,0,20,-20
10192,3397,1,SB,0,3,True,Jc Ac Qc Qh 6h,Ah 9c,139,-139,9,0,139,-139
10193,3397,2,BB,0,1,False,Jc Ac Qc,3d 6s,-20,20,5,0,20,-20
10194,3398,0,BTN,0,2,False,5d 2c 9s Th,Ad Qc,142,-142,9,142,-10,-132
10195,3398,1,SB,0,0,False,,4s 8h,-10,10,2,0,-10,10
10196,3398,2,BB,0,1,False,5d 2c 9s,Kh 7c,20,-20,6,0,-20,20
10197,3399,0,BTN,0,3,True,4h 7d 2c 7h 7c,Ad Kc,100,-100,12,100,-50,-50
10198,3399,1,SB,0,3,True,4h 7d 2c 7h 7c,Qh 9h,-88,88,13,176,-88,-88
10199,3399,2,BB,0,3,True,4h 7d 2c 7h 7c,8s As,-20,20,12,40,-20,-20
10200,3400,0,BTN,0,1,False,Ks Qh 9s,Qd 6h,0,0,6,0,-20,20
10201,3400,1,SB,0,0,False,,8h 2c,-10,10,2,0,-10,10
10202,3400,2,BB,0,2,False,Ks Qh 9s 3h,Ts Qc,20,-20,8,0,-20,20
10203,3401,0,BTN,0,3,True,Kd Jd Tc 5c 7d,8h 2d,0,0,11,0,1704,-1704
10204,3401,1,SB,0,3,True,Kd Jd Tc 5c 7d,Qd Td,2000,-2000,11,0,2000,-2000
10205,3401,2,BB,0,3,True,Kd Jd Tc 5c 7d,Js Ah,-2000,2000,12,0,2000,-2000
10206,3402,0,BTN,0,1,False,5d 6s Jc,Kh Th,-50,50,5,-50,70,-20
10207,3402,1,SB,0,3,True,5d 6s Jc Qs 6c,9s Ah,60,-60,9,0,60,-60
10208,3402,2,BB,0,3,True,5d 6s Jc Qs 6c,2d 7d,-20,20,9,0,20,-20
10209,3403,0,BTN,0,1,False,9s 5h 7c,5s Jh,0,0,5,0,20,-20
10210,3403,1,SB,0,0,False,,4d 7s,-10,10,2,0,-10,10
10211,3403,2,BB,0,3,True,9s 5h 7c 3h Th,3s Ts,2000,-2000,10,0,-2000,2000
10212,3404,0,BTN,0,0,False,,8c 5d,0,0,4,0,-20,20
10213,3404,1,SB,0,0,False,,3h 5s,-10,10,2,0,-10,10
10214,3404,2,BB,0,3,True,4c Ah 7h 2s 3d,Jd Jc,-2000.0,2000.0,11,0.0,2000.0,-2000.0
10215,3405,0,BTN,0,3,True,Th Jh Ts 2h 8c,4s 4h,482.3809523809523,-482.3809523809523,9,482.3809523809523,-10.0,-472.3809523809523
10216,3405,1,SB,0,0,False,,3s 9c,-10,10,2,0,-10,10
10217,3405,2,BB,0,3,True,Th Jh Ts 2h 8c,Ad 7h,20,-20,9,0,-20,20
10218,3406,0,BTN,0,3,True,6h Qc 9c Qd Ad,2h 2c,142,-142,10,142,-10,-132
10219,3406,1,SB,0,0,False,,9h 2d,-10,10,2,0,-10,10
10220,3406,2,BB,0,1,False,6h Qc 9c,Kh 8s,-20,20,5,0,20,-20
10221,3407,0,BTN,0,2,False,3c Kd Qc Tc,Qh 5c,0,0,7,0,20,-20
10222,3407,1,SB,0,0,False,,2s Th,-10,10,2,0,-10,10
10223,3407,2,BB,0,2,False,3c Kd Qc Tc,4h 8c,-20,20,7,0,20,-20
10224,3408,0,BTN,0,3,False,Td Qs 7c Ad Jh,Th 6d,0,0,11,0,-140,140
10225,3408,1,SB,0,0,False,,4c 7d,-10,10,2,0,-10,10
10226,3408,2,BB,0,3,True,Td Qs 7c Ad Jh,Ac 5d,46,-46,10,0,-46,46
10227,3409,0,BTN,0,3,False,5c 8h 8d 3h Jc,4h Qh,-222,222,11,-222,-10,232
10228,3409,1,SB,0,0,False,,Ts 2h,-10,10,2,0,-10,10
10229,3409,2,BB,0,1,False,5c 8h 8d,7h Jh,20,-20,6,0,-20,20
10230,3410,0,BTN,0,1,False,8s Jh 2h,6s 8h,0,0,6,0,-20,20
10231,3410,1,SB,0,1,False,8s Jh 2h,7c 5c,-60,60,6,0,-60,60
10232,3410,2,BB,0,3,False,8s Jh 2h 6h Jc,3h 8c,20,-20,10,0,-20,20
10233,3411,0,BTN,0,3,True,2s 4d 6s Ac 3d,Td Ks,100,-100,12,100,-50,-50
10234,3411,1,SB,0,0,False,,7d Kc,-10,10,2,0,-10,10
10235,3411,2,BB,0,3,True,2s 4d 6s Ac 3d,8h Th,-20,20,9,0,20,-20
10236,3412,0,BTN,0,0,False,,9s 6c,0,0,4,0,-20,20
10237,3412,1,SB,0,0,False,,8c 5d,-10,10,2,0,-10,10
10238,3412,2,BB,0,3,False,Ad Jh 2s 3d 5s,Kd 6d,-20,20,9,0,20,-20
10239,3413,0,BTN,0,0,False,,5s 7s,-50,50,4,-50,-10,60
10240,3413,1,SB,0,0,False,,2h 4s,-10,10,2,0,-10,10
10241,3413,2,BB,0,3,True,Qc Tc 5h 4h 8d,Ks As,-20,20,9,0,20,-20
10242,3414,0,BTN,0,1,False,7d 5d 5s,3c Jh,0,0,5,0,20,-20
10243,3414,1,SB,0,0,False,,7c Td,-10,10,2,0,-10,10
10244,3414,2,BB,0,1,False,7d 5d 5s,Qc 4s,-20,20,5,0,20,-20
10245,3415,0,BTN,0,1,False,9h 4s Ts,3s 5h,0,0,5,0,20,-20
10246,3415,1,SB,0,0,False,,2s 9c,-10,10,2,0,-10,10
10247,3415,2,BB,0,1,False,9h 4s Ts,5s 7d,-20,20,5,0,20,-20
10248,3416,0,BTN,0,3,True,Tc 5d Ts Qc 6s,3c Ah,0,0,11,0,-1604,1604
10249,3416,1,SB,0,0,False,,Kd 5s,-10,10,2,0,-10,10
10250,3416,2,BB,0,3,True,Tc 5d Ts Qc 6s,Td 9d,2000,-2000,10,0,-2000,2000
10251,3417,0,BTN,0,3,True,4h As 5c 4d 2s,9h 5d,0,0,10,0,-80,80
10252,3417,1,SB,0,0,False,,2d Td,-10,10,2,0,-10,10
10253,3417,2,BB,0,3,True,4h As 5c 4d 2s,3c 6h,46,-46,10,0,-46,46
10254,3418,0,BTN,0,3,True,5h 8c 9h 4c Ah,6h Th,2010,-2010,12,2010,-10,-2000
10255,3418,1,SB,0,3,True,5h 8c 9h 4c Ah,9c Qh,2000,-2000,11,0,2000,-2000
10256,3418,2,BB,0,3,True,5h 8c 9h 4c Ah,8s 6d,-1840,1840,11,0,1840,-1840
10257,3419,0,BTN,0,3,True,3d 4c Qd 2h 4d,6c 4h,0,0,11,0,-60,60
10258,3419,1,SB,0,0,False,,3h 7d,-10,10,2,0,-10,10
10259,3419,2,BB,0,3,True,3d 4c Qd 2h 4d,3c Ks,60,-60,9,0,-60,60
10260,3420,0,BTN,0,3,True,Jd 3h 4c Jh 6c,3d 8h,0,0,11,0,-1520,1520
10261,3420,1,SB,0,0,False,,4h 5c,-10,10,2,0,-10,10
10262,3420,2,BB,0,3,True,Jd 3h 4c Jh 6c,4d Qs,320,-320,9,0,-320,320
10263,3421,0,BTN,0,3,False,Ac Ts Kd 8h 9s,Qd 4d,-50,50,9,-50,-10,60
10264,3421,1,SB,0,0,False,,2s Ah,-10,10,2,0,-10,10
10265,3421,2,BB,0,3,True,Ac Ts Kd 8h 9s,9c Qs,-1280,1280,9,0,1280,-1280
10266,3422,0,BTN,0,1,False,Kh 7d 4c,As 3d,0,0,6,0,-20,20
10267,3422,1,SB,0,0,False,,Ts 3c,-10,10,2,0,-10,10
10268,3422,2,BB,0,3,True,Kh 7d 4c 8d Td,5h 7c,-80,80,9,0,80,-80
10269,3423,0,BTN,0,3,False,Kc Td 9d 8s 4d,Jc 5h,0,0,11,0,-160,160
10270,3423,1,SB,0,2,False,Kc Td 9d 8s,Ac 5d,-100,100,8,0,-100,100
10271,3423,2,BB,0,3,True,Kc Td 9d 8s 4d,6c 9c,20,-20,9,0,-20,20
10272,3424,0,BTN,0,3,True,Td 6h 3h Qd 5c,Js 8d,-50,50,9,-50,-10,60
10273,3424,1,SB,0,0,False,,7s Qc,-10,10,2,0,-10,10
10274,3424,2,BB,0,2,False,Td 6h 3h Qd,Kh 4c,-20,20,7,0,20,-20
10275,3425,0,BTN,0,3,True,9c 6d 8d Td 7s,3d Ts,0,0,10,0,0,0
10276,3425,1,SB,0,0,False,,Kc 7h,-10,10,2,0,-10,10
10277,3425,2,BB,0,3,True,9c 6d 8d Td 7s,7c Th,0,0,9,0,0,0
10278,3426,0,BTN,0,3,True,9h 6d 4c 8d Js,9c Qc,775,-775,10,775,-10,-765
10279,3426,1,SB,0,0,False,,Th 7d,-10,10,2,0,-10,10
10280,3426,2,BB,0,3,True,9h 6d 4c 8d Js,4h Tc,-320,320,9,0,320,-320
10281,3427,0,BTN,0,1,False,4s 9h 3h,4d 2s,0,0,6,0,-20,20
10282,3427,1,SB,0,0,False,,6d 8h,-10,10,2,0,-10,10
10283,3427,2,BB,0,1,False,4s 9h 3h,3s 7s,20,-20,6,0,-20,20
10284,3428,0,BTN,0,1,False,Jh Qh Kd,Ts 4c,0,0,6,0,-20,20
10285,3428,1,SB,0,0,False,,8s 6c,-10,10,2,0,-10,10
10286,3428,2,BB,0,3,True,Jh Qh Kd Th 3s,5s Td,20,-20,9,0,-20,20
10287,3429,0,BTN,0,3,True,Jh 6c 4s As 6d,Kh 8d,-1755,1755,9,-1755,-10,1765
10288,3429,1,SB,0,0,False,,5h Qc,-10,10,2,0,-10,10
10289,3429,2,BB,0,1,False,Jh 6c 4s,Qd Js,20,-20,6,0,-20,20
10290,3430,0,BTN,0,2,False,2s 4d Qd 2h,8c 8s,60,-60,8,60,-10,-50
10291,3430,1,SB,0,2,False,2s 4d Qd 2h,Ts 4c,-10,10,8,30,-10,-20
10292,3430,2,BB,0,2,False,2s 4d Qd 2h,3c 7h,-20,20,8,30,-10,-20
10293,3431,0,BTN,0,1,False,4h 6h Ts,6d 2h,0,0,6,0,-20,20
10294,3431,1,SB,0,0,False,,2d Qh,-10,10,2,0,-10,10
10295,3431,2,BB,0,1,False,4h 6h Ts,Td 8h,20,-20,6,0,-20,20
10296,3432,0,BTN,0,3,True,3d 8s Qh Jc Td,Tc 5c,0,0,9,0,20,-20
10297,3432,1,SB,0,3,True,3d 8s Qh Jc Td,7s Ah,60,-60,9,0,60,-60
10298,3432,2,BB,0,3,True,3d 8s Qh Jc Td,6h 4c,-20,20,9,0,20,-20
10299,3433,0,BTN,0,2,False,4h 7h Th Td,Kd 5h,0,0,7,0,20,-20
10300,3433,1,SB,0,0,False,,2d 4c,-10,10,2,0,-10,10
10301,3433,2,BB,0,2,False,4h 7h Th Td,8d Qc,-20,20,7,0,20,-20
10302,3434,0,BTN,0,2,False,9s 9c 2d 4s,2h 9h,0,0,7,0,80,-80
10303,3434,1,SB,0,3,True,9s 9c 2d 4s 2c,Ad Jd,60,-60,9,0,60,-60
10304,3434,2,BB,0,2,False,9s 9c 2d 4s,Qc Td,-170,170,8,0,170,-170
10305,3435,0,BTN,0,3,True,Tc Kc 3h 2s 6d,4d 3d,0,0,11,0,1704,-1704
10306,3435,1,SB,0,0,False,,Ks 3s,-60,60,4,0,-60,60
10307,3435,2,BB,0,3,True,Tc Kc 3h 2s 6d,Qh Qc,-1640.0,1640.0,8,0.0,1640.0,-1640.0
10308,3436,0,BTN,0,3,True,2s 8d Qs 3s Qd,Ah As,532,-532,12,532,-10,-522
10309,3436,1,SB,0,3,True,2s 8d Qs 3s Qd,2c 9h,-10,10,11,2005,-10,-1995
10310,3436,2,BB,0,1,False,2s 8d Qs,Ad 7s,-120,120,6,130,-10,-120
10311,3437,0,BTN,0,1,False,7d Jd 9d,Kd As,60,-60,6,60,-10,-50
10312,3437,1,SB,0,0,False,,2c Kc,-88,88,5,108,-88,-20
10313,3437,2,BB,0,3,True,7d Jd 9d 3c 9s,4h 5h,-20,20,12,40,-20,-20
10314,3438,0,BTN,0,3,True,Ad 4h Kc 4s Qh,Ts Th,100,-100,12,100,-50,-50
10315,3438,1,SB,0,1,False,Ad 4h Kc,8d 7s,-10,10,6,30,-10,-20
10316,3438,2,BB,0,3,True,Ad 4h Kc 4s Qh,Jd 5s,-20,20,12,40,-20,-20
10317,3439,0,BTN,0,3,True,7d Js Th Ts 6c,4s 6s,0,0,11,0,-1704,1704
10318,3439,1,SB,0,0,False,,3h Jd,-10,10,2,0,-10,10
10319,3439,2,BB,0,3,True,7d Js Th Ts 6c,Tc Td,1980.0,-1980.0,8,0.0,-1980.0,1980.0
10320,3440,0,BTN,0,3,True,4c Js As 9h 7h,Ac Kc,25,-25,12,25,-50,25
10321,3440,1,SB,0,3,True,4c Js As 9h 7h,Td 9d,-88,88,13,44,-88,44
10322,3440,2,BB,0,3,True,4c Js As 9h 7h,Kh Ad,-50.299999999999955,50.30000000000018,11,70.30000000000018,-20.0,-50.299999999999955
10323,3441,0,BTN,0,1,False,As 4c Ac,8h 7c,0,0,5,0,20,-20
10324,3441,1,SB,0,0,False,,4s 2h,-10,10,2,0,-10,10
10325,3441,2,BB,0,1,False,As 4c Ac,3h 6c,-20,20,5,0,20,-20
10326,3442,0,BTN,0,3,True,5c Td 2s 8d Ac,Qd 3s,0,0,10,0,-1520,1520
10327,3442,1,SB,0,0,False,,5h Qs,-10,10,2,0,-10,10
10328,3442,2,BB,0,3,True,5c Td 2s 8d Ac,8s Th,1619.0476190476193,-1619.047619047619,10,0.0,-1619.047619047619,1619.0476190476193
10329,3443,0,BTN,0,1,False,7d 8d Ah,Js 9s,-50,50,5,-50,-10,60
10330,3443,1,SB,0,2,False,7d 8d Ah 7c,5c 4d,-10,10,7,-95,-10,105
10331,3443,2,BB,0,3,True,7d 8d Ah 7c 5d,4h Ac,172,-172,12,-20,-152,172
10332,3444,0,BTN,0,1,False,4s 6h 5d,5h 2s,0,0,6,0,-20,20
10333,3444,1,SB,0,0,False,,Js 9d,20,-20,3,0,20,-20
10334,3444,2,BB,0,1,False,4s 6h 5d,2d 3h,20,-20,6,0,-20,20
10335,3445,0,BTN,0,3,True,Kd Td Js 9d Th,Qd Ts,835,-835,10,835,-10,-825
10336,3445,1,SB,0,0,False,,5s 3d,-10,10,2,0,-10,10
10337,3445,2,BB,0,3,False,Kd Td Js 9d Th,6h Tc,20,-20,10,0,-20,20
10338,3446,0,BTN,0,3,True,4s Kc 3h Th Ts,Ks Jd,1277,-1277,16,1277,-1128,-149
10339,3446,1,SB,0,1,False,4s Kc 3h,Jh Ad,-235,235,7,255,-235,-20
10340,3446,2,BB,0,3,True,4s Kc 3h Th Ts,6d 7c,-20,20,14,1930,-1910,-20
10341,3447,0,BTN,0,3,True,2d Qh 6d 3c 4s,9d Ah,-80,80,9,-80,100,-20
10342,3447,1,SB,0,3,True,2d Qh 6d 3c 4s,Ac Kh,255,-255,10,-235,255,-20
10343,3447,2,BB,0,3,True,2d Qh 6d 3c 4s,8h 2c,40,-40,12,-20,-20,40
10344,3448,0,BTN,0,1,False,Td 3h 6s,Qh 4s,0,0,5,0,20,-20
10345,3448,1,SB,0,0,False,,6c Th,-10,10,2,0,-10,10
10346,3448,2,BB,0,1,False,Td 3h 6s,5d Js,-20,20,5,0,20,-20
10347,3449,0,BTN,0,1,False,Ts 3d 6c,7c Td,0,0,6,0,-20,20
10348,3449,1,SB,0,0,False,,8h Jd,-10,10,2,0,-10,10
10349,3449,2,BB,0,2,False,Ts 3d 6c 2h,6s 2d,20,-20,8,0,-20,20
10350,3450,0,BTN,0,1,False,Kc Tc 3c,Ts 4c,0,0,6,0,-20,20
10351,3450,1,SB,0,0,False,,4s 9h,-10,10,2,0,-10,10
10352,3450,2,BB,0,3,False,Kc Tc 3c 4h 5h,Jc 9d,-80,80,9,0,80,-80
10353,3451,0,BTN,0,1,False,6d Td 4d,2c Th,0,0,6,0,120,-120
10354,3451,1,SB,0,3,True,6d Td 4d 6s Qh,8c Kd,0,0,9,0,0,0
10355,3451,2,BB,0,1,False,6d Td 4d,8h Kh,-20,20,5,0,20,-20
10356,3452,0,BTN,0,3,True,Kd 7d Kc 4s 2d,5h 6h,-50,50,12,-50,100,-50
10357,3452,1,SB,0,0,False,,Jc 3s,-10,10,2,0,-10,10
10358,3452,2,BB,0,3,True,Kd 7d Kc 4s 2d,8h 3c,-20,20,9,0,20,-20
10359,3453,0,BTN,0,0,False,,3d Ac,0,0,4,0,-20,20
10360,3453,1,SB,0,0,False,,Ts 4s,-10,10,2,0,-10,10
10361,3453,2,BB,0,3,True,3h Qd Qc Ks 7c,6c 6h,20,-20,9,0,-20,20
10362,3454,0,BTN,0,1,False,Qc Tc Td,Ad 2h,0,0,5,0,20,-20
10363,3454,1,SB,0,0,False,,Ts 7d,-10,10,2,0,-10,10
10364,3454,2,BB,0,1,False,Qc Tc Td,5h Jh,-20,20,5,0,20,-20
10365,3455,0,BTN,0,3,True,3s 4s 8h Js 7d,8c Th,-215,215,9,-215,-10,225
10366,3455,1,SB,0,3,False,3s 4s 8h Js 7d,Qh Td,-150,150,10,0,-150,150
10367,3455,2,BB,0,1,False,3s 4s 8h,7h 3h,20,-20,6,0,-20,20
10368,3456,0,BTN,0,3,True,2c 2s 4d Ah Kc,4s Kd,0,0,9,0,20,-20
10369,3456,1,SB,0,2,False,2c 2s 4d Ah,7c 9c,60,-60,7,0,60,-60
10370,3456,2,BB,0,1,False,2c 2s 4d,6h 5c,20,-20,6,0,-20,20
10371,3457,0,BTN,0,1,False,3s 9d Kc,2s 8c,0,0,5,0,20,-20
10372,3457,1,SB,0,0,False,,4c 9s,-10,10,2,0,-10,10
10373,3457,2,BB,0,1,False,3s 9d Kc,5c 6h,-20,20,5,0,20,-20
10374,3458,0,BTN,0,3,True,7c Kh Ac Jc 7s,9s 3d,0,0,10,0,1280,-1280
10375,3458,1,SB,0,1,False,7c Kh Ac,Td Qd,-100,100,6,0,-100,100
10376,3458,2,BB,0,2,False,7c Kh Ac Jc,7d 8c,-80,80,8,0,80,-80
10377,3459,0,BTN,0,3,True,Js Ac 7h Td 4h,7s 8d,0,0,11,0,1604,-1604
10378,3459,1,SB,0,3,True,Js Ac 7h Td 4h,Jc Ah,2000.0,-2000.0,10,0.0,2000.0,-2000.0
10379,3459,2,BB,0,3,True,Js Ac 7h Td 4h,5h As,-2000,2000,10,0,2000,-2000
10380,3460,0,BTN,0,1,False,9h Ks 9c,3c 6c,0,0,5,0,20,-20
10381,3460,1,SB,0,0,False,,9d 2h,-10,10,2,0,-10,10
10382,3460,2,BB,0,1,False,9h Ks 9c,2c 3h,-20,20,5,0,20,-20
10383,3461,0,BTN,0,0,False,,7s 9c,0,0,3,0,20,-20
10384,3461,1,SB,0,3,False,Ks 8d 2d Kd Js,As Kh,250,-250,9,0,250,-250
10385,3461,2,BB,0,0,False,,6d Th,-20,20,3,0,20,-20
10386,3462,0,BTN,0,0,False,,2h 3d,0,0,4,0,-20,20
10387,3462,1,SB,0,0,False,,2c 7c,-10,10,2,0,-10,10
10388,3462,2,BB,0,2,False,4s Ad Jh 6d,Jd Ks,20,-20,8,0,-20,20
10389,3463,0,BTN,0,1,False,2h 8c 7d,4d 2s,0,0,7,0,-120,120
10390,3463,1,SB,0,3,True,2h 8c 7d Jh 2c,Qd Td,-250,250,9,0,-250,250
10391,3463,2,BB,0,3,True,2h 8c 7d Jh 2c,Qh As,60,-60,10,0,-60,60
10392,3464,0,BTN,0,1,False,9c Ts 4s,8s 2d,0,0,6,0,-20,20
10393,3464,1,SB,0,0,False,,8c 5s,-10,10,2,0,-10,10
10394,3464,2,BB,0,3,True,9c Ts 4s 6c 8d,5h 9d,20,-20,9,0,-20,20
10395,3465,0,BTN,0,2,False,9c 7s Ac Kd,Qs 2c,0,0,7,0,20,-20
10396,3465,1,SB,0,2,False,9c 7s Ac Kd,Ks Js,60,-60,7,0,60,-60
10397,3465,2,BB,0,2,False,9c 7s Ac Kd,8c 3h,-20,20,7,0,20,-20
10398,3466,0,BTN,0,1,False,Qc Ah 7h,7c 2h,0,0,7,0,-120,120
10399,3466,1,SB,0,0,False,,2s Jd,-10,10,2,0,-10,10
10400,3466,2,BB,0,2,False,Qc Ah 7h 4c,Qd Td,20,-20,8,0,-20,20
10401,3467,0,BTN,0,1,False,5c Kh 7s,Jd 8d,60,-60,6,60,-10,-50
10402,3467,1,SB,0,3,True,5c Kh 7s Jc 5s,4h Ad,60,-60,9,0,60,-60
10403,3467,2,BB,0,3,True,5c Kh 7s Jc 5s,8c Td,-20,20,9,0,20,-20
10404,3468,0,BTN,0,2,False,As 5h Ac 2h,2c Ks,0,0,9,0,-80,80
10405,3468,1,SB,0,0,False,,6s Td,-10,10,2,0,-10,10
10406,3468,2,BB,0,2,False,As 5h Ac 2h,5c Ah,60,-60,9,0,-60,60
10407,3469,0,BTN,0,1,False,Qs 4s 6h,4h 3h,0,0,5,0,20,-20
10408,3469,1,SB,0,0,False,,Jc 6c,20,-20,3,0,20,-20
10409,3469,2,BB,0,1,False,Qs 4s 6h,2c 5d,-20,20,5,0,20,-20
10410,3470,0,BTN,0,2,False,9s Qs 6h 9h,8s Jc,-50,50,7,-50,70,-20
10411,3470,1,SB,0,0,False,,7c 9d,-10,10,2,0,-10,10
10412,3470,2,BB,0,3,True,9s Qs 6h 9h 4c,2h 6c,-320,320,9,0,320,-320
10413,3471,0,BTN,0,2,False,Kd 9c 2c Qs,8c 6s,0,0,7,0,20,-20
10414,3471,1,SB,0,0,False,,2s Td,-10,10,2,0,-10,10
10415,3471,2,BB,0,3,True,Kd 9c 2c Qs 6d,8s Jc,-320,320,10,0,320,-320
10416,3472,0,BTN,0,3,True,Th 3h 6s 4d Kc,9d Jh,-86,86,10,-86,-10,96
10417,3472,1,SB,0,3,True,Th 3h 6s 4d Kc,5s 9s,-10,10,10,-120,-10,130
10418,3472,2,BB,0,3,True,Th 3h 6s 4d Kc,Jd Qh,40,-40,12,-20,-20,40
10419,3473,0,BTN,0,3,True,9c 8c Js Th 7s,Kd 5s,0,0,10,0,0,0
10420,3473,1,SB,0,0,False,,Jh 3c,-10,10,2,0,-10,10
10421,3473,2,BB,0,3,True,9c 8c Js Th 7s,7c Ad,0,0,9,0,0,0
10422,3474,0,BTN,0,3,True,Js 5s Tc Th 9h,7c Jc,2010,-2010,12,2010,-10,-2000
10423,3474,1,SB,0,3,True,Js 5s Tc Th 9h,Kc 4d,-10,10,11,1605,-10,-1595
10424,3474,2,BB,0,3,True,Js 5s Tc Th 9h,5d 6s,-1910,1910,14,1930,-20,-1910
10425,3475,0,BTN,0,3,True,4h Qd Ah Tc 2d,6s 8d,0,0,11,0,-1520,1520
10426,3475,1,SB,0,2,False,4h Qd Ah Tc,8h Th,-750,750,9,0,-750,750
10427,3475,2,BB,0,3,True,4h Qd Ah Tc 2d,Qc 2c,800,-800,10,0,-800,800
10428,3476,0,BTN,0,2,False,Qh 6h 4s Td,7h Js,0,0,7,0,20,-20
10429,3476,1,SB,0,3,True,Qh 6h 4s Td Ac,4d Jc,-10,10,9,30,-10,-20
10430,3476,2,BB,0,3,True,Qh 6h 4s Td Ac,3s 2d,-20,20,12,-20,40,-20
10431,3477,0,BTN,0,3,True,8s Ks 7h 6d 4d,7s 3h,0,0,10,0,-1520,1520
10432,3477,1,SB,0,2,False,8s Ks 7h 6d,Td 7d,-150,150,8,0,-150,150
10433,3477,2,BB,0,3,True,8s Ks 7h 6d 4d,5s 9s,742,-742,10,0,-742,742
10434,3478,0,BTN,0,3,True,6c 9d Js 2h 3d,7c 7d,100,-100,12,100,-50,-50
10435,3478,1,SB,0,0,False,,Ad 8s,-88,88,5,108,-88,-20
10436,3478,2,BB,0,3,False,6c 9d Js 2h 3d,Td Qc,-20,20,14,40,-20,-20
10437,3479,0,BTN,0,3,True,7s 8h Ks Tc Jd,8s 9s,721,-721,11,721,-671,-50
10438,3479,1,SB,0,0,False,,3s Js,-10,10,2,0,-10,10
10439,3479,2,BB,0,1,False,7s 8h Ks,9d Qd,-20,20,5,0,20,-20
10440,3480,0,BTN,0,3,False,5d 9s 3d Kd Ah,4h 5s,0,0,9,0,20,-20
10441,3480,1,SB,0,3,False,5d 9s 3d Kd Ah,As Th,60,-60,9,0,60,-60
10442,3480,2,BB,0,3,False,5d 9s 3d Kd Ah,7d Ts,-150,150,11,0,150,-150
10443,3481,0,BTN,0,3,False,Qd Td Ks 3h Tc,7s 2s,0,0,9,0,20,-20
10444,3481,1,SB,0,3,True,Qd Td Ks 3h Tc,4s 4h,60,-60,9,0,60,-60
10445,3481,2,BB,0,3,True,Qd Td Ks 3h Tc,9h 6s,-20,20,9,0,20,-20
10446,3482,0,BTN,0,1,False,Qh Jd 2d,Ad Qc,60,-60,6,60,-10,-50
10447,3482,1,SB,0,1,False,Qh Jd 2d,Qs 5s,60,-60,5,0,60,-60
10448,3482,2,BB,0,1,False,Qh Jd 2d,7h 5d,-20,20,5,0,20,-20
10449,3483,0,BTN,0,3,True,2d 6h 7d 2h 7c,3d 8c,0,0,9,0,0,0
10450,3483,1,SB,0,0,False,,5h Js,-10,10,2,0,-10,10
10451,3483,2,BB,0,1,False,2d 6h 7d,8d Jh,20,-20,6,0,-20,20
10452,3484,0,BTN,0,1,False,Js Qs 4s,3h 7c,0,0,6,0,-20,20
10453,3484,1,SB,0,1,False,Js Qs 4s,8c 5c,-100,100,6,0,-100,100
10454,3484,2,BB,0,1,False,Js Qs 4s,Jh 4c,20,-20,6,0,-20,20
10455,3485,0,BTN,0,3,True,9c 6c 2h Jc 5c,Kc 8d,0,0,10,0,-1520,1520
10456,3485,1,SB,0,0,False,,6s Jh,-10,10,2,0,-10,10
10457,3485,2,BB,0,3,True,9c 6c 2h Jc 5c,6h 4c,742,-742,10,0,-742,742
10458,3486,0,BTN,0,3,True,8h Qc 2s Kd 7h,7d 5d,96,-96,10,96,-10,-86
10459,3486,1,SB,0,0,False,,8s 2h,-10,10,2,0,-10,10
10460,3486,2,BB,0,1,False,8h Qc 2s,3s Jc,-20,20,5,0,20,-20
10461,3487,0,BTN,0,0,False,,2s 3h,0,0,3,0,20,-20
10462,3487,1,SB,0,2,False,6d Ad Ts 8h,Qs Qc,-240,240,9,0,-240,240
10463,3487,2,BB,0,0,False,,8c 6s,-20,20,3,0,20,-20
10464,3488,0,BTN,0,3,False,2s Jc 9d 6d 7c,Qc Ts,-1175,1175,10,-1175,1225,-50
10465,3488,1,SB,0,0,False,,3s Jh,-10,10,2,0,-10,10
10466,3488,2,BB,0,3,False,2s Jc 9d 6d 7c,Kc Ad,-320,320,9,0,320,-320
10467,3489,0,BTN,0,3,True,6h 3s Qs 5h 5c,Jh 9c,-50,50,12,-50,100,-50
10468,3489,1,SB,0,3,True,6h 3s Qs 5h 5c,7d Kd,108,-108,10,-88,108,-20
10469,3489,2,BB,0,3,True,6h 3s Qs 5h 5c,Jd 4c,-20,20,12,-20,40,-20
10470,3490,0,BTN,0,3,True,2s 3h Kc Jc 6s,Jd Ad,1819.0476190476193,-1819.047619047619,8,1819.0476190476193,-10.0,-1809.047619047619
10471,3490,1,SB,0,3,True,2s 3h Kc Jc 6s,5s 9c,-10,10,10,2005,-10,-1995
10472,3490,2,BB,0,3,True,2s 3h Kc Jc 6s,4s 4d,-470,470,14,490,-20,-470
10473,3491,0,BTN,0,1,False,Qd Qh 5d,Tc 7d,0,0,6,0,-20,20
10474,3491,1,SB,0,0,False,,8h 6d,-10,10,2,0,-10,10
10475,3491,2,BB,0,2,False,Qd Qh 5d Js,Qc 2s,46,-46,9,0,-46,46
10476,3492,0,BTN,0,0,False,,6d 2s,0,0,4,0,-20,20
10477,3492,1,SB,0,0,False,,3d 8s,-10,10,2,0,-10,10
10478,3492,2,BB,0,3,True,Jd Ks Th Qd 7c,5s 5c,20,-20,9,0,-20,20
10479,3493,0,BTN,0,1,False,Kd 7c 2d,Ah 7s,-380,380,7,-380,-10,390
10480,3493,1,SB,0,0,False,,2c 6s,-10,10,2,0,-10,10
10481,3493,2,BB,0,3,True,Kd 7c 2d 5s 8s,8h Ks,216,-216,11,0,-216,216
10482,3494,0,BTN,0,1,False,8s Td 4d,7s 3s,0,0,6,0,-20,20
10483,3494,1,SB,0,0,False,,2h 6c,-10,10,2,0,-10,10
10484,3494,2,BB,0,1,False,8s Td 4d,6s Tc,20,-20,6,0,-20,20
10485,3495,0,BTN,0,2,False,Ac 9c Kc 2d,Kh Js,-230,230,7,-230,250,-20
10486,3495,1,SB,0,3,True,Ac 9c Kc 2d Kd,Ks 3s,-2000,2000,12,2020,-2000,-20
10487,3495,2,BB,0,3,True,Ac 9c Kc 2d Kd,Qs 4c,-20,20,13,1714,-1694,-20
10488,3496,0,BTN,0,1,False,5d 4s As,Qd 2d,0,0,5,0,20,-20
10489,3496,1,SB,0,2,False,5d 4s As Ks,6h 6d,100,-100,7,0,100,-100
10490,3496,2,BB,0,2,False,5d 4s As Ks,9s 8d,-80,80,7,0,80,-80
10491,3497,0,BTN,0,3,True,6s 2d 7c Ks 2s,6d 4s,0,0,9,0,80,-80
10492,3497,1,SB,0,1,False,6s 2d 7c,Td Ah,-60,60,6,0,-60,60
10493,3497,2,BB,0,3,True,6s 2d 7c Ks 2s,9d As,-255,255,10,0,255,-255
10494,3498,0,BTN,0,2,False,Ts 7s 6c 2h,Ah 4d,-215,215,7,-215,-10,225
10495,3498,1,SB,0,0,False,,7h 5c,-10,10,2,0,-10,10
10496,3498,2,BB,0,3,True,Ts 7s 6c 2h Kd,8s Th,2000,-2000,10,0,-2000,2000
10497,3499,0,BTN,0,2,False,4d Ad Td 6d,Jd As,100,-100,8,100,-80,-20
10498,3499,1,SB,0,1,False,4d Ad Td,Qs Jh,-235,235,7,255,-235,-20
10499,3499,2,BB,0,1,False,4d Ad Td,6c 2s,-20,20,8,40,-20,-20
10500,3500,0,BTN,0,3,True,Qc Ad 6s 2s 8h,4c 2d,0,0,11,0,-1704,1704
10501,3500,1,SB,0,0,False,,Qs 7c,-10,10,2,0,-10,10
10502,3500,2,BB,0,3,True,Qc Ad 6s 2s 8h,Ah Ks,1240.0,-1240.0,8,0.0,-1240.0,1240.0
10503,3501,0,BTN,0,2,False,Ks Kd 9c 4d,Ts 2d,0,0,7,0,80,-80
10504,3501,1,SB,0,0,False,,4s 9d,-10,10,2,0,-10,10
10505,3501,2,BB,0,1,False,Ks Kd 9c,2c Jh,-20,20,5,0,20,-20
10506,3502,0,BTN,0,3,True,4s 9h 7h 3d 4c,7d 8d,1930,-1930,10,1930,-1910,-20
10507,3502,1,SB,0,3,True,4s 9h 7h 3d 4c,5d 5c,-1656,1656,11,1676,-1656,-20
10508,3502,2,BB,0,3,True,4s 9h 7h 3d 4c,9d 4h,1066,-1066,15,-533,-533,1066
10509,3503,0,BTN,0,2,False,Qc 4h 5d 2s,Ah Ad,199,-199,11,199,-50,-149
10510,3503,1,SB,0,0,False,,Js Kd,-240,240,5,260,-240,-20
10511,3503,2,BB,0,2,False,Qc 4h 5d 2s,8d 6d,-20,20,9,530,-510,-20
10512,3504,0,BTN,0,2,False,Kd 6d 4c Kc,2d Td,0,0,10,0,-180,180
10513,3504,1,SB,0,0,False,,8h Jc,-10,10,2,0,-10,10
10514,3504,2,BB,0,3,True,Kd 6d 4c Kc 8d,4h Qh,-80,80,9,0,80,-80
10515,3505,0,BTN,0,1,False,Th Tc Kc,4h Jc,0,0,5,0,20,-20
10516,3505,1,SB,0,1,False,Th Tc Kc,Jh Qc,60,-60,5,0,60,-60
10517,3505,2,BB,0,1,False,Th Tc Kc,2s 6h,-20,20,5,0,20,-20
10518,3506,0,BTN,0,3,True,Qc Ac Kd 6d Ah,Ad 9s,1819.0476190476193,-1819.047619047619,8,1819.0476190476193,-10.0,-1809.047619047619
10519,3506,1,SB,0,3,True,Qc Ac Kd 6d Ah,4s 7h,-10,10,10,1905,-10,-1895
10520,3506,2,BB,0,1,False,Qc Ac Kd,Qh 9d,-20,20,8,40,-20,-20
10521,3507,0,BTN,0,3,True,9h 8s 5h 9c 6h,Kd 7s,0,0,10,0,1920,-1920
10522,3507,1,SB,0,3,True,9h 8s 5h 9c 6h,8d Td,-1441,1441,15,1703,-1441,-262
10523,3507,2,BB,0,3,True,9h 8s 5h 9c 6h,Js Ah,-20,20,12,1714,-1694,-20
10524,3508,0,BTN,0,2,False,Td Qh Ad 7s,Jc 2c,0,0,10,0,-480,480
10525,3508,1,SB,0,0,False,,3h Js,-10,10,2,0,-10,10
10526,3508,2,BB,0,3,False,Td Qh Ad 7s 5h,Qs 6h,93,-93,11,0,-93,93
10527,3509,0,BTN,0,1,False,5h 4c 3s,Kc 6c,60,-60,6,60,-10,-50
10528,3509,1,SB,0,0,False,,9c 5s,-10,10,2,0,-10,10
10529,3509,2,BB,0,1,False,5h 4c 3s,Ts 9d,-20,20,5,0,20,-20
10530,3510,0,BTN,0,1,False,2h 9d Qc,5h 8c,0,0,5,0,120,-120
10531,3510,1,SB,0,3,True,2h 9d Qc Kd Kc,Ts Th,-2000,2000,12,0,-2000,2000
10532,3510,2,BB,0,3,True,2h 9d Qc Kd Kc,Kh 3h,1428.5714285714284,-1428.5714285714284,8,0.0,-1428.5714285714284,1428.5714285714284
10533,3511,0,BTN,0,3,True,Kh 2h Kc 9c Jc,2d 9s,0,0,9,0,1280,-1280
10534,3511,1,SB,0,0,False,,4c Kd,-10,10,2,0,-10,10
10535,3511,2,BB,0,3,True,Kh 2h Kc 9c Jc,5d 2s,-1280,1280,9,0,1280,-1280
10536,3512,0,BTN,0,1,False,Ad 5s 4h,Qd 8s,0,0,5,0,20,-20
10537,3512,1,SB,0,0,False,,Jh 5c,-10,10,2,0,-10,10
10538,3512,2,BB,0,1,False,Ad 5s 4h,6c 3h,-20,20,5,0,20,-20
10539,3513,0,BTN,0,0,False,,5c Js,0,0,4,0,-20,20
10540,3513,1,SB,0,0,False,,3c 9h,-10,10,2,0,-10,10
10541,3513,2,BB,0,2,False,9c 4d 9d Kc,Jh Qc,-80,80,7,0,80,-80
10542,3514,0,BTN,0,2,False,Js 4s Kc Ac,3h Qs,0,0,8,0,-20,20
10543,3514,1,SB,0,0,False,,7h 8s,-10,10,2,0,-10,10
10544,3514,2,BB,0,1,False,Js 4s Kc,3d Ah,20,-20,6,0,-20,20
10545,3515,0,BTN,0,3,True,7s 5h As Ks 7c,4c 4d,60,-60,9,60,-10,-50
10546,3515,1,SB,0,0,False,,5c Tc,-10,10,2,0,-10,10
10547,3515,2,BB,0,1,False,7s 5h As,8c 2h,-20,20,5,0,20,-20
10548,3516,0,BTN,0,3,True,3h 8d 8s Ah 2d,Td 3s,0,0,9,0,1280,-1280
10549,3516,1,SB,0,0,False,,Ac 2s,-10,10,2,0,-10,10
10550,3516,2,BB,0,1,False,3h 8d 8s,3c Jc,-20,20,5,0,20,-20
10551,3517,0,BTN,0,1,False,2h 9h 2s,Jh 7d,0,0,6,0,120,-120
10552,3517,1,SB,0,3,True,2h 9h 2s 5s 4h,Ad 6d,176,-176,13,-88,176,-88
10553,3517,2,BB,0,3,True,2h 9h 2s 5s 4h,8h Kc,-20,20,12,-20,40,-20
10554,3518,0,BTN,0,3,True,Kh 3d Kc Td 3s,4d 3c,0,0,9,0,0,0
10555,3518,1,SB,0,0,False,,6c 5h,-10,10,2,0,-10,10
10556,3518,2,BB,0,1,False,Kh 3d Kc,5c 9c,20,-20,6,0,-20,20
10557,3519,0,BTN,0,1,False,6s Qs 8d,Ad Js,-50,50,5,-50,-10,60
10558,3519,1,SB,0,3,True,6s Qs 8d 4h Ac,5h 7s,-10,10,9,1605,-10,-1595
10559,3519,2,BB,0,3,True,6s Qs 8d 4h Ac,Jh 8c,-470,470,11,-20,490,-470
10560,3520,0,BTN,0,3,True,5h 8s 4s 6h Kd,Jc 6c,100,-100,12,100,-50,-50
10561,3520,1,SB,0,3,True,5h 8s 4s 6h Kd,Tc Jd,-100,100,9,0,-100,100
10562,3520,2,BB,0,3,True,5h 8s 4s 6h Kd,3h 6d,20,-20,9,0,-20,20
10563,3521,0,BTN,0,3,True,Ah 2c 8d 3d 3s,4c 4h,96,-96,10,96,-10,-86
10564,3521,1,SB,0,3,True,Ah 2c 8d 3d 3s,Qs Tc,100,-100,9,0,100,-100
10565,3521,2,BB,0,3,True,Ah 2c 8d 3d 3s,7c Jd,-20,20,9,0,20,-20
10566,3522,0,BTN,0,1,False,8c 2h 2c,7d Qc,0,0,5,0,20,-20
10567,3522,1,SB,0,0,False,,8d 5h,-10,10,2,0,-10,10
10568,3522,2,BB,0,1,False,8c 2h 2c,6d 3c,-20,20,5,0,20,-20
10569,3523,0,BTN,0,2,False,Kd 9d Tc Th,7c 8c,-215,215,7,-215,-10,225
10570,3523,1,SB,0,0,False,,5d 3h,-10,10,4,-20,-10,30
10571,3523,2,BB,0,3,True,Kd 9d Tc Th Js,8s Ks,-270,270,12,290,-20,-270
10572,3524,0,BTN,0,3,True,Ts 2h 6h 9h Kh,Qh As,2050,-2050,16,2050,-50,-2000
10573,3524,1,SB,0,3,False,Ts 2h 6h 9h Kh,8d 8c,-240,240,11,0,-240,240
10574,3524,2,BB,0,3,True,Ts 2h 6h 9h Kh,8h 9c,742,-742,10,0,-742,742
10575,3525,0,BTN,0,3,True,Ah 4c Jh 9h 7h,8h 3c,0,0,9,0,-20,20
10576,3525,1,SB,0,2,False,Ah 4c Jh 9h,8s Qs,60,-60,7,0,60,-60
10577,3525,2,BB,0,3,True,Ah 4c Jh 9h 7h,Ks 2c,20,-20,9,0,-20,20
10578,3526,0,BTN,0,1,False,8c Ac 2h,2s Kh,0,0,5,0,20,-20
10579,3526,1,SB,0,2,False,8c Ac 2h 8h,Ad Qc,100,-100,7,0,100,-100
10580,3526,2,BB,0,1,False,8c Ac 2h,3c 5s,-20,20,5,0,20,-20
10581,3527,0,BTN,0,3,True,Jc Kh 2h Jh 8s,Ac Ad,757,-757,12,757,-737,-20
10582,3527,1,SB,0,0,False,,As 7s,-240,240,5,260,-240,-20
10583,3527,2,BB,0,3,True,Jc Kh 2h Jh 8s,4c 2c,-20,20,11,1570,-1550,-20
10584,3528,0,BTN,0,1,False,6c Qd 8c,7s Kh,0,0,6,0,120,-120
10585,3528,1,SB,0,3,True,6c Qd 8c 9h 3d,8h Th,108,-108,10,-88,108,-20
10586,3528,2,BB,0,3,True,6c Qd 8c 9h 3d,4d Ks,-20,20,12,-20,40,-20
10587,3529,0,BTN,0,2,False,Th 7d 6d 4h,9s Qd,-275,275,8,-275,325,-50
10588,3529,1,SB,0,3,False,Th 7d 6d 4h 6c,9d 9c,100,-100,9,0,100,-100
10589,3529,2,BB,0,1,False,Th 7d 6d,3d Qh,-20,20,5,0,20,-20
10590,3530,0,BTN,0,3,True,8d 2d Ac 5h Tc,Kd Ah,-1790.0,1790.0,8,-1790.0,-1970.0,3760.0
10591,3530,1,SB,0,3,True,8d 2d Ac 5h Tc,As Qd,-1618.1,1618.1,9,1638.1,-1618.1,-20.0
10592,3530,2,BB,0,3,True,8d 2d Ac 5h Tc,2h 2c,3760.0,-3760.0,10,-1790.0,-1970.0,3760.0
10593,3531,0,BTN,0,3,False,2s Kc 2c 5s Th,3c Kd,0,0,10,0,480,-480
10594,3531,1,SB,0,0,False,,5d Qs,-10,10,2,0,-10,10
10595,3531,2,BB,0,2,False,2s Kc 2c 5s,Qh 6c,-20,20,7,0,20,-20
10596,3532,0,BTN,0,0,False,,6c 4s,0,0,4,0,-20,20
10597,3532,1,SB,0,1,False,9s Ad Qs,7d 8s,-100,100,6,0,-100,100
10598,3532,2,BB,0,2,False,9s Ad Qs 3c,Qd Jc,20,-20,8,0,-20,20
10599,3533,0,BTN,0,3,True,7h 2s 9s 4d 3c,2c Ac,142,-142,10,142,-10,-132
10600,3533,1,SB,0,3,True,7h 2s 9s 4d 3c,6d 9d,348,-348,9,0,348,-348
10601,3533,2,BB,0,2,False,7h 2s 9s 4d,Jc Ad,-80,80,7,0,80,-80
10602,3534,0,BTN,0,2,False,5h Qd Ad 7c,3h Kd,0,0,9,0,-80,80
10603,3534,1,SB,0,1,False,5h Qd Ad,9d 6d,-420,420,8,0,-420,420
10604,3534,2,BB,0,3,False,5h Qd Ad 7c Th,Ac 5c,186,-186,12,0,-186,186
10605,3535,0,BTN,0,3,True,4h 2d Ac 2c Th,Js Ks,-215,215,9,-215,-10,225
10606,3535,1,SB,0,3,True,4h 2d Ac 2c Th,6d Qc,-10,10,9,-95,-10,105
10607,3535,2,BB,0,3,True,4h 2d Ac 2c Th,Td 6c,40,-40,12,-20,-20,40
10608,3536,0,BTN,0,3,True,Kh 7d 2c Ks As,7c 8d,0,0,10,0,120,-120
10609,3536,1,SB,0,0,False,,3s Qh,-10,10,2,0,-10,10
10610,3536,2,BB,0,3,True,Kh 7d 2c Ks As,3h 4h,-150,150,11,0,150,-150
10611,3537,0,BTN,0,2,False,2c 4s Kh Qd,6h 7s,0,0,8,0,-20,20
10612,3537,1,SB,0,2,False,2c 4s Kh Qd,7h 5h,-250,250,8,0,-250,250
10613,3537,2,BB,0,2,False,2c 4s Kh Qd,Qs 5d,20,-20,8,0,-20,20
10614,3538,0,BTN,0,3,True,7d Tc 9c Js Jh,5d Jc,0,0,10,0,-120,120
10615,3538,1,SB,0,0,False,,6h 5s,-10,10,2,0,-10,10
10616,3538,2,BB,0,1,False,7d Tc 9c,3c Ac,20,-20,6,0,-20,20
10617,3539,0,BTN,0,1,False,2s 4c 6d,8d Ks,-50,50,5,-50,-10,60
10618,3539,1,SB,0,0,False,,2c 9h,-10,10,2,0,-10,10
10619,3539,2,BB,0,3,True,2s 4c 6d Td 6c,3s 5d,248,-248,12,0,-248,248
10620,3540,0,BTN,0,0,False,,2h 6s,0,0,4,0,-20,20
10621,3540,1,SB,0,0,False,,7c 8h,-10,10,2,0,-10,10
10622,3540,2,BB,0,3,True,3h 4d 5h Qd 3d,Kd 4c,20,-20,9,0,-20,20
10623,3541,0,BTN,0,0,False,,3h 6h,0,0,4,0,-20,20
10624,3541,1,SB,0,0,False,,Tc 4c,-10,10,2,0,-10,10
10625,3541,2,BB,0,3,True,Td Kh 3c Qs 9c,Kc Qc,1809.5238095238096,-1809.5238095238096,9,0.0,-1809.5238095238096,1809.5238095238096
10626,3542,0,BTN,0,3,True,Jd Ks 7d 5s 4d,Qs As,-1315,1315,9,-1315,-10,1325
10627,3542,1,SB,0,3,True,Jd Ks 7d 5s 4d,Td 6s,-10,10,10,-1895,-10,1905
10628,3542,2,BB,0,3,True,Jd Ks 7d 5s 4d,6d 7h,40,-40,12,-20,-20,40
10629,3543,0,BTN,0,3,False,Qc 4h 9d 4s 7c,9s 7s,88,-88,10,88,-10,-78
10630,3543,1,SB,0,0,False,,Td Qd,40,-40,4,-20,40,-20
10631,3543,2,BB,0,3,True,Qc 4h 9d 4s 7c,8c Jh,-20,20,11,-1694,1714,-20
10632,3544,0,BTN,0,3,True,2s 4h 4s As 5d,Jc 5c,100,-100,12,100,-50,-50
10633,3544,1,SB,0,0,False,,8s 7d,-10,10,2,0,-10,10
10634,3544,2,BB,0,1,False,2s 4h 4s,Ks Qc,20,-20,6,0,-20,20
10635,3545,0,BTN,0,3,True,Qd 7d 5c 3s 7h,As 6c,60,-60,9,60,-10,-50
10636,3545,1,SB,0,0,False,,8d 4d,-10,10,2,0,-10,10
10637,3545,2,BB,0,3,True,Qd 7d 5c 3s 7h,9c 2d,20,-20,9,0,-20,20
10638,3546,0,BTN,0,2,False,3s Ah 6s Qh,2d 5c,0,0,8,0,120,-120
10639,3546,1,SB,0,0,False,,Qc 2h,-10,10,2,0,-10,10
10640,3546,2,BB,0,2,False,3s Ah 6s Qh,7d Kd,-20,20,7,0,20,-20
10641,3547,0,BTN,0,0,False,,2d Kh,0,0,4,0,-20,20
10642,3547,1,SB,0,0,False,,4d 8c,-10,10,2,0,-10,10
10643,3547,2,BB,0,1,False,5s Jh As,Jd Ad,20,-20,6,0,-20,20
10644,3548,0,BTN,0,2,False,6d 2s 2c Jd,Qd 7h,0,0,7,0,20,-20
10645,3548,1,SB,0,3,False,6d 2s 2c Jd 2d,Kd Jc,100,-100,9,0,100,-100
10646,3548,2,BB,0,2,False,6d 2s 2c Jd,Tc 4h,-20,20,7,0,20,-20
10647,3549,0,BTN,0,3,False,3h 8s 5s Jd 9s,Ac 4s,-543,543,10,-543,-10,553
10648,3549,1,SB,0,0,False,,3s Kh,-10,10,2,0,-10,10
10649,3549,2,BB,0,3,True,3h 8s 5s Jd 9s,Ts 5h,40,-40,9,0,-40,40
10650,3550,0,BTN,0,3,True,3c 5c Jd 4d Ad,Th Jc,-1513,1513,11,-1513,1788,-275
10651,3550,1,SB,0,3,True,3c 5c Jd 4d Ad,Qc Qh,1142.8571428571427,-1142.857142857143,10,0.0,1142.8571428571427,-1142.857142857143
10652,3550,2,BB,0,3,True,3c 5c Jd 4d Ad,5s As,-1160.0,1160.0,8,0.0,1160.0,-1160.0
10653,3551,0,BTN,0,1,False,4s Jd Ad,6c 2s,0,0,5,0,20,-20
10654,3551,1,SB,0,0,False,,As Qs,20,-20,3,0,20,-20
10655,3551,2,BB,0,1,False,4s Jd Ad,9c 2h,-20,20,5,0,20,-20
10656,3552,0,BTN,0,3,True,Kd Qh 6c 2s Qs,3c 7h,0,0,9,0,20,-20
10657,3552,1,SB,0,1,False,Kd Qh 6c,Th Js,60,-60,5,0,60,-60
10658,3552,2,BB,0,1,False,Kd Qh 6c,5s 8c,-20,20,5,0,20,-20
10659,3553,0,BTN,0,3,True,Kc 3c 5d 6c 3d,Ad Tc,-1910,1910,9,-1910,1930,-20
10660,3553,1,SB,0,1,False,Kc 3c 5d,Kd Js,60,-60,5,0,60,-60
10661,3553,2,BB,0,1,False,Kc 3c 5d,2c 7h,-20,20,5,0,20,-20
10662,3554,0,BTN,0,3,True,Tc 2c Ah 9s 2d,7d Qs,0,0,11,0,0,0
10663,3554,1,SB,0,0,False,,3s Jh,-10,10,2,0,-10,10
10664,3554,2,BB,0,3,True,Tc 2c Ah 9s 2d,4c Jc,0,0,9,0,0,0
10665,3555,0,BTN,0,1,False,5c As 7s,8h 3s,0,0,5,0,120,-120
10666,3555,1,SB,0,3,True,5c As 7s 7c Js,Ks Ac,2000,-2000,11,0,2000,-2000
10667,3555,2,BB,0,0,False,,Jc 2d,-20,20,3,0,20,-20
10668,3556,0,BTN,0,1,False,9d As 5d,2s 4d,0,0,5,0,20,-20
10669,3556,1,SB,0,0,False,,5s 3s,-10,10,2,0,-10,10
10670,3556,2,BB,0,1,False,9d As 5d,2d Tc,-20,20,5,0,20,-20
10671,3557,0,BTN,0,3,False,3h 3c 8s Js 7d,4h 7c,0,0,9,0,80,-80
10672,3557,1,SB,0,3,False,3h 3c 8s Js 7d,Tc Jh,150,-150,9,0,150,-150
10673,3557,2,BB,0,3,False,3h 3c 8s Js 7d,Qd Th,-320,320,10,0,320,-320
10674,3558,0,BTN,0,3,True,8s Kd 7s Kh Th,As 7d,-1535,1535,10,-1535,-10,1545
10675,3558,1,SB,0,0,False,,3s 2h,-10,10,2,0,-10,10
10676,3558,2,BB,0,2,False,8s Kd 7s Kh,8c Ac,20,-20,8,0,-20,20
10677,3559,0,BTN,0,3,True,2c 7d 3d 9c Ad,Th 4h,0,0,10,0,-1520,1520
10678,3559,1,SB,0,0,False,,3s Jc,-10,10,2,0,-10,10
10679,3559,2,BB,0,3,True,2c 7d 3d 9c Ad,2d 7c,1523.8095238095239,-1523.8095238095239,9,0.0,-1523.8095238095239,1523.8095238095239
10680,3560,0,BTN,0,1,False,7c Jh 4c,8d 7s,0,0,6,0,-20,20
10681,3560,1,SB,0,2,False,7c Jh 4c Qc,8s 6s,-240,240,9,0,-240,240
10682,3560,2,BB,0,1,False,7c Jh 4c,3c 6c,20,-20,6,0,-20,20
10683,3561,0,BTN,0,3,True,Qs 6d 4s Ah 5s,9d 2d,0,0,9,0,20,-20
10684,3561,1,SB,0,0,False,,Jh 8d,-10,10,2,0,-10,10
10685,3561,2,BB,0,3,True,Qs 6d 4s Ah 5s,2c 7d,-20,20,9,0,20,-20
10686,3562,0,BTN,0,3,False,7d Qh 9h Kd 5s,Qd 9c,232,-232,12,232,-10,-222
10687,3562,1,SB,0,0,False,,4s Ac,-10,10,2,0,-10,10
10688,3562,2,BB,0,3,True,7d Qh 9h Kd 5s,3h Jd,-20,20,9,0,20,-20
10689,3563,0,BTN,0,2,False,3h 4d 8s Qc,5c 6s,0,0,7,0,20,-20
10690,3563,1,SB,0,1,False,3h 4d 8s,Td Qd,60,-60,5,0,60,-60
10691,3563,2,BB,0,2,False,3h 4d 8s Qc,9s 5h,-20,20,7,0,20,-20
10692,3564,0,BTN,0,3,True,Ad 7h Ks Kh Kd,7d Qs,0,0,10,0,-480,480
10693,3564,1,SB,0,0,False,,Qd 4c,-10,10,2,0,-10,10
10694,3564,2,BB,0,3,True,Ad 7h Ks Kh Kd,2d 2s,80,-80,9,0,-80,80
10695,3565,0,BTN,0,3,True,Kc Td 4h Js 4c,9d 5s,0,0,9,0,20,-20
10696,3565,1,SB,0,0,False,,Qs 8h,-10,10,2,0,-10,10
10697,3565,2,BB,0,3,True,Kc Td 4h Js 4c,8c 2s,-20,20,9,0,20,-20
10698,3566,0,BTN,0,3,True,9s 6c 4s 6s 8s,Th 9h,70,-70,9,70,-50,-20
10699,3566,1,SB,0,2,False,9s 6c 4s 6s,Ah Jc,-100,100,8,0,-100,100
10700,3566,2,BB,0,3,True,9s 6c 4s 6s 8s,2d 6h,46,-46,10,0,-46,46
10701,3567,0,BTN,0,1,False,Ks 5h 5s,Th 3s,0,0,5,0,20,-20
10702,3567,1,SB,0,3,True,Ks 5h 5s 9h Qd,7s As,60,-60,9,0,60,-60
10703,3567,2,BB,0,1,False,Ks 5h 5s,6s 8d,-170,170,7,0,170,-170
10704,3568,0,BTN,0,1,False,8h Qd 3h,4s 5h,0,0,7,0,-120,120
10705,3568,1,SB,0,0,False,,2s Jd,-10,10,2,0,-10,10
10706,3568,2,BB,0,1,False,8h Qd 3h,6h Qs,20,-20,6,0,-20,20
10707,3569,0,BTN,0,3,False,Ts Jh 9d Ad 2c,4d Kd,-50,50,12,-50,-425,475
10708,3569,1,SB,0,0,False,,7h Ks,-10,10,2,0,-10,10
10709,3569,2,BB,0,3,True,Ts Jh 9d Ad 2c,Qs Tc,186,-186,11,0,-186,186
10710,3570,0,BTN,0,3,False,3c 6h Qc 4s Js,9h Ac,-50,50,13,-50,-50,100
10711,3570,1,SB,0,3,False,3c 6h Qc 4s Js,5s Kd,-10,10,10,-40,-10,50
10712,3570,2,BB,0,3,False,3c 6h Qc 4s Js,Jh 9d,40,-40,13,-20,-20,40
10713,3571,0,BTN,0,3,True,9h Jd 3d 5d 2h,Kc 5h,0,0,11,0,-1920,1920
10714,3571,1,SB,0,3,True,9h Jd 3d 5d 2h,Kd Ac,-1680,1680,12,0,-1680,1680
10715,3571,2,BB,0,3,True,9h Jd 3d 5d 2h,Js Qh,970,-970,11,0,-970,970
10716,3572,0,BTN,0,2,False,Ts Ac 5d 3h,4c 4s,96,-96,9,96,-10,-86
10717,3572,1,SB,0,0,False,,6s 2c,-10,10,2,0,-10,10
10718,3572,2,BB,0,3,True,Ts Ac 5d 3h Jd,9s 7h,20,-20,9,0,-20,20
10719,3573,0,BTN,0,3,False,2c Qs 5d 3h 4h,Js Tc,-50,50,13,-50,-50,100
10720,3573,1,SB,0,3,False,2c Qs 5d 3h 4h,Jc Kd,-60,60,10,0,-60,60
10721,3573,2,BB,0,3,False,2c Qs 5d 3h 4h,6s 8c,150,-150,12,0,-150,150
10722,3574,0,BTN,0,3,False,Tc 6d Jd 4h 7h,8d 2c,0,0,10,0,-20,20
10723,3574,1,SB,0,0,False,,3s Kc,-10,10,2,0,-10,10
10724,3574,2,BB,0,3,True,Tc 6d Jd 4h 7h,7s Ac,20,-20,9,0,-20,20
10725,3575,0,BTN,0,1,False,Jc 4s 9c,5h Qd,0,0,7,0,-120,120
10726,3575,1,SB,0,1,False,Jc 4s 9c,Qh 3h,-100,100,6,0,-100,100
10727,3575,2,BB,0,1,False,Jc 4s 9c,4h 4d,20,-20,6,0,-20,20
10728,3576,0,BTN,0,1,False,Ad Qs 4s,Js 5c,0,0,5,0,20,-20
10729,3576,1,SB,0,3,True,Ad Qs 4s 8c 2c,Ac 3c,580,-580,9,0,580,-580
10730,3576,2,BB,0,1,False,Ad Qs 4s,8h 7s,-20,20,5,0,20,-20
10731,3577,0,BTN,0,2,False,4c 9d 3h 3s,2s Tc,0,0,8,0,-20,20
10732,3577,1,SB,0,0,False,,8h Qh,20,-20,3,0,20,-20
10733,3577,2,BB,0,1,False,4c 9d 3h,Td 4d,20,-20,6,0,-20,20
10734,3578,0,BTN,0,3,True,7h 4s 9s 9d 8h,5c 8s,0,0,9,0,1920,-1920
10735,3578,1,SB,0,3,True,7h 4s 9s 9d 8h,Ks Kc,209,-209,10,0,209,-209
10736,3578,2,BB,0,0,False,,6s Ad,-240,240,5,0,240,-240
10737,3579,0,BTN,0,1,False,6d 7c 5s,7d 5c,0,0,7,0,-120,120
10738,3579,1,SB,0,1,False,6d 7c 5s,Jd Ks,-60,60,6,0,-60,60
10739,3579,2,BB,0,3,False,6d 7c 5s 6h 3c,4c 3h,107,-107,12,0,-107,107
10740,3580,0,BTN,0,3,True,6h 8h Ks 3c Jd,Th 2h,0,0,9,0,1280,-1280
10741,3580,1,SB,0,3,True,6h 8h Ks 3c Jd,8c 6c,580,-580,9,0,580,-580
10742,3580,2,BB,0,3,True,6h 8h Ks 3c Jd,6d 4h,-1280,1280,9,0,1280,-1280
10743,3581,0,BTN,0,2,False,7d 8h 9s Ad,Jc Ks,-380,380,8,-380,-10,390
10744,3581,1,SB,0,3,True,7d 8h 9s Ad 9c,Ts 7c,-10,10,9,-1595,-10,1605
10745,3581,2,BB,0,3,True,7d 8h 9s Ad 9c,6c Ah,710,-710,13,-20,-690,710
10746,3582,0,BTN,0,0,False,,6h 7d,0,0,4,0,-20,20
10747,3582,1,SB,0,0,False,,7c Td,-10,10,2,0,-10,10
10748,3582,2,BB,0,1,False,Js Tc Jc,6s Qs,-20,20,5,0,20,-20
10749,3583,0,BTN,0,3,True,8s Th 5h Tc 2s,4c Jh,0,0,11,0,-180,180
10750,3583,1,SB,0,0,False,,7d Qc,-10,10,2,0,-10,10
10751,3583,2,BB,0,1,False,8s Th 5h,Qd Ks,20,-20,6,0,-20,20
10752,3584,0,BTN,0,3,True,Qd 7c 4d 8c Tc,Ah 5s,-1535,1535,10,-1535,-10,1545
10753,3584,1,SB,0,0,False,,8d 3c,-10,10,2,0,-10,10
10754,3584,2,BB,0,3,True,Qd 7c 4d 8c Tc,7h 5d,-320,320,9,0,320,-320
10755,3585,0,BTN,0,3,True,5s Jh 3d 8d 3h,2h 7c,0,0,9,0,120,-120
10756,3585,1,SB,0,3,True,5s Jh 3d 8d 3h,Ad Kh,100,-100,9,0,100,-100
10757,3585,2,BB,0,0,False,,As 6d,-240,240,5,0,240,-240
10758,3586,0,BTN,0,2,False,Jh 7c Qd 9d,4h 4d,-50,50,7,-50,-10,60
10759,3586,1,SB,0,0,False,,6c 7h,-10,10,2,0,-10,10
10760,3586,2,BB,0,3,True,Jh 7c Qd 9d 2c,8h Ts,186,-186,10,0,-186,186
10761,3587,0,BTN,0,3,True,9c Jh 6s Ac Ad,2d Qc,0,0,9,0,-20,20
10762,3587,1,SB,0,0,False,,5c Ts,-10,10,2,0,-10,10
10763,3587,2,BB,0,1,False,9c Jh 6s,Qd 8s,20,-20,6,0,-20,20
10764,3588,0,BTN,0,3,True,Jh 7h Ks As 2d,9d Kc,-2000,2000,12,-2000,2275,-275
10765,3588,1,SB,0,3,True,Jh 7h Ks As 2d,7c Jd,-10,10,10,1905,-10,-1895
10766,3588,2,BB,0,3,True,Jh 7h Ks As 2d,3h 7s,-20,20,12,-1910,1930,-20
10767,3589,0,BTN,0,3,True,7s Kc 2d Ts 4h,Jd 8h,0,0,9,0,20,-20
10768,3589,1,SB,0,0,False,,Ah 3d,-10,10,2,0,-10,10
10769,3589,2,BB,0,3,True,7s Kc 2d Ts 4h,6c 5d,-40,40,9,0,40,-40
10770,3590,0,BTN,0,3,True,7c 9h Td 2h 6d,9s 5c,0,0,9,0,-1280,1280
10771,3590,1,SB,0,3,True,7c 9h Td 2h 6d,Qh Ts,-804,804,11,0,-804,804
10772,3590,2,BB,0,3,True,7c 9h Td 2h 6d,Qd 8d,2000,-2000,10,0,-2000,2000
10773,3591,0,BTN,0,3,True,Qs 2c 2h 7h 9d,As 5s,-1639,1639,10,-1639,-10,1649
10774,3591,1,SB,0,0,False,,Ts 5d,-10,10,2,0,-10,10
10775,3591,2,BB,0,3,True,Qs 2c 2h 7h 9d,7d Kd,20,-20,9,0,-20,20
10776,3592,0,BTN,0,0,False,,2s 9c,0,0,4,0,-20,20
10777,3592,1,SB,0,0,False,,9s 4h,-10,10,2,0,-10,10
10778,3592,2,BB,0,3,False,Jd 3s 2h Qh Td,Th Ad,20,-20,10,0,-20,20
10779,3593,0,BTN,0,1,False,Jd Ad Qc,9h 9s,60,-60,6,60,-10,-50
10780,3593,1,SB,0,1,False,Jd Ad Qc,7c 3s,-10,10,6,30,-10,-20
10781,3593,2,BB,0,3,True,Jd Ad Qc Ts 5h,4s 6s,-20,20,12,40,-20,-20
10782,3594,0,BTN,0,3,True,7h 2d Kh 4s Jc,4h As,88,-88,9,88,-10,-78
10783,3594,1,SB,0,0,False,,6d Th,-10,10,2,0,-10,10
10784,3594,2,BB,0,3,True,7h 2d Kh 4s Jc,6c Ac,20,-20,9,0,-20,20
10785,3595,0,BTN,0,2,False,9d Ts As 4d,3d Tc,0,0,7,0,80,-80
10786,3595,1,SB,0,0,False,,9s 5c,-10,10,2,0,-10,10
10787,3595,2,BB,0,2,False,9d Ts As 4d,6s 8c,-80,80,7,0,80,-80
10788,3596,0,BTN,0,3,True,4d 2c Js Td 6d,8s 2d,0,0,10,0,1920,-1920
10789,3596,1,SB,0,0,False,,Jd 4s,-10,10,2,0,-10,10
10790,3596,2,BB,0,3,True,4d 2c Js Td 6d,Th Ad,-2000,2000,10,0,2000,-2000
10791,3597,0,BTN,0,2,False,Jd Kc 9s Qh,Jc 3d,0,0,7,0,20,-20
10792,3597,1,SB,0,0,False,,Ts 3c,-10,10,2,0,-10,10
10793,3597,2,BB,0,2,False,Jd Kc 9s Qh,3s 7s,-20,20,7,0,20,-20
10794,3598,0,BTN,0,1,False,Jh Jd 2c,9c 3h,0,0,5,0,20,-20
10795,3598,1,SB,0,3,True,Jh Jd 2c Qs 2d,8h Ac,60,-60,9,0,60,-60
10796,3598,2,BB,0,1,False,Jh Jd 2c,4s 6c,-20,20,5,0,20,-20
10797,3599,0,BTN,0,0,False,,Qs 2s,0,0,3,0,20,-20
10798,3599,1,SB,0,3,False,Ts 2c 3s Qc Jc,Kc Ks,60,-60,9,0,60,-60
10799,3599,2,BB,0,3,True,Ts 2c 3s Qc Jc,8h 7h,-1440,1440,11,0,1440,-1440
10800,3600,0,BTN,0,3,False,2c Td Jc Qs 9h,6h 6s,-275,275,11,-275,325,-50
10801,3600,1,SB,0,3,False,2c Td Jc Qs 9h,Kh 9s,350,-350,12,-262,350,-88
10802,3600,2,BB,0,3,False,2c Td Jc Qs 9h,Ah 9c,-20,20,11,-110,130,-20
10803,3601,0,BTN,0,1,False,Kd 4s 5c,5d 2d,0,0,6,0,-20,20
10804,3601,1,SB,0,3,True,Kd 4s 5c Jh 6c,8s 9s,-250,250,9,0,-250,250
10805,3601,2,BB,0,1,False,Kd 4s 5c,As 3c,20,-20,6,0,-20,20
10806,3602,0,BTN,0,3,True,2c 2d 9h 4h 5h,7c 8h,0,0,10,0,1920,-1920
10807,3602,1,SB,0,0,False,,2h Qs,-10,10,2,0,-10,10
10808,3602,2,BB,0,1,False,2c 2d 9h,Kc Ts,-170,170,7,0,170,-170
10809,3603,0,BTN,0,1,False,Qh 9s 3c,3d Th,0,0,6,0,-20,20
10810,3603,1,SB,0,1,False,Qh 9s 3c,4d 5d,-100,100,6,0,-100,100
10811,3603,2,BB,0,2,False,Qh 9s 3c Ah,Qs 8c,20,-20,8,0,-20,20
10812,3604,0,BTN,0,0,False,,3h 2s,0,0,4,0,-20,20
10813,3604,1,SB,0,0,False,,9c 7h,-10,10,2,0,-10,10
10814,3604,2,BB,0,3,True,5h 7c Ad Jh 9h,Ac Ts,-2000,2000,10,0,2000,-2000
10815,3605,0,BTN,0,3,True,Ks 5d 4c Td Qs,2h Ah,60,-60,9,60,-10,-50
10816,3605,1,SB,0,0,False,,Tc 3d,-10,10,2,0,-10,10
10817,3605,2,BB,0,2,False,Ks 5d 4c Td,Jh 8s,-20,20,7,0,20,-20
10818,3606,0,BTN,0,3,True,Ad 3h 3d Td 9h,Kc 5c,232,-232,11,232,-10,-222
10819,3606,1,SB,0,0,False,,8h 3s,-10,10,2,0,-10,10
10820,3606,2,BB,0,1,False,Ad 3h 3d,2s Js,-20,20,5,0,20,-20
10821,3607,0,BTN,0,1,False,6h Ad Qs,6s Jd,0,0,5,0,20,-20
10822,3607,1,SB,0,0,False,,2s Ah,-10,10,2,0,-10,10
10823,3607,2,BB,0,1,False,6h Ad Qs,3s 7s,-20,20,5,0,20,-20
10824,3608,0,BTN,0,3,True,As 2d Jc 4s Kh,8d 6s,0,0,9,0,-20,20
10825,3608,1,SB,0,0,False,,7h 3h,-10,10,2,0,-10,10
10826,3608,2,BB,0,3,True,As 2d Jc 4s Kh,4c Td,20,-20,9,0,-20,20
10827,3609,0,BTN,0,3,True,4s 5h 4c Ac 9s,9h Ah,892.8571428571427,-892.8571428571429,12,892.8571428571427,-842.8571428571429,-50.0
10828,3609,1,SB,0,3,True,4s 5h 4c Ac 9s,8s Ad,-851.4285714285713,851.4285714285716,11,871.4285714285716,-851.4285714285713,-20.0
10829,3609,2,BB,0,3,True,4s 5h 4c Ac 9s,2h Kc,-20,20,13,1930,-1910,-20
10830,3610,0,BTN,0,3,True,Kh 4h 6h 8s Th,3c 6s,0,0,9,0,80,-80
10831,3610,1,SB,0,0,False,,5d 8c,-10,10,2,0,-10,10
10832,3610,2,BB,0,3,True,Kh 4h 6h 8s Th,7s 4c,-80,80,9,0,80,-80
10833,3611,0,BTN,0,3,True,Qc 6c 8h 9h Ts,8c 4c,0,0,9,0,80,-80
10834,3611,1,SB,0,0,False,,3h 9d,-10,10,2,0,-10,10
10835,3611,2,BB,0,3,True,Qc 6c 8h 9h Ts,6d 3c,-80,80,9,0,80,-80
10836,3612,0,BTN,0,3,True,Ac 2h 4d 9h Jc,8s 7h,0,0,12,0,-1920,1920
10837,3612,1,SB,0,2,False,Ac 2h 4d 9h,Ks Qh,-100,100,8,0,-100,100
10838,3612,2,BB,0,3,True,Ac 2h 4d 9h Jc,4h Kc,40,-40,9,0,-40,40
10839,3613,0,BTN,0,1,False,2h 4s 9c,3c 5d,0,0,6,0,-20,20
10840,3613,1,SB,0,0,False,,6c Th,-10,10,2,0,-10,10
10841,3613,2,BB,0,1,False,2h 4s 9c,Ac 4d,20,-20,6,0,-20,20
10842,3614,0,BTN,0,1,False,6s 8h 4d,7s 2c,0,0,5,0,20,-20
10843,3614,1,SB,0,3,True,6s 8h 4d 2d As,6h Kh,100,-100,9,0,100,-100
10844,3614,2,BB,0,1,False,6s 8h 4d,Jc 3s,-20,20,5,0,20,-20
10845,3615,0,BTN,0,1,False,Ac 9c 7s,4c 8c,0,0,6,0,-20,20
10846,3615,1,SB,0,0,False,,5h Jc,-10,10,2,0,-10,10
10847,3615,2,BB,0,2,False,Ac 9c 7s 3s,9s Ad,20,-20,8,0,-20,20
10848,3616,0,BTN,0,3,False,6c 9c 3h 6h 7h,6d 2s,0,0,9,0,20,-20
10849,3616,1,SB,0,0,False,,7d Tc,-10,10,2,0,-10,10
10850,3616,2,BB,0,3,False,6c 9c 3h 6h 7h,Td 4h,-20,20,9,0,20,-20
10851,3617,0,BTN,0,3,True,Ah 6d 3d Js Kh,2d Ts,0,0,11,0,1920,-1920
10852,3617,1,SB,0,2,False,Ah 6d 3d Js,Td Qs,-250,250,8,0,-250,250
10853,3617,2,BB,0,3,True,Ah 6d 3d Js Kh,Qh Jd,-240,240,10,0,240,-240
10854,3618,0,BTN,0,2,False,Kd 5h 3h 2s,3s 6s,0,0,7,0,20,-20
10855,3618,1,SB,0,3,True,Kd 5h 3h 2s 7c,2h 2c,2000,-2000,11,0,2000,-2000
10856,3618,2,BB,0,2,False,Kd 5h 3h 2s,7s Qs,-20,20,7,0,20,-20
10857,3619,0,BTN,0,3,True,7d 6h 2d 8c 2s,9h 3d,0,0,10,0,-120,120
10858,3619,1,SB,0,3,True,7d 6h 2d 8c 2s,Qs Ts,-60,60,9,0,-60,60
10859,3619,2,BB,0,3,True,7d 6h 2d 8c 2s,Qh Jc,20,-20,9,0,-20,20
10860,3620,0,BTN,0,0,False,,5h Td,0,0,4,0,-20,20
10861,3620,1,SB,0,0,False,,3d 8c,-10,10,2,0,-10,10
10862,3620,2,BB,0,2,False,8d Qs 6d Qh,Ts Kd,-80,80,7,0,80,-80
10863,3621,0,BTN,0,3,True,Ad Qs 6d Qc 7h,As Qh,2050,-2050,14,2050,-2000,-50
10864,3621,1,SB,0,0,False,,Kh 7s,-10,10,2,0,-10,10
10865,3621,2,BB,0,3,False,Ad Qs 6d Qc 7h,Js 5h,-20,20,9,0,20,-20
10866,3622,0,BTN,0,3,True,9h 7d Jh 7h Qd,4h Ts,0,0,10,0,-1920,1920
10867,3622,1,SB,0,0,False,,Jc 6d,-10,10,2,0,-10,10
10868,3622,2,BB,0,3,True,9h 7d Jh 7h Qd,Kd 7c,742,-742,10,0,-742,742
10869,3623,0,BTN,0,3,True,7d Kc 7c 2h 7s,5s Th,0,0,10,0,120,-120
10870,3623,1,SB,0,2,False,7d Kc 7c 2h,9c Qh,100,-100,7,0,100,-100
10871,3623,2,BB,0,3,True,7d Kc 7c 2h 7s,3c 4c,-150,150,11,0,150,-150
10872,3624,0,BTN,0,1,False,5h 5d Ac,3h 2h,0,0,5,0,20,-20
10873,3624,1,SB,0,0,False,,Qs As,20,-20,3,0,20,-20
10874,3624,2,BB,0,2,False,5h 5d Ac Ks,4h Th,-80,80,7,0,80,-80
10875,3625,0,BTN,0,1,False,Ks 3s 2s,Qd 2h,0,0,6,0,-20,20
10876,3625,1,SB,0,0,False,,Th 6d,-10,10,2,0,-10,10
10877,3625,2,BB,0,1,False,Ks 3s 2s,As 6h,20,-20,6,0,-20,20
10878,3626,0,BTN,0,0,False,,5s 2s,0,0,3,0,20,-20
10879,3626,1,SB,0,3,True,4c 2c 9h 8s Th,Kd Ks,1523.8095238095239,-1523.8095238095239,10,0.0,1523.8095238095239,-1523.8095238095239
10880,3626,2,BB,0,3,True,4c 2c 9h 8s Th,9s 3s,-1523.8095238095239,1523.8095238095239,10,0.0,1523.8095238095239,-1523.8095238095239
10881,3627,0,BTN,0,3,True,7d Jc As 2d Jh,2h Ac,0,0,9,0,1920,-1920
10882,3627,1,SB,0,1,False,7d Jc As,7s 7h,-60,60,6,0,-60,60
10883,3627,2,BB,0,3,True,7d Jc As 2d Jh,Kh Qc,-1920,1920,9,0,1920,-1920
10884,3628,0,BTN,0,0,False,,Jc Th,-50,50,4,-50,-10,60
10885,3628,1,SB,0,0,False,,4h 7h,-10,10,2,0,-10,10
10886,3628,2,BB,0,3,True,2h Ts Js Jd 5d,Ac Kd,20,-20,9,0,-20,20
10887,3629,0,BTN,0,3,True,Ts 8c 7h 3d Jd,Qh Ks,60,-60,9,60,-10,-50
10888,3629,1,SB,0,3,True,Ts 8c 7h 3d Jd,7c 2c,-10,10,9,30,-10,-20
10889,3629,2,BB,0,3,True,Ts 8c 7h 3d Jd,Kh 2d,-20,20,9,30,-10,-20
10890,3630,0,BTN,0,3,True,8s 3s 5h 4s Qh,6c 2c,0,0,9,0,40,-40
10891,3630,1,SB,0,3,True,8s 3s 5h 4s Qh,Ac 7c,60,-60,9,0,60,-60
10892,3630,2,BB,0,3,True,8s 3s 5h 4s Qh,9d Tc,-20,20,9,0,20,-20
10893,3631,0,BTN,0,3,True,6c 8h 4h 3c 3s,Tc 2d,0,0,9,0,-20,20
10894,3631,1,SB,0,3,True,6c 8h 4h 3c 3s,7c Jc,-60,60,9,0,-60,60
10895,3631,2,BB,0,3,True,6c 8h 4h 3c 3s,Kd 9h,20,-20,9,0,-20,20
10896,3632,0,BTN,0,1,False,3s 6h Kc,4h 7s,0,0,5,0,20,-20
10897,3632,1,SB,0,0,False,,3h 5c,-10,10,2,0,-10,10
10898,3632,2,BB,0,1,False,3s 6h Kc,Qd 5d,-20,20,5,0,20,-20
10899,3633,0,BTN,0,3,True,9s 5d 6d Qs Ac,Tc Qh,323,-323,11,323,-10,-313
10900,3633,1,SB,0,0,False,,3h 9d,-10,10,2,0,-10,10
10901,3633,2,BB,0,1,False,9s 5d 6d,2s Kh,-20,20,5,0,20,-20
10902,3634,0,BTN,0,3,False,3h 6s Js 6c 7s,3s Qs,199,-199,13,199,-50,-149
10903,3634,1,SB,0,3,True,3h 6s Js 6c 7s,Kh 5h,0,0,9,0,0,0
10904,3634,2,BB,0,3,True,3h 6s Js 6c 7s,4d Kc,0,0,9,0,0,0
10905,3635,0,BTN,0,3,True,Qh 7d Qd 3h Ah,2c 3d,0,0,9,0,20,-20
10906,3635,1,SB,0,0,False,,8s 5c,-10,10,2,0,-10,10
10907,3635,2,BB,0,3,True,Qh 7d Qd 3h Ah,2h 6s,-20,20,9,0,20,-20
10908,3636,0,BTN,0,0,False,,2h 8c,0,0,4,0,-20,20
10909,3636,1,SB,0,0,False,,7c 6h,-10,10,2,0,-10,10
10910,3636,2,BB,0,2,False,7h As Th 4c,5d 5h,-80,80,7,0,80,-80
10911,3637,0,BTN,0,3,True,2s 4h 6c 5h 3c,7c 2d,0,0,9,0,320,-320
10912,3637,1,SB,0,0,False,,8h 7h,20,-20,3,0,20,-20
10913,3637,2,BB,0,3,False,2s 4h 6c 5h 3c,9h 4c,-80,80,9,0,80,-80
10914,3638,0,BTN,0,2,False,Kh 7d 5h 3c,9d 8s,-215,215,7,-215,-10,225
10915,3638,1,SB,0,0,False,,5c 2c,-10,10,2,0,-10,10
10916,3638,2,BB,0,3,True,Kh 7d 5h 3c Ah,8h 5s,80,-80,9,0,-80,80
10917,3639,0,BTN,0,3,True,3s 9s 2c 7h 2d,7s 2h,0,0,9,0,20,-20
10918,3639,1,SB,0,0,False,,5h Ks,-10,10,2,0,-10,10
10919,3639,2,BB,0,3,True,3s 9s 2c 7h 2d,Ts 5c,-20,20,9,0,20,-20
10920,3640,0,BTN,0,3,True,Qh 4s 9d 4h Ah,3h Js,0,0,9,0,0,0
10921,3640,1,SB,0,0,False,,8d 5c,-10,10,2,0,-10,10
10922,3640,2,BB,0,3,True,Qh 4s 9d 4h Ah,3c 6c,0,0,9,0,0,0
10923,3641,0,BTN,0,0,False,,6c Kh,0,0,4,0,-20,20
10924,3641,1,SB,0,3,True,Qh 7c Qs 5d Ah,Ts 2c,-10,10,10,-1995,-10,2005
10925,3641,2,BB,0,3,True,Qh 7c Qs 5d Ah,As 9s,63,-63,9,-53,-10,63
10926,3642,0,BTN,0,1,False,6c 8h Jd,Qd Js,-380,380,7,-380,-10,390
10927,3642,1,SB,0,0,False,,Tc 4c,-10,10,2,0,-10,10
10928,3642,2,BB,0,3,False,6c 8h Jd 5c 5d,Kd Jc,46,-46,11,0,-46,46
10929,3643,0,BTN,0,3,True,9d Th 2h 2c 6c,Js 7h,0,0,10,0,-1520,1520
10930,3643,1,SB,0,3,True,9d Th 2h 2c 6c,Kd Jh,578,-578,10,-558,578,-20
10931,3643,2,BB,0,3,True,9d Th 2h 2c 6c,Qs 2s,172,-172,13,-20,-152,172
10932,3644,0,BTN,0,3,True,6d Qc Jc 3s 4s,6c 2s,0,0,9,0,-20,20
10933,3644,1,SB,0,0,False,,Kh 8c,20,-20,3,0,20,-20
10934,3644,2,BB,0,3,True,6d Qc Jc 3s 4s,3d 2h,20,-20,9,0,-20,20
10935,3645,0,BTN,0,3,True,Ad 6h Qs 9s As,9h 9d,1281,-1281,11,1281,-10,-1271
10936,3645,1,SB,0,3,True,Ad 6h Qs 9s As,7s 2s,-10,10,11,1780,-10,-1770
10937,3645,2,BB,0,2,False,Ad 6h Qs 9s,Th Kc,-95,95,9,105,-10,-95
10938,3646,0,BTN,0,1,False,Qc 7c 2c,7s Kc,0,0,5,0,20,-20
10939,3646,1,SB,0,3,True,Qc 7c 2c Td 2s,Jc 9s,-1558,1558,12,1578,-1558,-20
10940,3646,2,BB,0,3,True,Qc 7c 2c Td 2s,8c 4h,-20,20,13,1714,-1694,-20
10941,3647,0,BTN,0,2,False,Kh 8h 4d Qd,4s 3c,0,0,7,0,20,-20
10942,3647,1,SB,0,0,False,,6h Qs,-10,10,2,0,-10,10
10943,3647,2,BB,0,2,False,Kh 8h 4d Qd,7h 9s,-20,20,7,0,20,-20
10944,3648,0,BTN,0,3,True,6s 8c Ad 9c 9s,7s Qh,0,0,9,0,20,-20
10945,3648,1,SB,0,0,False,,5d Jh,-10,10,2,0,-10,10
10946,3648,2,BB,0,3,True,6s 8c Ad 9c 9s,3d 2c,-20,20,9,0,20,-20
10947,3649,0,BTN,0,1,False,Td 8d 8h,8c Tc,100,-100,8,100,-50,-50
10948,3649,1,SB,0,3,False,Td 8d 8h Jh 3d,7c 9c,60,-60,9,0,60,-60
10949,3649,2,BB,0,2,False,Td 8d 8h Jh,4c 6s,-20,20,7,0,20,-20
10950,3650,0,BTN,0,2,False,9d Ac 9s 7d,2s Ad,0,0,7,0,20,-20
10951,3650,1,SB,0,0,False,,7s Qc,-10,10,2,0,-10,10
10952,3650,2,BB,0,2,False,9d Ac 9s 7d,5s 3c,-20,20,7,0,20,-20
10953,3651,0,BTN,0,1,False,Jd 7s Ks,4d Ad,-50,50,6,-50,100,-50
10954,3651,1,SB,0,2,False,Jd 7s Ks 4c,Kd Th,100,-100,7,0,100,-100
10955,3651,2,BB,0,1,False,Jd 7s Ks,9d 6h,-20,20,5,0,20,-20
10956,3652,0,BTN,0,3,True,5s 6s 7c Ac Kc,8s 4h,0,0,9,0,320,-320
10957,3652,1,SB,0,0,False,,9s 6d,-10,10,2,0,-10,10
10958,3652,2,BB,0,2,False,5s 6s 7c Ac,9h 5h,-80,80,7,0,80,-80
10959,3653,0,BTN,0,1,False,Ad 6h 3d,Kc 7h,0,0,6,0,-20,20
10960,3653,1,SB,0,2,False,Ad 6h 3d 2d,7d Jc,-10,10,7,-95,-10,105
10961,3653,2,BB,0,3,False,Ad 6h 3d 2d Td,6s 9s,-20,20,12,-20,40,-20
10962,3654,0,BTN,0,3,True,Kh 3s Tc 7h Th,2c Qh,0,0,10,0,80,-80
10963,3654,1,SB,0,0,False,,5s 3h,-10,10,2,0,-10,10
10964,3654,2,BB,0,3,True,Kh 3s Tc 7h Th,Ac 4s,-80,80,10,0,80,-80
10965,3655,0,BTN,0,3,True,9h 3s Jh 8s 7c,Ac 9d,-1967,1967,10,-1967,2017,-50
10966,3655,1,SB,0,1,False,9h 3s Jh,3d Jc,-10,10,7,130,-10,-120
10967,3655,2,BB,0,3,True,9h 3s Jh 8s 7c,Kc 7h,-20,20,12,-1910,1930,-20
10968,3656,0,BTN,0,1,False,Qd Ts 3h,9d 7c,0,0,6,0,120,-120
10969,3656,1,SB,0,0,False,,Qs 4d,-10,10,2,0,-10,10
10970,3656,2,BB,0,3,True,Qd Ts 3h Jd Th,Jh 7h,-1840,1840,11,0,1840,-1840
10971,3657,0,BTN,0,3,True,9h 7h 7c Js 2s,As 5d,-1967,1967,10,-1967,2017,-50
10972,3657,1,SB,0,3,True,9h 7h 7c Js 2s,Qc Qh,-2000,2000,11,0,-2000,2000
10973,3657,2,BB,0,1,False,9h 7h 7c,8d Tc,-840,840,7,0,840,-840
10974,3658,0,BTN,0,0,False,,2c 7c,0,0,4,0,-20,20
10975,3658,1,SB,0,0,False,,9d 4d,-10,10,2,0,-10,10
10976,3658,2,BB,0,3,True,7d Td Kd Ks 5d,Qc Jd,2000,-2000,10,0,-2000,2000
10977,3659,0,BTN,0,0,False,,3s Kh,0,0,4,0,-20,20
10978,3659,1,SB,0,0,False,,Ts 7d,-10,10,2,0,-10,10
10979,3659,2,BB,0,3,True,9h Td 7s Qs 9s,Ks Ac,-1280,1280,9,0,1280,-1280
10980,3660,0,BTN,0,0,False,,4d 9d,0,0,4,0,-20,20
10981,3660,1,SB,0,0,False,,Td 2s,-10,10,2,0,-10,10
10982,3660,2,BB,0,1,False,4c Ad 7h,2c Ac,20,-20,6,0,-20,20
10983,3661,0,BTN,0,3,True,Qh 4d 6h Ac Jc,Ks Tc,133,-133,10,133,-10,-123
10984,3661,1,SB,0,0,False,,3d 4c,-10,10,2,0,-10,10
10985,3661,2,BB,0,3,True,Qh 4d 6h Ac Jc,Kc 7s,-20,20,9,0,20,-20
10986,3662,0,BTN,0,0,False,,4c Td,0,0,4,0,-20,20
10987,3662,1,SB,0,0,False,,Tc 7h,-10,10,2,0,-10,10
10988,3662,2,BB,0,2,False,4h 7c 3d 5d,Qd Ks,-60,60,8,0,60,-60
10989,3663,0,BTN,0,1,False,5h 7c Td,2s Qs,0,0,5,0,20,-20
10990,3663,1,SB,0,0,False,,5c Kd,-10,10,2,0,-10,10
10991,3663,2,BB,0,1,False,5h 7c Td,2h Jd,-20,20,5,0,20,-20
10992,3664,0,BTN,0,2,False,4d 3c Qc 3d,8h Js,-86,86,8,-86,-10,96
10993,3664,1,SB,0,0,False,,6h 2h,-10,10,2,0,-10,10
10994,3664,2,BB,0,2,False,4d 3c Qc 3d,Jc 3s,20,-20,8,0,-20,20
10995,3665,0,BTN,0,2,False,As 8h Qs 7d,Ad 6s,60,-60,8,60,-10,-50
10996,3665,1,SB,0,0,False,,7h 4c,-10,10,2,0,-10,10
10997,3665,2,BB,0,3,True,As 8h Qs 7d 9d,4d 5h,-20,20,9,0,20,-20
10998,3666,0,BTN,0,3,True,7c 6d Th 7h Ad,6s 8h,0,0,10,0,1520,-1520
10999,3666,1,SB,0,0,False,,4h 7d,-10,10,2,0,-10,10
11000,3666,2,BB,0,3,True,7c 6d Th 7h Ad,Qc Td,-1280,1280,9,0,1280,-1280
11001,3667,0,BTN,0,1,False,7d Jd Ks,Tc 4s,0,0,5,0,20,-20
11002,3667,1,SB,0,0,False,,Qh Ts,20,-20,3,0,20,-20
11003,3667,2,BB,0,1,False,7d Jd Ks,5h Th,-20,20,5,0,20,-20
11004,3668,0,BTN,0,3,True,4d Tc Th Qd 5h,2h 9d,0,0,9,0,20,-20
11005,3668,1,SB,0,2,False,4d Tc Th Qd,Ks 9s,100,-100,7,0,100,-100
11006,3668,2,BB,0,3,True,4d Tc Th Qd 5h,6h 3s,-20,20,9,0,20,-20
11007,3669,0,BTN,0,3,True,8s Tc Th 5d Ks,4c 9d,0,0,9,0,-1920,1920
11008,3669,1,SB,0,3,True,8s Tc Th 5d Ks,7h 7c,-600,600,11,0,-600,600
11009,3669,2,BB,0,3,True,8s Tc Th 5d Ks,Qd Kc,2000,-2000,10,0,-2000,2000
11010,3670,0,BTN,0,2,False,Ac Kh 8c Qs,8d Th,142,-142,9,142,-10,-132
11011,3670,1,SB,0,0,False,,Jh 4d,-10,10,2,0,-10,10
11012,3670,2,BB,0,3,True,Ac Kh 8c Qs Qh,9s 2c,-20,20,9,0,20,-20
11013,3671,0,BTN,0,3,True,Kd 4s 9s 3d 3s,4d 9d,0,0,10,0,120,-120
11014,3671,1,SB,0,3,True,Kd 4s 9s 3d 3s,Ah 7d,100,-100,9,0,100,-100
11015,3671,2,BB,0,3,True,Kd 4s 9s 3d 3s,Qc 6c,-20,20,9,0,20,-20
11016,3672,0,BTN,0,3,False,Ts 5c Ks Kh 5h,4d Qh,0,0,9,0,320,-320
11017,3672,1,SB,0,0,False,,Kc 5s,-10,10,2,0,-10,10
11018,3672,2,BB,0,1,False,Ts 5c Ks,Js 8d,-170,170,7,0,170,-170
11019,3673,0,BTN,0,1,False,Tc 3h 6h,Kh 8d,60,-60,6,60,-10,-50
11020,3673,1,SB,0,3,True,Tc 3h 6h 3s 9h,Qc 9s,60,-60,9,0,60,-60
11021,3673,2,BB,0,3,False,Tc 3h 6h 3s 9h,7s 5d,-20,20,9,0,20,-20
11022,3674,0,BTN,0,3,True,3s 4s 7c Jh 3c,6s 9d,0,0,9,0,20,-20
11023,3674,1,SB,0,3,True,3s 4s 7c Jh 3c,Th Qc,60,-60,9,0,60,-60
11024,3674,2,BB,0,3,True,3s 4s 7c Jh 3c,5h 8d,-20,20,9,0,20,-20
11025,3675,0,BTN,0,3,True,Kd 3h 8d 2s Jd,4h 7s,0,0,9,0,320,-320
11026,3675,1,SB,0,0,False,,4s 8c,-10,10,2,0,-10,10
11027,3675,2,BB,0,1,False,Kd 3h 8d,2c Qd,-20,20,5,0,20,-20
11028,3676,0,BTN,0,0,False,,9d 8c,0,0,4,0,-20,20
11029,3676,1,SB,0,0,False,,6d 8s,-10,10,2,0,-10,10
11030,3676,2,BB,0,3,True,6h 4c 9c Ac Jd,Ad Qd,1856,-1856,11,0,-1856,1856
11031,3677,0,BTN,0,1,False,7d Qc 3c,9h Jh,-380,380,7,-380,-10,390
11032,3677,1,SB,0,1,False,7d Qc 3c,Tc 2s,-10,10,5,-20,-10,30
11033,3677,2,BB,0,2,False,7d Qc 3c 2c,5d Qs,63,-63,7,-53,-10,63
11034,3678,0,BTN,0,3,True,Kc 8h 3c 2c 9c,Th 4h,0,0,11,0,-1920,1920
11035,3678,1,SB,0,0,False,,4d 3h,-10,10,2,0,-10,10
11036,3678,2,BB,0,3,True,Kc 8h 3c 2c 9c,4s Ks,160,-160,9,0,-160,160
11037,3679,0,BTN,0,1,False,Jh 6d Ks,7h 4c,0,0,5,0,20,-20
11038,3679,1,SB,0,3,True,Jh 6d Ks As Qd,Js Qh,139,-139,9,0,139,-139
11039,3679,2,BB,0,2,False,Jh 6d Ks As,Qc 4d,-80,80,7,0,80,-80
11040,3680,0,BTN,0,3,True,6d 2h As 4d 5h,Kc 9c,60,-60,9,60,-10,-50
11041,3680,1,SB,0,3,True,6d 2h As 4d 5h,7h 5c,-10,10,9,30,-10,-20
11042,3680,2,BB,0,3,True,6d 2h As 4d 5h,8h Qc,-20,20,12,-20,40,-20
11043,3681,0,BTN,0,1,False,Jc Js 2d,8c 4h,0,0,6,0,-20,20
11044,3681,1,SB,0,0,False,,9d 8h,-10,10,2,0,-10,10
11045,3681,2,BB,0,3,False,Jc Js 2d Qd 4s,Ah 4d,20,-20,10,0,-20,20
11046,3682,0,BTN,0,3,True,As Td 5s 4h 9d,Ac 5d,323,-323,11,323,-10,-313
11047,3682,1,SB,0,0,False,,Tc 4d,-10,10,2,0,-10,10
11048,3682,2,BB,0,1,False,As Td 5s,Qc 8h,-20,20,5,0,20,-20
11049,3683,0,BTN,0,1,False,As Ts 7d,7c Kc,-50,50,5,-50,-10,60
11050,3683,1,SB,0,3,True,As Ts 7d 7s 4s,5d 2c,-10,10,11,1605,-10,-1595
11051,3683,2,BB,0,2,False,As Ts 7d 7s,5c Ad,-695,695,11,705,-10,-695
11052,3684,0,BTN,0,0,False,,7d 6c,0,0,4,0,-20,20
11053,3684,1,SB,0,0,False,,3d 2h,-10,10,2,0,-10,10
11054,3684,2,BB,0,3,True,7s Ts 9h 7h 5s,Ks 4c,20,-20,9,0,-20,20
11055,3685,0,BTN,0,2,False,9h Kh 6c 7d,Qs 8h,0,0,9,0,-120,120
11056,3685,1,SB,0,0,False,,2c Jd,-10,10,2,0,-10,10
11057,3685,2,BB,0,3,True,9h Kh 6c 7d Td,Js 7s,20,-20,9,0,-20,20
11058,3686,0,BTN,0,2,False,9c 9d 7c 8d,Tc 4h,0,0,7,0,20,-20
11059,3686,1,SB,0,3,True,9c 9d 7c 8d Qc,8s Kh,60,-60,9,0,60,-60
11060,3686,2,BB,0,2,False,9c 9d 7c 8d,5h Jc,-20,20,7,0,20,-20
11061,3687,0,BTN,0,3,True,Ts 3s 7c 6s Qs,6c 3d,0,0,10,0,-120,120
11062,3687,1,SB,0,0,False,,Qh 4c,-10,10,2,0,-10,10
11063,3687,2,BB,0,3,True,Ts 3s 7c 6s Qs,Qc Kc,20,-20,9,0,-20,20
11064,3688,0,BTN,0,3,True,Ks Qs 2h Ah Js,9s 3c,0,0,11,0,0,0
11065,3688,1,SB,0,0,False,,Ts 5d,-10,10,2,0,-10,10
11066,3688,2,BB,0,3,True,Ks Qs 2h Ah Js,Td 8h,0,0,12,0,0,0
11067,3689,0,BTN,0,3,True,5h 9h Qh As 6d,Ts Qc,-1513,1513,14,-1513,-1513,3026
11068,3689,1,SB,0,2,False,5h 9h Qh As,9d 7d,-60,60,8,0,-60,60
11069,3689,2,BB,0,3,True,5h 9h Qh As 6d,Ac 8d,460,-460,11,0,-460,460
11070,3690,0,BTN,0,3,True,3c 9h 8c Td 5s,Ah 6c,142,-142,10,142,-10,-132
11071,3690,1,SB,0,0,False,,5d 2d,-10,10,2,0,-10,10
11072,3690,2,BB,0,3,False,3c 9h 8c Td 5s,Ad 4d,-20,20,9,0,20,-20
11073,3691,0,BTN,0,0,False,,Ad 2c,0,0,4,0,-20,20
11074,3691,1,SB,0,0,False,,6s Th,-10,10,2,0,-10,10
11075,3691,2,BB,0,3,True,Kd As 5s Jc 5d,Qc 6d,20,-20,9,0,-20,20
11076,3692,0,BTN,0,3,True,5h 2c Kc Ah 3c,Qd 9c,60,-60,9,60,-10,-50
11077,3692,1,SB,0,0,False,,4d 3h,-10,10,2,0,-10,10
11078,3692,2,BB,0,2,False,5h 2c Kc Ah,8h 7c,-80,80,8,0,80,-80
11079,3693,0,BTN,0,1,False,5s Td Kh,2s Ad,0,0,5,0,20,-20
11080,3693,1,SB,0,1,False,5s Td Kh,Th Ah,60,-60,5,0,60,-60
11081,3693,2,BB,0,2,False,5s Td Kh Kc,7s 6d,-920,920,9,0,920,-920
11082,3694,0,BTN,0,3,True,Jd Jh Kc Qh Ah,8c 4h,0,0,10,0,-760,760
11083,3694,1,SB,0,0,False,,As 7d,20,-20,3,0,20,-20
11084,3694,2,BB,0,3,True,Jd Jh Kc Qh Ah,4c Tc,200,-200,10,0,-200,200
11085,3695,0,BTN,0,1,False,7s As Tc,5d 6c,0,0,6,0,-20,20
11086,3695,1,SB,0,0,False,,8h 3h,-10,10,2,0,-10,10
11087,3695,2,BB,0,3,True,7s As Tc 6s 5s,Th 2h,20,-20,9,0,-20,20
11088,3696,0,BTN,0,3,True,6d 4d 3d Jc Jh,2s 2c,-50,50,12,-50,-50,100
11089,3696,1,SB,0,3,True,6d 4d 3d Jc Jh,9d Ac,-400,400,10,0,-400,400
11090,3696,2,BB,0,3,True,6d 4d 3d Jc Jh,5s 4s,186,-186,11,0,-186,186
11091,3697,0,BTN,0,3,True,2h Qh 5c Ks 2d,5h 5s,2010,-2010,12,2010,-10,-2000
11092,3697,1,SB,0,3,True,2h Qh 5c Ks 2d,2s 3s,-10,10,11,1905,-10,-1895
11093,3697,2,BB,0,3,True,2h Qh 5c Ks 2d,2c 6c,-2000,2000,13,2010,-10,-2000
11094,3698,0,BTN,0,2,False,7c Jc 8c 2h,9h 3c,0,0,7,0,20,-20
11095,3698,1,SB,0,3,True,7c Jc 8c 2h Kc,6d 6s,60,-60,9,0,60,-60
11096,3698,2,BB,0,1,False,7c Jc 8c,9s Qs,20,-20,6,0,-20,20
11097,3699,0,BTN,0,0,False,,5h 3s,0,0,4,0,-20,20
11098,3699,1,SB,0,0,False,,2h 8h,-10,10,2,0,-10,10
11099,3699,2,BB,0,2,False,9d 5d Kh Qd,7h Kd,20,-20,8,0,-20,20
11100,3700,0,BTN,0,3,False,9h 2d Qh 6c 8d,5d Td,0,0,11,0,-40,40
11101,3700,1,SB,0,3,False,9h 2d Qh 6c 8d,Ad Js,-100,100,10,0,-100,100
11102,3700,2,BB,0,3,False,9h 2d Qh 6c 8d,7h Th,40,-40,10,0,-40,40
11103,3701,0,BTN,0,3,False,3c 3s 2s Js 4h,2d 5d,0,0,10,0,-20,20
11104,3701,1,SB,0,0,False,,8h 6s,-10,10,2,0,-10,10
11105,3701,2,BB,0,3,True,3c 3s 2s Js 4h,2c 9c,20,-20,9,0,-20,20
11106,3702,0,BTN,0,3,True,2h Ac Qd 6d 7h,Js 4h,0,0,9,0,20,-20
11107,3702,1,SB,0,3,True,2h Ac Qd 6d 7h,Kc 8s,100,-100,9,0,100,-100
11108,3702,2,BB,0,3,True,2h Ac Qd 6d 7h,Th 4c,-20,20,9,0,20,-20
11109,3703,0,BTN,0,3,True,Td Ts 9s 5c 2d,9c 7s,0,0,10,0,-120,120
11110,3703,1,SB,0,0,False,,7d Jc,-10,10,2,0,-10,10
11111,3703,2,BB,0,1,False,Td Ts 9s,8d Kd,20,-20,6,0,-20,20
11112,3704,0,BTN,0,2,False,9s Jd 2s Jc,Ah Qs,-275,275,8,-275,325,-50
11113,3704,1,SB,0,3,True,9s Jd 2s Jc 4c,Ts Th,232,-232,9,0,232,-232
11114,3704,2,BB,0,0,False,,6h Kc,-240,240,5,0,240,-240
11115,3705,0,BTN,0,3,True,4c Qd Ts 9c 9d,Qh 2c,0,0,9,0,320,-320
11116,3705,1,SB,0,3,True,4c Qd Ts 9c 9d,9h Kh,348,-348,9,0,348,-348
11117,3705,2,BB,0,2,False,4c Qd Ts 9c,5s 4s,-60,60,8,0,60,-60
11118,3706,0,BTN,0,3,True,Ad Jd Kc Jc Ks,7h Js,0,0,11,0,-1604,1604
11119,3706,1,SB,0,3,True,Ad Jd Kc Jc Ks,Qd Ac,-2000,2000,15,-2000,-2000,4000
11120,3706,2,BB,0,3,True,Ad Jd Kc Jc Ks,Kd 6c,4000,-4000,15,-2000,-2000,4000
11121,3707,0,BTN,0,3,True,2d Qd 5d 5s Qs,6d 4c,0,0,9,0,-20,20
11122,3707,1,SB,0,0,False,,9d 3c,-10,10,2,0,-10,10
11123,3707,2,BB,0,3,True,2d Qd 5d 5s Qs,Js 8s,20,-20,9,0,-20,20
11124,3708,0,BTN,0,3,True,8c Ad 2c Th 8d,Ks 9d,-1910,1910,9,-1910,1930,-20
11125,3708,1,SB,0,3,True,8c Ad 2c Th 8d,Jd Jc,919,-919,11,-899,919,-20
11126,3708,2,BB,0,3,True,8c Ad 2c Th 8d,9s 4c,-20,20,10,-1910,1930,-20
11127,3709,0,BTN,0,1,False,Td 2c 8c,7h 4d,0,0,5,0,20,-20
11128,3709,1,SB,0,3,True,Td 2c 8c 5d Qh,2s As,-960,960,11,0,-960,960
11129,3709,2,BB,0,1,False,Td 2c 8c,5s Jh,-20,20,5,0,20,-20
11130,3710,0,BTN,0,1,False,Qd Kd Jc,3c 5h,0,0,5,0,20,-20
11131,3710,1,SB,0,0,False,,2d Ac,-10,10,2,0,-10,10
11132,3710,2,BB,0,1,False,Qd Kd Jc,8h 9c,-20,20,5,0,20,-20
11133,3711,0,BTN,0,3,True,5h 2d 8s 8d 5d,9d 3h,0,0,9,0,-20,20
11134,3711,1,SB,0,0,False,,4c 6s,-10,10,2,0,-10,10
11135,3711,2,BB,0,3,True,5h 2d 8s 8d 5d,Qc Ts,60,-60,10,0,-60,60
11136,3712,0,BTN,0,2,False,3h As 5h Kh,7s Qd,0,0,7,0,20,-20
11137,3712,1,SB,0,3,True,3h As 5h Kh 6h,Qs Kc,-240,240,10,0,-240,240
11138,3712,2,BB,0,2,False,3h As 5h Kh,4h 6s,-20,20,7,0,20,-20
11139,3713,0,BTN,0,3,True,6s 7c Ad 6c Tc,7s 8s,-50,50,12,-50,100,-50
11140,3713,1,SB,0,1,False,6s 7c Ad,Jc Ts,-88,88,7,108,-88,-20
11141,3713,2,BB,0,1,False,6s 7c Ad,3c 5d,-20,20,8,40,-20,-20
11142,3714,0,BTN,0,3,True,6c 2h 7h 3h 5h,7c Td,0,0,9,0,-1920,1920
11143,3714,1,SB,0,2,False,6c 2h 7h 3h,Ts Tc,-420,420,10,0,-420,420
11144,3714,2,BB,0,3,True,6c 2h 7h 3h 5h,8h Qh,2000.0,-2000.0,10,0.0,-2000.0,2000.0
11145,3715,0,BTN,0,3,True,Kh 9s Js 5d Qh,4h 2h,0,0,11,0,0,0
11146,3715,1,SB,0,0,False,,2c Tc,-10,10,2,0,-10,10
11147,3715,2,BB,0,3,True,Kh 9s Js 5d Qh,Th 7c,0,0,12,0,0,0
11148,3716,0,BTN,0,3,True,7d Ad Kh 4h 2c,6h Ks,0,0,9,0,-20,20
11149,3716,1,SB,0,3,True,7d Ad Kh 4h 2c,5s 8s,-88,88,14,1628,-88,-1540
11150,3716,2,BB,0,2,False,7d Ad Kh 4h,Jc Td,-110,110,11,130,-20,-110
11151,3717,0,BTN,0,3,True,Tc 9c Td Js 5s,2h 4d,0,0,11,0,1704,-1704
11152,3717,1,SB,0,1,False,Tc 9c Td,As Jh,-360,360,7,0,-360,360
11153,3717,2,BB,0,3,True,Tc 9c Td Js 5s,Ac Kc,-1280,1280,9,0,1280,-1280
11154,3718,0,BTN,0,2,False,7s 3c Td Qc,8d 4h,0,0,7,0,20,-20
11155,3718,1,SB,0,0,False,,Qh 2c,-10,10,2,0,-10,10
11156,3718,2,BB,0,1,False,7s 3c Td,5s 6d,20,-20,6,0,-20,20
11157,3719,0,BTN,0,3,True,6h 4c 2h 4h Tc,Qs 9h,-50,50,12,-50,100,-50
11158,3719,1,SB,0,0,False,,Ks 6d,-10,10,2,0,-10,10
11159,3719,2,BB,0,1,False,6h 4c 2h,3h Jc,-20,20,5,0,20,-20
11160,3720,0,BTN,0,3,False,7c 8d Ah As 8s,Kh Tc,96,-96,11,96,-10,-86
11161,3720,1,SB,0,0,False,,Ts 2d,-10,10,2,0,-10,10
11162,3720,2,BB,0,3,True,7c 8d Ah As 8s,9d 3s,-20,20,9,0,20,-20
11163,3721,0,BTN,0,3,False,Kd 9s 7h 5d 3c,Ad 2h,0,0,10,0,-20,20
11164,3721,1,SB,0,0,False,,Th 2s,-10,10,2,0,-10,10
11165,3721,2,BB,0,3,True,Kd 9s 7h 5d 3c,5s Qs,20,-20,9,0,-20,20
11166,3722,0,BTN,0,2,False,Qs 3h Ad 3c,Ac 4h,-275,275,9,-275,-50,325
11167,3722,1,SB,0,1,False,Qs 3h Ad,6c 8c,-100,100,6,0,-100,100
11168,3722,2,BB,0,1,False,Qs 3h Ad,Ah 9d,20,-20,6,0,-20,20
11169,3723,0,BTN,0,3,True,6s 4d 7s 3c Qh,Qs 7h,0,0,10,0,480,-480
11170,3723,1,SB,0,1,False,6s 4d 7s,Ks Ah,-60,60,6,0,-60,60
11171,3723,2,BB,0,3,True,6s 4d 7s 3c Qh,Th As,-278,278,10,0,278,-278
11172,3724,0,BTN,0,3,True,Ts 3s Kh 3h 6h,Ks 2h,0,0,9,0,20,-20
11173,3724,1,SB,0,0,False,,8d 4s,-10,10,2,0,-10,10
11174,3724,2,BB,0,1,False,Ts 3s Kh,5s 4d,20,-20,6,0,-20,20
11175,3725,0,BTN,0,3,True,7c 8d 9h Td 9s,Jh Kh,-2000,2000,10,-2000,2020,-20
11176,3725,1,SB,0,3,True,7c 8d 9h Td 9s,8h 8s,2020,-2020,11,-2000,2020,-20
11177,3725,2,BB,0,3,True,7c 8d 9h Td 9s,4d 2s,-20,20,11,-1694,1714,-20
11178,3726,0,BTN,0,3,True,2s 9s 7d Td Qh,Th Ac,-2000,2000,12,-2000,-10,2010
11179,3726,1,SB,0,0,False,,6c Qs,-10,10,2,0,-10,10
11180,3726,2,BB,0,3,True,2s 9s 7d Td Qh,Qd Kd,2000,-2000,12,0,-2000,2000
11181,3727,0,BTN,0,3,True,7s Js 7h Td 2c,Kd As,885,-885,9,885,-10,-875
11182,3727,1,SB,0,3,True,7s Js 7h Td 2c,Qc 5c,-88,88,13,176,-88,-88
11183,3727,2,BB,0,3,True,7s Js 7h Td 2c,Qh Ad,-20,20,12,40,-20,-20
11184,3728,0,BTN,0,3,False,7h 8h 9d Jh 9h,Jc 7s,0,0,9,0,320,-320
11185,3728,1,SB,0,3,True,7h 8h 9d Jh 9h,3h Kh,1732.8571428571427,-1732.857142857143,11,-1712.857142857143,1732.8571428571427,-20.0
11186,3728,2,BB,0,3,True,7h 8h 9d Jh 9h,6d 7d,-20,20,13,-1910,1930,-20
11187,3729,0,BTN,0,3,True,Ac Jc 4s 5s 4d,3s 6d,0,0,9,0,-20,20
11188,3729,1,SB,0,3,True,Ac Jc 4s 5s 4d,7c 8s,-100,100,9,0,-100,100
11189,3729,2,BB,0,3,True,Ac Jc 4s 5s 4d,Tc 3d,20,-20,9,0,-20,20
11190,3730,0,BTN,0,0,False,,Kh 4s,0,0,3,0,20,-20
11191,3730,1,SB,0,3,True,6h Qd 7c Ts Ad,Jh Js,60,-60,9,0,60,-60
11192,3730,2,BB,0,1,False,6h Qd 7c,4h 2h,-120,120,5,0,120,-120
11193,3731,0,BTN,0,3,True,Tc Qc Jd 5s 2h,4d Ts,0,0,9,0,1280,-1280
11194,3731,1,SB,0,3,True,Tc Qc Jd 5s 2h,Qh 9s,557,-557,10,0,557,-557
11195,3731,2,BB,0,3,True,Tc Qc Jd 5s 2h,Js 6h,-1280,1280,9,0,1280,-1280
11196,3732,0,BTN,0,3,True,4h 5h 9h Qs 6d,4d Kd,100,-100,12,100,-50,-50
11197,3732,1,SB,0,3,True,4h 5h 9h Qs 6d,Kc 3c,-250,250,9,0,-250,250
11198,3732,2,BB,0,3,True,4h 5h 9h Qs 6d,As Td,20,-20,9,0,-20,20
11199,3733,0,BTN,0,3,True,4d 7c 4s 7d 8d,As Qh,60,-60,9,60,-10,-50
11200,3733,1,SB,0,0,False,,5d 2d,-10,10,2,0,-10,10
11201,3733,2,BB,0,3,False,4d 7c 4s 7d 8d,Jh 6c,-20,20,9,0,20,-20
11202,3734,0,BTN,0,1,False,Jd 9c 3h,5d 2c,0,0,5,0,20,-20
11203,3734,1,SB,0,0,False,,6s 9h,-10,10,2,0,-10,10
11204,3734,2,BB,0,1,False,Jd 9c 3h,6c 2s,-20,20,5,0,20,-20
11205,3735,0,BTN,0,3,True,8h 8s 5h Kd 7h,4c Jh,0,0,11,0,-1704,1704
11206,3735,1,SB,0,1,False,8h 8s 5h,Qh Tc,-100,100,6,0,-100,100
11207,3735,2,BB,0,3,True,8h 8s 5h Kd 7h,Ad Jc,80,-80,9,0,-80,80
11208,3736,0,BTN,0,3,True,7h 5c 7d 6h Jd,Jh 2h,0,0,9,0,480,-480
11209,3736,1,SB,0,2,False,7h 5c 7d 6h,Ad Kc,60,-60,7,0,60,-60
11210,3736,2,BB,0,3,True,7h 5c 7d 6h Jd,8h Qd,-480,480,9,0,480,-480
11211,3737,0,BTN,0,3,True,Ac 3c Tc 2s 7d,Qc 8s,0,0,9,0,1280,-1280
11212,3737,1,SB,0,3,True,Ac 3c Tc 2s 7d,Ah 2h,2000,-2000,11,0,2000,-2000
11213,3737,2,BB,0,1,False,Ac 3c Tc,Th 8d,-20,20,5,0,20,-20
11214,3738,0,BTN,0,1,False,Ks Ah 9c,6d 6c,-380,380,7,-380,-10,390
11215,3738,1,SB,0,3,True,Ks Ah 9c 5c 7c,4h Ts,-10,10,10,-1895,-10,1905
11216,3738,2,BB,0,3,True,Ks Ah 9c 5c 7c,2d As,2010,-2010,11,-2000,-10,2010
11217,3739,0,BTN,0,3,True,Jc As 4s Qs Ts,6h 2c,0,0,11,0,1704,-1704
11218,3739,1,SB,0,0,False,,3s Js,-10,10,2,0,-10,10
11219,3739,2,BB,0,3,True,Jc As 4s Qs Ts,Qd Ac,-1840,1840,11,0,1840,-1840
11220,3740,0,BTN,0,3,True,Ad 2s Jh Tc 5c,Kh 6h,-1755,1755,9,-1755,-10,1765
11221,3740,1,SB,0,0,False,,2c 3s,-10,10,2,0,-10,10
11222,3740,2,BB,0,3,True,Ad 2s Jh Tc 5c,9h Jd,107,-107,11,0,-107,107
11223,3741,0,BTN,0,3,True,3s Kd Kh Kc Th,5s 9c,0,0,10,0,0,0
11224,3741,1,SB,0,3,True,3s Kd Kh Kc Th,5h Ac,0,0,11,0,0,0
11225,3741,2,BB,0,3,True,3s Kd Kh Kc Th,4c As,0,0,9,0,0,0
11226,3742,0,BTN,0,3,True,4s Jc Kd 3s Kh,7h 2s,0,0,9,0,-20,20
11227,3742,1,SB,0,0,False,,5s 2d,-10,10,2,0,-10,10
11228,3742,2,BB,0,3,True,4s Jc Kd 3s Kh,Ts 8d,20,-20,9,0,-20,20
11229,3743,0,BTN,0,1,False,5d Jh Kd,2h Qs,0,0,6,0,-20,20
11230,3743,1,SB,0,0,False,,Ts 4c,-10,10,2,0,-10,10
11231,3743,2,BB,0,3,True,5d Jh Kd 3d Js,Ah 9d,20,-20,9,0,-20,20
11232,3744,0,BTN,0,1,False,4s 7s 2s,5s 3h,0,0,6,0,-20,20
11233,3744,1,SB,0,0,False,,Kd 6h,-10,10,2,0,-10,10
11234,3744,2,BB,0,3,True,4s 7s 2s 8d 8c,7h 3c,46,-46,10,0,-46,46
11235,3745,0,BTN,0,0,False,,5c Ks,0,0,4,0,-20,20
11236,3745,1,SB,0,0,False,,5h Td,-10,10,2,0,-10,10
11237,3745,2,BB,0,3,True,Qh 9c 9d Kc 9s,3h 4s,0,0,9,0,0,0
11238,3746,0,BTN,0,3,True,Ad 8d 2h 3h Qc,5c 7s,0,0,11,0,-1704,1704
11239,3746,1,SB,0,3,True,Ad 8d 2h 3h Qc,Ac Tc,-2000,2000,11,0,-2000,2000
11240,3746,2,BB,0,3,True,Ad 8d 2h 3h Qc,Ah Js,2000,-2000,10,0,-2000,2000
11241,3747,0,BTN,0,2,False,5s Qh 8c Ts,Jd Kh,96,-96,9,96,-10,-86
11242,3747,1,SB,0,3,False,5s Qh 8c Ts 4s,Th Qs,537,-537,10,-517,537,-20
11243,3747,2,BB,0,3,False,5s Qh 8c Ts 4s,4d 7c,-20,20,10,-470,490,-20
11244,3748,0,BTN,0,2,False,5c Qd Jc Ks,7c 6d,0,0,9,0,-40,40
11245,3748,1,SB,0,0,False,,9c 3d,-10,10,2,0,-10,10
11246,3748,2,BB,0,3,False,5c Qd Jc Ks 8d,8s 5d,20,-20,10,0,-20,20
11247,3749,0,BTN,0,2,False,Kd 5s As 7c,Js Qc,-380,380,8,-380,-10,390
11248,3749,1,SB,0,0,False,,2d 3s,-10,10,2,0,-10,10
11249,3749,2,BB,0,3,True,Kd 5s As 7c 5h,9c 9h,20,-20,9,0,-20,20
11250,3750,0,BTN,0,2,False,2d 4s 9h Jd,8c 7d,0,0,8,0,-20,20
11251,3750,1,SB,0,0,False,,Tc 3s,-10,10,2,0,-10,10
11252,3750,2,BB,0,2,False,2d 4s 9h Jd,Jc 3d,20,-20,8,0,-20,20
11253,3751,0,BTN,0,3,True,9s 4s 8d Ts 3h,Js 5h,0,0,10,0,1280,-1280
11254,3751,1,SB,0,2,False,9s 4s 8d Ts,8h Kc,-240,240,9,0,-240,240
11255,3751,2,BB,0,3,True,9s 4s 8d Ts 3h,6c 8c,-320,320,9,0,320,-320
11256,3752,0,BTN,0,3,True,4d Qd 9d 7c Kc,Qc 8c,801,-801,12,801,-10,-791
11257,3752,1,SB,0,0,False,,8d 2s,-10,10,2,0,-10,10
11258,3752,2,BB,0,3,True,4d Qd 9d 7c Kc,As 4s,20,-20,9,0,-20,20
11259,3753,0,BTN,0,3,True,Td 4h 4d 9h Jh,7h 8d,0,0,10,0,480,-480
11260,3753,1,SB,0,0,False,,Ad 3h,-10,10,2,0,-10,10
11261,3753,2,BB,0,3,True,Td 4h 4d 9h Jh,3d Qs,-80,80,9,0,80,-80
11262,3754,0,BTN,0,1,False,Qd 2h 3c,Jh 4s,0,0,6,0,-20,20
11263,3754,1,SB,0,0,False,,6s 8d,-10,10,2,0,-10,10
11264,3754,2,BB,0,3,True,Qd 2h 3c 8c 6d,9h Qc,1523.8095238095239,-1523.8095238095239,10,0.0,-1523.8095238095239,1523.8095238095239
11265,3755,0,BTN,0,3,True,3d 8s 8d Tc Jh,Ac Ts,1225,-1225,12,1225,-50,-1175
11266,3755,1,SB,0,0,False,,Jc 5d,-10,10,2,0,-10,10
11267,3755,2,BB,0,1,False,3d 8s 8d,7h Td,20,-20,6,0,-20,20
11268,3756,0,BTN,0,3,True,4d 7h Tc Ts 5d,5c Jd,0,0,11,0,-1704,1704
11269,3756,1,SB,0,1,False,4d 7h Tc,Ah 6h,-100,100,6,0,-100,100
11270,3756,2,BB,0,3,True,4d 7h Tc Ts 5d,7s Jh,464,-464,11,0,-464,464
11271,3757,0,BTN,0,1,False,7s Ks 2s,5d 3c,0,0,5,0,20,-20
11272,3757,1,SB,0,0,False,,5c Qs,-10,10,2,0,-10,10
11273,3757,2,BB,0,1,False,7s Ks 2s,9h 3s,-20,20,5,0,20,-20
11274,3758,0,BTN,0,2,False,7c Tc Qd 8h,Jd Ac,-230,230,7,-230,250,-20
11275,3758,1,SB,0,3,True,7c Tc Qd 8h Qs,Ah Kh,862,-862,11,-842,862,-20
11276,3758,2,BB,0,3,True,7c Tc Qd 8h Qs,2c Td,80,-80,13,-20,-60,80
11277,3759,0,BTN,0,3,False,Jd As Tc Ac Jc,2h 7h,0,0,11,0,320,-320
11278,3759,1,SB,0,0,False,,6s Kc,-10,10,2,0,-10,10
11279,3759,2,BB,0,3,False,Jd As Tc Ac Jc,Ts 6c,-40,40,9,0,40,-40
11280,3760,0,BTN,0,1,False,6s Th 3h,8c 5s,0,0,6,0,-20,20
11281,3760,1,SB,0,1,False,6s Th 3h,Qc 9s,-60,60,6,0,-60,60
11282,3760,2,BB,0,1,False,6s Th 3h,Ts 6d,20,-20,6,0,-20,20
11283,3761,0,BTN,0,3,True,4s 8c Ad 8s 7s,Qh 4h,100,-100,12,100,-50,-50
11284,3761,1,SB,0,0,False,,Js 3c,-10,10,2,0,-10,10
11285,3761,2,BB,0,3,True,4s 8c Ad 8s 7s,3d 6h,-20,20,9,0,20,-20
11286,3762,0,BTN,0,3,True,3h Ts 3c As 2s,4c 9s,0,0,11,0,1604,-1604
11287,3762,1,SB,0,3,True,3h Ts 3c As 2s,Ad Tc,2000,-2000,11,0,2000,-2000
11288,3762,2,BB,0,1,False,3h Ts 3c,Th 7s,-20,20,5,0,20,-20
11289,3763,0,BTN,0,1,False,8c 2d Ad,As 3h,0,0,5,0,20,-20
11290,3763,1,SB,0,3,True,8c 2d Ad Jd Kc,8s 9h,100,-100,9,0,100,-100
11291,3763,2,BB,0,1,False,8c 2d Ad,4s Qc,-20,20,5,0,20,-20
11292,3764,0,BTN,0,3,True,5d 7h 2s 8c 3s,6c 8h,0,0,9,0,1280,-1280
11293,3764,1,SB,0,0,False,,7c 8s,-10,10,2,0,-10,10
11294,3764,2,BB,0,3,False,5d 7h 2s 8c 3s,2d Tc,-320,320,9,0,320,-320
11295,3765,0,BTN,0,3,False,8s 8c Kc Qd Ah,Ks 2s,60,-60,10,60,-10,-50
11296,3765,1,SB,0,0,False,,7h 2c,-10,10,2,0,-10,10
11297,3765,2,BB,0,3,True,8s 8c Kc Qd Ah,9c 3h,0,0,9,0,0,0
11298,3766,0,BTN,0,0,False,,Ad 8h,-50,50,4,-50,-10,60
11299,3766,1,SB,0,0,False,,5d 7h,-10,10,2,0,-10,10
11300,3766,2,BB,0,3,True,7c Td Jh Qh As,Qd Qs,1320.0,-1320.0,8,0.0,-1320.0,1320.0
11301,3767,0,BTN,0,0,False,,4c 9d,0,0,4,0,-20,20
11302,3767,1,SB,0,0,False,,8s 6c,-10,10,2,0,-10,10
11303,3767,2,BB,0,1,False,Ah Js Jc,Kc 2c,20,-20,6,0,-20,20
11304,3768,0,BTN,0,3,True,7c 8c Td Kd 5h,4d Jh,0,0,11,0,0,0
11305,3768,1,SB,0,0,False,,6s 4c,-10,10,2,0,-10,10
11306,3768,2,BB,0,3,True,7c 8c Td Kd 5h,6h 4s,0,0,12,0,0,0
11307,3769,0,BTN,0,2,False,5c 2h 3d 4c,Tc 4s,0,0,8,0,80,-80
11308,3769,1,SB,0,3,True,5c 2h 3d 4c Jc,7s Ac,557,-557,10,0,557,-557
11309,3769,2,BB,0,2,False,5c 2h 3d 4c,Kh 3c,-20,20,7,0,20,-20
11310,3770,0,BTN,0,1,False,9h 3h 3d,5c Qc,-50,50,5,-50,-10,60
11311,3770,1,SB,0,0,False,,2s 8h,-10,10,2,0,-10,10
11312,3770,2,BB,0,2,False,9h 3h 3d Ad,9s Ac,20,-20,8,0,-20,20
11313,3771,0,BTN,0,2,False,5s Qd 9h 2s,8d 7c,0,0,9,0,-80,80
11314,3771,1,SB,0,0,False,,6c Jd,-10,10,2,0,-10,10
11315,3771,2,BB,0,3,True,5s Qd 9h 2s Jh,7s Qs,460,-460,11,0,-460,460
11316,3772,0,BTN,0,1,False,Ac Qh 2c,2d 8s,0,0,6,0,-20,20
11317,3772,1,SB,0,0,False,,7h Jd,-10,10,2,0,-10,10
11318,3772,2,BB,0,3,True,Ac Qh 2c Kh 5h,Ad 8c,107,-107,11,0,-107,107
11319,3773,0,BTN,0,3,True,3c 2d Tc 3d 5s,Js 9c,-50,50,12,-50,100,-50
11320,3773,1,SB,0,3,True,3c 2d Tc 3d 5s,As 9s,176,-176,13,-88,176,-88
11321,3773,2,BB,0,3,True,3c 2d Tc 3d 5s,Jd Qh,-20,20,12,-20,40,-20
11322,3774,0,BTN,0,3,True,3c 2s 5h 4s 3d,6d As,198,-198,10,198,-10,-188
11323,3774,1,SB,0,0,False,,Ts 7c,-10,10,2,0,-10,10
11324,3774,2,BB,0,3,True,3c 2s 5h 4s 3d,2d Ks,20,-20,9,0,-20,20
11325,3775,0,BTN,0,3,True,Qs 2d 6s 3h Jc,6h 5h,-1967,1967,10,-1967,2017,-50
11326,3775,1,SB,0,3,False,Qs 2d 6s 3h Jc,Qc Qh,60,-60,9,0,60,-60
11327,3775,2,BB,0,1,False,Qs 2d 6s,5d Kd,-840,840,7,0,840,-840
11328,3776,0,BTN,0,3,True,Qd 8h 5c Th Ks,7s Kc,0,0,12,0,-1920,1920
11329,3776,1,SB,0,3,True,Qd 8h 5c Th Ks,9c As,-1540,1540,13,-88,-1540,1628
11330,3776,2,BB,0,3,True,Qd 8h 5c Th Ks,Qh Ah,416,-416,13,-20,-396,416
11331,3777,0,BTN,0,0,False,,6s 3d,0,0,4,0,-20,20
11332,3777,1,SB,0,0,False,,9d 4h,-10,10,2,0,-10,10
11333,3777,2,BB,0,3,True,3s Jh Jc As Th,6h Qs,20,-20,9,0,-20,20
11334,3778,0,BTN,0,3,True,5h 7c 6h 3s Tc,9c 6c,325,-325,10,325,-275,-50
11335,3778,1,SB,0,3,True,5h 7c 6h 3s Tc,8h Kh,60,-60,9,0,60,-60
11336,3778,2,BB,0,3,True,5h 7c 6h 3s Tc,Jh 8d,-240,240,10,0,240,-240
11337,3779,0,BTN,0,3,True,Ts 9c 4h Kd 6h,2s 5d,0,0,10,0,1520,-1520
11338,3779,1,SB,0,3,True,Ts 9c 4h Kd 6h,9d As,400,-400,10,0,400,-400
11339,3779,2,BB,0,3,True,Ts 9c 4h Kd 6h,Qh 4c,-1280,1280,9,0,1280,-1280
11340,3780,0,BTN,0,1,False,2s 4d Jh,Kh Ac,60,-60,6,60,-10,-50
11341,3780,1,SB,0,3,True,2s 4d Jh 8h Qh,As 3h,-10,10,9,30,-10,-20
11342,3780,2,BB,0,3,True,2s 4d Jh 8h Qh,3s 9c,-20,20,12,40,-20,-20
11343,3781,0,BTN,0,3,True,9c Ts 5h 6d 5c,4c As,-50,50,12,-50,100,-50
11344,3781,1,SB,0,3,True,9c Ts 5h 6d 5c,Qs Ah,100,-100,9,0,100,-100
11345,3781,2,BB,0,3,True,9c Ts 5h 6d 5c,Jd 8s,-80,80,9,0,80,-80
11346,3782,0,BTN,0,1,False,Ad Th Jc,7s 6s,-50,50,5,-50,-10,60
11347,3782,1,SB,0,0,False,,7d Ts,-10,10,2,0,-10,10
11348,3782,2,BB,0,3,True,Ad Th Jc 6d 5s,Ac Qh,2000,-2000,10,0,-2000,2000
11349,3783,0,BTN,0,1,False,Kd Th 9c,As Jh,60,-60,6,60,-10,-50
11350,3783,1,SB,0,1,False,Kd Th 9c,Qd 8s,-10,10,6,30,-10,-20
11351,3783,2,BB,0,3,True,Kd Th 9c 2h 4s,6c 5d,-20,20,12,40,-20,-20
11352,3784,0,BTN,0,3,True,9d 2h 8d Tc 7d,Qh 2c,0,0,11,0,1604,-1604
11353,3784,1,SB,0,0,False,,6d 2d,-10,10,2,0,-10,10
11354,3784,2,BB,0,3,True,9d 2h 8d Tc 7d,8s 7h,-1280,1280,9,0,1280,-1280
11355,3785,0,BTN,0,2,False,Kh Tc 2s 3d,5d 8d,0,0,8,0,-20,20
11356,3785,1,SB,0,0,False,,4s 7c,-10,10,2,0,-10,10
11357,3785,2,BB,0,2,False,Kh Tc 2s 3d,2c 3s,20,-20,8,0,-20,20
11358,3786,0,BTN,0,3,True,Td 7h 9s Qd 7d,Ah 9h,199,-199,12,199,-149,-50
11359,3786,1,SB,0,1,False,Td 7h 9s,6d 6h,-235,235,7,255,-235,-20
11360,3786,2,BB,0,1,False,Td 7h 9s,Ac 2c,-20,20,8,40,-20,-20
11361,3787,0,BTN,0,3,True,8c Kc 9c 8s 2c,6h 7h,-950,950,9,-950,970,-20
11362,3787,1,SB,0,3,True,8c Kc 9c 8s 2c,Ks Qd,250,-250,9,0,250,-250
11363,3787,2,BB,0,1,False,8c Kc 9c,Qs 2s,-20,20,5,0,20,-20
11364,3788,0,BTN,0,3,True,Ks 7c 4c 5s Th,5d Qd,-50,50,11,-50,-1400,1450
11365,3788,1,SB,0,3,True,Ks 7c 4c 5s Th,Kh Qh,-2000,2000,11,0,-2000,2000
11366,3788,2,BB,0,3,True,Ks 7c 4c 5s Th,4d Kd,2000,-2000,10,0,-2000,2000
11367,3789,0,BTN,0,0,False,,Ks 6c,0,0,3,0,20,-20
11368,3789,1,SB,0,3,True,2s Jc 3c Kc 6s,Kd Ad,-2000,2000,11,2020,-2000,-20
11369,3789,2,BB,0,3,True,2s Jc 3c Kc 6s,2h 4h,-20,20,14,1840,-1820,-20
11370,3790,0,BTN,0,3,True,Ad 4d Jh Ts 2h,3c 3d,-50,50,11,-50,-1967,2017
11371,3790,1,SB,0,2,False,Ad 4d Jh Ts,Td 8d,-750,750,9,0,-750,750
11372,3790,2,BB,0,3,True,Ad 4d Jh Ts 2h,6h Ah,2000,-2000,13,0,-2000,2000
11373,3791,0,BTN,0,0,False,,3d 4c,0,0,4,0,-20,20
11374,3791,1,SB,0,0,False,,8d 6s,-10,10,2,0,-10,10
11375,3791,2,BB,0,1,False,Td Ah Kh,Ks Ad,20,-20,6,0,-20,20
11376,3792,0,BTN,0,3,True,9d 2h 7c 7h 6h,Td Qd,-200,200,10,-200,-10,210
11377,3792,1,SB,0,0,False,,7s 3c,-10,10,2,0,-10,10
11378,3792,2,BB,0,1,False,9d 2h 7c,4s Ah,-20,20,5,0,20,-20
11379,3793,0,BTN,0,2,False,6c 7s 7c 3h,8s 9c,0,0,9,0,-80,80
11380,3793,1,SB,0,1,False,6c 7s 7c,Qc Js,-100,100,6,0,-100,100
11381,3793,2,BB,0,3,False,6c 7s 7c 3h Ah,Th 7d,93,-93,11,0,-93,93
11382,3794,0,BTN,0,3,True,Qh Jc Ah 6s 5d,Ac Kd,-880.3571428571429,880.3571428571427,12,-880.3571428571429,-275.0,1155.3571428571427
11383,3794,1,SB,0,0,False,,9s Kh,-88,88,5,108,-88,-20
11384,3794,2,BB,0,3,True,Qh Jc Ah 6s 5d,Qd 6d,2110,-2110,15,-2000,-110,2110
11385,3795,0,BTN,0,3,True,6h Ac Kh 3c As,8h Js,96,-96,10,96,-10,-86
11386,3795,1,SB,0,0,False,,2c Qc,-10,10,2,0,-10,10
11387,3795,2,BB,0,3,True,6h Ac Kh 3c As,Tc 7c,-20,20,9,0,20,-20
11388,3796,0,BTN,0,3,True,3d 2d Kd 7s 7h,Kh As,133,-133,10,133,-10,-123
11389,3796,1,SB,0,3,True,3d 2d Kd 7s 7h,Js 4h,-10,10,12,1605,-10,-1595
11390,3796,2,BB,0,3,True,3d 2d Kd 7s 7h,2h Qs,-1910,1910,14,1930,-20,-1910
11391,3797,0,BTN,0,3,True,9d 7c 4d Qh 6s,Ah 5s,142,-142,10,142,-10,-132
11392,3797,1,SB,0,2,False,9d 7c 4d Qh,2d Ad,100,-100,7,0,100,-100
11393,3797,2,BB,0,1,False,9d 7c 4d,Kd 3c,-20,20,5,0,20,-20
11394,3798,0,BTN,0,1,False,7d 9d Qc,Tc 4h,0,0,7,0,-120,120
11395,3798,1,SB,0,1,False,7d 9d Qc,Ah 6h,-60,60,6,0,-60,60
11396,3798,2,BB,0,3,False,7d 9d Qc Th Jc,9h Kh,20,-20,10,0,-20,20
11397,3799,0,BTN,0,1,False,3d 2d 8d,2h 9s,0,0,6,0,-20,20
11398,3799,1,SB,0,0,False,,7s 5c,-10,10,2,0,-10,10
11399,3799,2,BB,0,3,False,3d 2d 8d 8s 3h,As 4d,20,-20,10,0,-20,20
11400,3800,0,BTN,0,2,False,Kd 4s Ad 4h,8s Js,-215,215,7,-215,-10,225
11401,3800,1,SB,0,0,False,,4c Qd,-10,10,2,0,-10,10
11402,3800,2,BB,0,3,True,Kd 4s Ad 4h 2s,As 2d,-2000,2000,10,0,2000,-2000
11403,3801,0,BTN,0,3,True,3d Th Tc 7c 3s,Qh Kh,-50,50,12,-50,-1418,1468
11404,3801,1,SB,0,3,True,3d Th Tc 7c 3s,Ad Qc,255,-255,10,-235,255,-20
11405,3801,2,BB,0,3,True,3d Th Tc 7c 3s,Td Qs,515,-515,14,-60,-455,515
11406,3802,0,BTN,0,1,False,Qc 3h 3d,Th 7c,0,0,7,0,-120,120
11407,3802,1,SB,0,0,False,,Jh 4h,-10,10,2,0,-10,10
11408,3802,2,BB,0,3,True,Qc 3h 3d Tc Js,Ad Jd,40,-40,9,0,-40,40
11409,3803,0,BTN,0,2,False,Jc Kd As 9d,Jd 5d,100,-100,11,100,-50,-50
11410,3803,1,SB,0,0,False,,5h 6s,-10,10,2,0,-10,10
11411,3803,2,BB,0,3,True,Jc Kd As 9d Qd,3h 7h,0,0,9,0,0,0
11412,3804,0,BTN,0,1,False,3d Jh 8h,9s Kc,-380,380,7,-380,-10,390
11413,3804,1,SB,0,2,False,3d Jh 8h 2d,8s Tc,-262,262,11,-262,-262,524
11414,3804,2,BB,0,3,True,3d Jh 8h 2d 4h,9d Jd,2020,-2020,13,-20,-2000,2020
11415,3805,0,BTN,0,3,True,Ac 2s 9c Jc Ah,9h 3d,0,0,11,0,0,0
11416,3805,1,SB,0,3,True,Ac 2s 9c Jc Ah,8h Jh,0,0,12,0,0,0
11417,3805,2,BB,0,3,True,Ac 2s 9c Jc Ah,Js 7c,0,0,11,0,0,0
11418,3806,0,BTN,0,3,True,2h 5d Ad 8h 5s,Ks 7s,60,-60,9,60,-10,-50
11419,3806,1,SB,0,3,True,2h 5d Ad 8h 5s,3h Tc,-10,10,9,30,-10,-20
11420,3806,2,BB,0,3,True,2h 5d Ad 8h 5s,7h 4c,-20,20,12,40,-20,-20
11421,3807,0,BTN,0,3,True,Th Ah 2s Ks Qh,7h Ac,1280.5,-1280.5,9,1280.5,-1230.5,-50.0
11422,3807,1,SB,0,3,False,Th Ah 2s Ks Qh,Td Jd,100,-100,9,0,100,-100
11423,3807,2,BB,0,1,False,Th Ah 2s,3c 9s,-20,20,5,0,20,-20
11424,3808,0,BTN,0,3,True,3s 2c 9d 8c 2d,2h 3d,0,0,9,0,20,-20
11425,3808,1,SB,0,0,False,,6c Kd,-10,10,2,0,-10,10
11426,3808,2,BB,0,3,True,3s 2c 9d 8c 2d,Td Qc,-20,20,9,0,20,-20
11427,3809,0,BTN,0,3,True,3s 8c 5s 4s 9s,4h Ah,-50,50,12,-50,-50,100
11428,3809,1,SB,0,1,False,3s 8c 5s,7c Ad,-60,60,6,0,-60,60
11429,3809,2,BB,0,3,True,3s 8c 5s 4s 9s,Jd 8d,20,-20,9,0,-20,20
11430,3810,0,BTN,0,3,True,6c Qs 3d 8s 8c,Th 2h,0,0,12,0,-1280,1280
11431,3810,1,SB,0,0,False,,Tc 3c,-10,10,2,0,-10,10
11432,3810,2,BB,0,1,False,6c Qs 3d,2s 6s,-20,20,5,0,20,-20
11433,3811,0,BTN,0,2,False,Qs Th 2c 3h,8d 4s,0,0,9,0,-80,80
11434,3811,1,SB,0,0,False,,8h Jc,-10,10,2,0,-10,10
11435,3811,2,BB,0,3,False,Qs Th 2c 3h Qc,4d Td,20,-20,10,0,-20,20
11436,3812,0,BTN,0,3,True,Jh 7h 2h 3d 8d,Qs Jc,323,-323,11,323,-10,-313
11437,3812,1,SB,0,0,False,,7d 3h,-10,10,2,0,-10,10
11438,3812,2,BB,0,3,False,Jh 7h 2h 3d 8d,2d 5h,-320,320,9,0,320,-320
11439,3813,0,BTN,0,3,True,Kc Th 6d 2h 9s,4c 2c,0,0,9,0,-20,20
11440,3813,1,SB,0,0,False,,7c Qs,-10,10,2,0,-10,10
11441,3813,2,BB,0,3,True,Kc Th 6d 2h 9s,As 5h,60,-60,10,0,-60,60
11442,3814,0,BTN,0,0,False,,2h 3d,0,0,4,0,-20,20
11443,3814,1,SB,0,0,False,,Ts 3h,-10,10,2,0,-10,10
11444,3814,2,BB,0,3,True,3c Ks 2c Qc Qs,Kh Tc,2000,-2000,10,0,-2000,2000
11445,3815,0,BTN,0,3,True,6c Td Qs 5d 4h,Ad 7d,-50,50,12,-50,-50,100
11446,3815,1,SB,0,3,True,6c Td Qs 5d 4h,Kd 7h,-10,10,11,-145,-10,155
11447,3815,2,BB,0,3,True,6c Td Qs 5d 4h,8s Ac,40,-40,12,-20,-20,40
11448,3816,0,BTN,0,3,True,7s Ks 6c 8c Jh,5c 9c,0,0,9,0,20,-20
11449,3816,1,SB,0,0,False,,2s Ad,-10,10,2,0,-10,10
11450,3816,2,BB,0,3,True,7s Ks 6c 8c Jh,3d 2d,-40,40,9,0,40,-40
11451,3817,0,BTN,0,3,True,3s 7c Js 9d Qd,9s Kc,885,-885,9,885,-10,-875
11452,3817,1,SB,0,3,True,3s 7c Js 9d Qd,Qs Tc,350,-350,13,-262,350,-88
11453,3817,2,BB,0,3,True,3s 7c Js 9d Qd,Kd 7s,-20,20,12,-110,130,-20
11454,3818,0,BTN,0,1,False,Td Ac 7s,Kc 5s,0,0,6,0,-20,20
11455,3818,1,SB,0,0,False,,8h 2d,-10,10,2,0,-10,10
11456,3818,2,BB,0,2,False,Td Ac 7s 3h,Tc 7d,20,-20,8,0,-20,20
11457,3819,0,BTN,0,3,True,4s 2s Qh 8s Qd,Ac 8h,2010,-2010,10,2010,-10,-2000
11458,3819,1,SB,0,0,False,,7s 6h,-10,10,2,0,-10,10
11459,3819,2,BB,0,1,False,4s 2s Qh,5s 5c,20,-20,6,0,-20,20
11460,3820,0,BTN,0,3,True,9h 2s 5s 9c 7c,Qc 3c,-50,50,9,-50,70,-20
11461,3820,1,SB,0,2,False,9h 2s 5s 9c,Kd Th,-100,100,8,0,-100,100
11462,3820,2,BB,0,3,True,9h 2s 5s 9c 7c,4d 2h,20,-20,9,0,-20,20
11463,3821,0,BTN,0,0,False,,7d 4s,0,0,4,0,-20,20
11464,3821,1,SB,0,0,False,,3d 7c,-10,10,2,0,-10,10
11465,3821,2,BB,0,1,False,6h 8h 4h,Ah 9h,20,-20,6,0,-20,20
11466,3822,0,BTN,0,3,True,5s Kh Jd 4c 8s,Ts Td,100,-100,12,100,-50,-50
11467,3822,1,SB,0,2,False,5s Kh Jd 4c,7d 7h,-797,797,10,817,-797,-20
11468,3822,2,BB,0,3,True,5s Kh Jd 4c 8s,4h Ah,-20,20,13,1714,-1694,-20
11469,3823,0,BTN,0,0,False,,6d 8h,0,0,4,0,-20,20
11470,3823,1,SB,0,3,True,4h 9c 8s Ts 6h,Tc 9s,-2000,2000,10,0,-2000,2000
11471,3823,2,BB,0,3,True,4h 9c 8s Ts 6h,Jh 7c,1619.0476190476193,-1619.047619047619,10,0.0,-1619.047619047619,1619.0476190476193
11472,3824,0,BTN,0,0,False,,Kc 3h,0,0,4,0,-20,20
11473,3824,1,SB,0,0,False,,9h 2d,-10,10,2,0,-10,10
11474,3824,2,BB,0,3,True,Qh Th 2c Kd 4s,Jd Qs,107,-107,11,0,-107,107
11475,3825,0,BTN,0,3,True,6d Qc 8c 6h 8h,Ts 8d,133,-133,10,133,-10,-123
11476,3825,1,SB,0,3,True,6d Qc 8c 6h 8h,Td 9h,-250,250,9,0,-250,250
11477,3825,2,BB,0,3,True,6d Qc 8c 6h 8h,9s Kd,20,-20,9,0,-20,20
11478,3826,0,BTN,0,1,False,Jd Ks 2c,Jh Qc,100,-100,8,100,-50,-50
11479,3826,1,SB,0,1,False,Jd Ks 2c,5c Ah,60,-60,5,0,60,-60
11480,3826,2,BB,0,2,False,Jd Ks 2c As,3d 4h,-20,20,7,0,20,-20
11481,3827,0,BTN,0,2,False,4s 3s Ts 8h,9c Qd,-215,215,7,-215,-10,225
11482,3827,1,SB,0,0,False,,2d 6d,-10,10,2,0,-10,10
11483,3827,2,BB,0,1,False,4s 3s Ts,As Js,20,-20,6,0,-20,20
11484,3828,0,BTN,0,3,True,Qc Qd As 4s 9s,7h Ac,2010,-2010,12,2010,-10,-2000
11485,3828,1,SB,0,0,False,,9c 3d,-10,10,2,0,-10,10
11486,3828,2,BB,0,1,False,Qc Qd As,3c Kc,20,-20,6,0,-20,20
11487,3829,0,BTN,0,0,False,,2d Js,0,0,4,0,-20,20
11488,3829,1,SB,0,3,True,8s 2c Jd 9c Kd,6h 9h,250,-250,9,0,250,-250
11489,3829,2,BB,0,1,False,8s 2c Jd,4c 4d,20,-20,6,0,-20,20
11490,3830,0,BTN,0,0,False,,7h Qd,0,0,4,0,-20,20
11491,3830,1,SB,0,0,False,,9h 6d,-10,10,2,0,-10,10
11492,3830,2,BB,0,2,False,4s 6s 3d 3s,8d Kh,-80,80,8,0,80,-80
11493,3831,0,BTN,0,3,True,Jc Ts 7d 3d Jd,As 8c,-50,50,12,-50,-50,100
11494,3831,1,SB,0,3,True,Jc Ts 7d 3d Jd,Ah 8d,-1000,1000,10,0,-1000,1000
11495,3831,2,BB,0,3,True,Jc Ts 7d 3d Jd,7c 4d,20,-20,9,0,-20,20
11496,3832,0,BTN,0,2,False,9c 8h Jc 7d,Ad Ts,-50,50,7,-50,-10,60
11497,3832,1,SB,0,0,False,,3c 8d,-10,10,2,0,-10,10
11498,3832,2,BB,0,3,True,9c 8h Jc 7d 4d,Kd Td,2000,-2000,11,0,-2000,2000
11499,3833,0,BTN,0,1,False,2c 7h Kc,Th 4c,0,0,7,0,-120,120
11500,3833,1,SB,0,0,False,,Qh 3d,-10,10,2,0,-10,10
11501,3833,2,BB,0,3,False,2c 7h Kc Js Td,Ad Kh,107,-107,12,0,-107,107
11502,3834,0,BTN,0,3,True,7c Ts Ac 3d 6h,Qd Tc,1268,-1268,13,1268,-1180,-88
11503,3834,1,SB,0,0,False,,Js 7d,-10,10,2,0,-10,10
11504,3834,2,BB,0,1,False,7c Ts Ac,Kh 5h,-20,20,5,0,20,-20
11505,3835,0,BTN,0,1,False,Th 2s 2d,8s Kc,0,0,5,0,20,-20
11506,3835,1,SB,0,0,False,,Td 7s,-10,10,2,0,-10,10
11507,3835,2,BB,0,1,False,Th 2s 2d,6s 9s,-20,20,5,0,20,-20
11508,3836,0,BTN,0,2,False,7d 8s 7s 5s,3s 9h,0,0,9,0,-120,120
11509,3836,1,SB,0,0,False,,4h Qh,-60,60,4,0,-60,60
11510,3836,2,BB,0,3,True,7d 8s 7s 5s 7c,Ad Ks,20,-20,9,0,-20,20
11511,3837,0,BTN,0,3,False,As 5h Ac 8d Kc,3s 8c,0,0,9,0,20,-20
11512,3837,1,SB,0,2,False,As 5h Ac 8d,2c Qc,100,-100,7,0,100,-100
11513,3837,2,BB,0,2,False,As 5h Ac 8d,6d 9d,-20,20,7,0,20,-20
11514,3838,0,BTN,0,3,True,5s Qh 8h Jd Tc,7s Js,100,-100,12,100,-50,-50
11515,3838,1,SB,0,2,False,5s Qh 8h Jd,8d 6d,-88,88,12,176,-88,-88
11516,3838,2,BB,0,2,False,5s Qh 8h Jd,6s Kh,-20,20,11,40,-20,-20
11517,3839,0,BTN,0,3,False,Jh 3d 6c 9h 8c,3c Ah,0,0,10,0,-20,20
11518,3839,1,SB,0,0,False,,2s 5h,-10,10,2,0,-10,10
11519,3839,2,BB,0,3,False,Jh 3d 6c 9h 8c,7s Tc,20,-20,10,0,-20,20
11520,3840,0,BTN,0,1,False,9c Kh Qd,8s 9d,0,0,5,0,20,-20
11521,3840,1,SB,0,3,False,9c Kh Qd Ad 6h,Qc 9h,100,-100,9,0,100,-100
11522,3840,2,BB,0,1,False,9c Kh Qd,Ts 2h,-20,20,5,0,20,-20
11523,3841,0,BTN,0,3,True,Ts 9c 5s 7h 5d,8h 7s,0,0,10,0,-1520,1520
11524,3841,1,SB,0,3,True,Ts 9c 5s 7h 5d,9d 8d,-1200,1200,11,0,-1200,1200
11525,3841,2,BB,0,2,False,Ts 9c 5s 7h,As 5h,-80,80,7,0,80,-80
11526,3842,0,BTN,0,1,False,9d Qd 7d,As 5h,-50,50,6,-50,100,-50
11527,3842,1,SB,0,2,False,9d Qd 7d Kd,Jd Td,60,-60,7,0,60,-60
11528,3842,2,BB,0,1,False,9d Qd 7d,5c 3s,-20,20,5,0,20,-20
11529,3843,0,BTN,0,3,True,Ad 4d Ac 3s 7h,7c 6c,199,-199,14,199,-50,-149
11530,3843,1,SB,0,0,False,,3d Js,-10,10,2,0,-10,10
11531,3843,2,BB,0,3,True,Ad 4d Ac 3s 7h,8s Ks,-80,80,9,0,80,-80
11532,3844,0,BTN,0,0,False,,2c 3d,0,0,4,0,-20,20
11533,3844,1,SB,0,0,False,,5s 8d,-10,10,2,0,-10,10
11534,3844,2,BB,0,3,True,6c 7h 2h 4c Ah,4d Kc,-320,320,9,0,320,-320
11535,3845,0,BTN,0,1,False,Qc 6d 5d,5c 8d,0,0,6,0,120,-120
11536,3845,1,SB,0,0,False,,6s 5h,-10,10,2,0,-10,10
11537,3845,2,BB,0,1,False,Qc 6d 5d,4s 3s,-170,170,7,0,170,-170
11538,3846,0,BTN,0,3,True,6s 3s Qd 9c 3d,Kh Ah,-50,50,12,-50,-1987,2037
11539,3846,1,SB,0,0,False,,8c 6c,-88,88,5,108,-88,-20
11540,3846,2,BB,0,3,True,6s 3s Qd 9c 3d,Qc 7s,2040,-2040,15,-40,-2000,2040
11541,3847,0,BTN,0,0,False,,6h Ks,0,0,4,0,-20,20
11542,3847,1,SB,0,3,True,2h 7h Kc 3h Th,8s 4d,-10,10,11,-1770,-10,1780
11543,3847,2,BB,0,3,True,2h 7h Kc 3h Th,Kd Qh,2020,-2020,14,-2000,-20,2020
11544,3848,0,BTN,0,3,True,5h 2d 3d 3h 3s,Ts Jd,60,-60,9,60,-10,-50
11545,3848,1,SB,0,0,False,,2s 9h,-10,10,2,0,-10,10
11546,3848,2,BB,0,2,False,5h 2d 3d 3h,7h 9c,-80,80,8,0,80,-80
11547,3849,0,BTN,0,2,False,Qs 4d 2c 7s,5c 5d,-50,50,10,-50,-50,100
11548,3849,1,SB,0,3,True,Qs 4d 2c 7s 5s,Ac 6s,-88,88,13,1628,-88,-1540
11549,3849,2,BB,0,3,True,Qs 4d 2c 7s 5s,7d Kh,-110,110,14,130,-20,-110
11550,3850,0,BTN,0,3,True,As 6c 6d 7h Qh,7s Tc,0,0,9,0,-20,20
11551,3850,1,SB,0,0,False,,4d 3s,-10,10,2,0,-10,10
11552,3850,2,BB,0,3,True,As 6c 6d 7h Qh,9h 2c,20,-20,9,0,-20,20
11553,3851,0,BTN,0,1,False,4s 6h Td,Qh 9s,-50,50,5,-50,70,-20
11554,3851,1,SB,0,0,False,,Ac 6d,20,-20,3,0,20,-20
11555,3851,2,BB,0,1,False,4s 6h Td,2s 9d,-20,20,5,0,20,-20
11556,3852,0,BTN,0,3,False,3d 2c Kh Qc 9c,As 5h,-50,50,12,-50,100,-50
11557,3852,1,SB,0,3,False,3d 2c Kh Qc 9c,Ac 8c,60,-60,9,0,60,-60
11558,3852,2,BB,0,2,False,3d 2c Kh Qc,8s Th,-20,20,7,0,20,-20
11559,3853,0,BTN,0,3,True,Qd Tc 3d 5c 5h,6h 7s,0,0,10,0,-1520,1520
11560,3853,1,SB,0,0,False,,4h Td,-10,10,2,0,-10,10
11561,3853,2,BB,0,3,True,Qd Tc 3d 5c 5h,Qh 8s,2000,-2000,10,0,-2000,2000
11562,3854,0,BTN,0,3,True,Ac 9c 8s 6d 8d,3s As,2010,-2010,12,2010,-10,-2000
11563,3854,1,SB,0,0,False,,2d 7d,-10,10,2,0,-10,10
11564,3854,2,BB,0,1,False,Ac 9c 8s,3c 6c,20,-20,6,0,-20,20
11565,3855,0,BTN,0,3,True,7c 6s 9c 6d Qh,Kh 9h,1281,-1281,11,1281,-10,-1271
11566,3855,1,SB,0,3,True,7c 6s 9c 6d Qh,3d 2h,-10,10,11,1780,-10,-1770
11567,3855,2,BB,0,3,True,7c 6s 9c 6d Qh,Tc Ad,-1595,1595,12,1605,-10,-1595
11568,3856,0,BTN,0,3,False,7c 8c 5s 6c Ac,Qh 6d,0,0,11,0,-120,120
11569,3856,1,SB,0,3,False,7c 8c 5s 6c Ac,Kd 2d,-60,60,10,0,-60,60
11570,3856,2,BB,0,3,False,7c 8c 5s 6c Ac,3h Qc,20,-20,10,0,-20,20
11571,3857,0,BTN,0,2,False,3h 5d Ad 6d,8d 3c,0,0,8,0,-20,20
11572,3857,1,SB,0,0,False,,7d Tc,-10,10,2,0,-10,10
11573,3857,2,BB,0,1,False,3h 5d Ad,2d Jd,20,-20,6,0,-20,20
11574,3858,0,BTN,0,3,True,5h 7h Td 4c 7c,Ts 2h,0,0,9,0,320,-320
11575,3858,1,SB,0,3,True,5h 7h Td 4c 7c,6d 5d,250,-250,9,0,250,-250
11576,3858,2,BB,0,2,False,5h 7h Td 4c,6s Kd,-60,60,8,0,60,-60
11577,3859,0,BTN,0,2,False,8d 8s 6d 6h,4d 4h,-215,215,7,-215,-10,225
11578,3859,1,SB,0,0,False,,Td 7s,-10,10,2,0,-10,10
11579,3859,2,BB,0,3,True,8d 8s 6d 6h 9d,Ah 7d,-240,240,10,0,240,-240
11580,3860,0,BTN,0,0,False,,Qh 3c,0,0,4,0,-20,20
11581,3860,1,SB,0,3,False,7s 7c Ah 4h 7d,9s 8s,-150,150,10,0,-150,150
11582,3860,2,BB,0,3,False,7s 7c Ah 4h 7d,4s 3d,20,-20,10,0,-20,20
11583,3861,0,BTN,0,3,True,3s 5h 4c 6d 8s,Ts 8c,0,0,12,0,0,0
11584,3861,1,SB,0,0,False,,3d 2s,-10,10,2,0,-10,10
11585,3861,2,BB,0,3,True,3s 5h 4c 6d 8s,2c 3c,0,0,11,0,0,0
11586,3862,0,BTN,0,1,False,6h 8h Qc,7s 3c,0,0,5,0,20,-20
11587,3862,1,SB,0,0,False,,3s 8d,-10,10,2,0,-10,10
11588,3862,2,BB,0,2,False,6h 8h Qc 6s,7h 5d,-80,80,7,0,80,-80
11589,3863,0,BTN,0,1,False,6s Qs Tc,4d 9s,0,0,5,0,20,-20
11590,3863,1,SB,0,1,False,6s Qs Tc,Js Qc,60,-60,5,0,60,-60
11591,3863,2,BB,0,3,False,6s Qs Tc 3h 2s,7d 5d,-320,320,9,0,320,-320
11592,3864,0,BTN,0,1,False,Ad 6c 3s,7c Th,0,0,5,0,20,-20
11593,3864,1,SB,0,2,False,Ad 6c 3s 3h,Ah Jc,100,-100,7,0,100,-100
11594,3864,2,BB,0,1,False,Ad 6c 3s,9d Js,-20,20,5,0,20,-20
11595,3865,0,BTN,0,3,False,Ad 3c 2h 4s 7d,Td 6s,0,0,9,0,20,-20
11596,3865,1,SB,0,0,False,,Jh 7s,-10,10,2,0,-10,10
11597,3865,2,BB,0,1,False,Ad 3c 2h,9d 8h,20,-20,6,0,-20,20
11598,3866,0,BTN,0,3,True,Qs 2d Jc 2s 3d,3s Kd,0,0,9,0,-20,20
11599,3866,1,SB,0,0,False,,5h 4c,-10,10,2,0,-10,10
11600,3866,2,BB,0,3,True,Qs 2d Jc 2s 3d,6s 7c,20,-20,9,0,-20,20
11601,3867,0,BTN,0,1,False,9h Qh Tc,5c 8s,0,0,5,0,120,-120
11602,3867,1,SB,0,2,False,9h Qh Tc 9s,Jh Jd,60,-60,7,0,60,-60
11603,3867,2,BB,0,0,False,,7c 5s,-20,20,3,0,20,-20
11604,3868,0,BTN,0,1,False,7h Kd 3s,4d 2d,0,0,6,0,-20,20
11605,3868,1,SB,0,0,False,,6d 8c,-10,10,2,0,-10,10
11606,3868,2,BB,0,1,False,7h Kd 3s,Ks 3c,20,-20,6,0,-20,20
11607,3869,0,BTN,0,3,True,Qc 7s 2s Kc 6h,5h Ah,-50,50,12,-50,-50,100
11608,3869,1,SB,0,3,True,Qc 7s 2s Kc 6h,9h Jh,-150,150,9,0,-150,150
11609,3869,2,BB,0,3,True,Qc 7s 2s Kc 6h,Th Ac,20,-20,9,0,-20,20
11610,3870,0,BTN,0,3,True,9s 4d 5h 4c Ah,5c 3d,0,0,10,0,-1520,1520
11611,3870,1,SB,0,0,False,,5s 8c,-10,10,2,0,-10,10
11612,3870,2,BB,0,3,True,9s 4d 5h 4c Ah,4h Qc,1904.7619047619046,-1904.7619047619048,10,0.0,-1904.7619047619048,1904.7619047619046
11613,3871,0,BTN,0,1,False,4c Jd 4d,Td 6c,0,0,7,0,-120,120
11614,3871,1,SB,0,0,False,,Qc 5s,-10,10,2,0,-10,10
11615,3871,2,BB,0,3,True,4c Jd 4d Qs Th,Tc Ts,2000,-2000,12,0,-2000,2000
11616,3872,0,BTN,0,2,False,Js 2h Tc 7c,8s 7h,0,0,8,0,-20,20
11617,3872,1,SB,0,0,False,,9c 6d,-10,10,2,0,-10,10
11618,3872,2,BB,0,3,True,Js 2h Tc 7c 7d,2c 8c,20,-20,9,0,-20,20
11619,3873,0,BTN,0,1,False,Ts 3h Qc,2h Qs,0,0,6,0,-20,20
11620,3873,1,SB,0,0,False,,Jc 5s,-10,10,2,0,-10,10
11621,3873,2,BB,0,3,True,Ts 3h Qc 5h 7c,9s Tc,186,-186,10,0,-186,186
11622,3874,0,BTN,0,3,True,6h Ks 4h As 2d,Kc 2c,1532.6190476190477,-1532.6190476190477,8,1532.6190476190477,-10.0,-1522.6190476190477
11623,3874,1,SB,0,0,False,,9h 3h,-10,10,2,0,-10,10
11624,3874,2,BB,0,2,False,6h Ks 4h As,4c 7c,80,-80,9,0,-80,80
11625,3875,0,BTN,0,3,False,Js 3d 7s 2d 2s,Ts As,96,-96,11,96,-10,-86
11626,3875,1,SB,0,1,False,Js 3d 7s,Qd 9c,-88,88,7,108,-88,-20
11627,3875,2,BB,0,1,False,Js 3d 7s,Tc Qc,-20,20,8,40,-20,-20
11628,3876,0,BTN,0,3,True,Jc 5s 6d 4h Qh,Kd 8d,-50,50,12,-50,100,-50
11629,3876,1,SB,0,3,True,Jc 5s 6d 4h Qh,7h 7c,255,-255,10,-235,255,-20
11630,3876,2,BB,0,3,True,Jc 5s 6d 4h Qh,Kh 3s,-20,20,12,-20,40,-20
11631,3877,0,BTN,0,3,True,5s Kc Ks Ah 2c,6c As,2010,-2010,13,2010,-10,-2000
11632,3877,1,SB,0,0,False,,8d 5c,-10,10,2,0,-10,10
11633,3877,2,BB,0,1,False,5s Kc Ks,Ts 2h,-20,20,5,0,20,-20
11634,3878,0,BTN,0,3,True,7h 6d 7d 2h Qh,3c 2c,0,0,9,0,20,-20
11635,3878,1,SB,0,0,False,,4s Th,-10,10,2,0,-10,10
11636,3878,2,BB,0,3,True,7h 6d 7d 2h Qh,3s 5h,-20,20,9,0,20,-20
11637,3879,0,BTN,0,2,False,4s Th 8s 6s,Js Td,149,-149,9,149,-129,-20
11638,3879,1,SB,0,0,False,,3h Jd,-10,10,2,0,-10,10
11639,3879,2,BB,0,2,False,4s Th 8s 6s,Tc 3s,46,-46,9,0,-46,46
11640,3880,0,BTN,0,3,False,Qs Ks 3s Th 2h,5c Kh,0,0,9,0,320,-320
11641,3880,1,SB,0,3,False,Qs Ks 3s Th 2h,Jd 9s,100,-100,9,0,100,-100
11642,3880,2,BB,0,3,False,Qs Ks 3s Th 2h,6c Js,-320,320,9,0,320,-320
11643,3881,0,BTN,0,3,True,Qc 3d Jc 5s 4d,8c Qs,0,0,10,0,-1920,1920
11644,3881,1,SB,0,0,False,,5c 7s,-10,10,2,0,-10,10
11645,3881,2,BB,0,3,True,Qc 3d Jc 5s 4d,9c 9h,320,-320,9,0,-320,320
11646,3882,0,BTN,0,1,False,Td 6d 2s,Jd 5s,0,0,7,0,-120,120
11647,3882,1,SB,0,0,False,,5d Jc,-10,10,2,0,-10,10
11648,3882,2,BB,0,2,False,Td 6d 2s 8s,Ts Kh,20,-20,8,0,-20,20
11649,3883,0,BTN,0,1,False,Qs 3s Ts,9c Jh,-380,380,7,-380,-10,390
11650,3883,1,SB,0,1,False,Qs 3s Ts,8c 4c,-10,10,6,-120,-10,130
11651,3883,2,BB,0,3,True,Qs 3s Ts Jc 7d,Ah Qd,172,-172,12,-152,-20,172
11652,3884,0,BTN,0,1,False,6h Kc 5d,4d 2h,0,0,5,0,20,-20
11653,3884,1,SB,0,0,False,,5h 8s,-10,10,2,0,-10,10
11654,3884,2,BB,0,1,False,6h Kc 5d,2s 9h,-20,20,5,0,20,-20
11655,3885,0,BTN,0,1,False,2d 8c Ad,6c Qd,0,0,5,0,120,-120
11656,3885,1,SB,0,3,True,2d 8c Ad Th 4d,7d 7c,100,-100,9,0,100,-100
11657,3885,2,BB,0,0,False,,Jd 6h,-20,20,3,0,20,-20
11658,3886,0,BTN,0,3,True,9h Kd 9c 8s Jd,2s 9s,0,0,10,0,1920,-1920
11659,3886,1,SB,0,2,False,9h Kd 9c 8s,5h 5d,-100,100,8,0,-100,100
11660,3886,2,BB,0,3,True,9h Kd 9c 8s Jd,Ah Qc,-320,320,9,0,320,-320
11661,3887,0,BTN,0,3,True,Qc 7d 2h 5d Kh,Jc 2d,0,0,9,0,20,-20
11662,3887,1,SB,0,3,True,Qc 7d 2h 5d Kh,9c Tc,60,-60,9,0,60,-60
11663,3887,2,BB,0,3,True,Qc 7d 2h 5d Kh,4d 8c,-20,20,9,0,20,-20
11664,3888,0,BTN,0,3,True,2c 7c Td As 9c,Th 2d,0,0,12,0,-1920,1920
11665,3888,1,SB,0,3,True,2c 7c Td As 9c,3h 3c,-1995,1995,12,0,-1995,1995
11666,3888,2,BB,0,3,True,2c 7c Td As 9c,Qc Ad,107,-107,11,0,-107,107
11667,3889,0,BTN,0,3,True,4h Th 8d Ah 7h,9d 6c,0,0,11,0,-1520,1520
11668,3889,1,SB,0,0,False,,As 3c,-10,10,2,0,-10,10
11669,3889,2,BB,0,3,True,4h Th 8d Ah 7h,Ad 9h,1571.4285714285716,-1571.4285714285716,10,0.0,-1571.4285714285716,1571.4285714285716
11670,3890,0,BTN,0,0,False,,Qh 5d,0,0,4,0,-20,20
11671,3890,1,SB,0,0,False,,3s 9d,-10,10,2,0,-10,10
11672,3890,2,BB,0,1,False,Th 6d Kc,Ad Ah,20,-20,6,0,-20,20
11673,3891,0,BTN,0,3,True,9d 8s 6h Qd 4s,2h Ah,100,-100,12,100,-50,-50
11674,3891,1,SB,0,0,False,,Js 3h,-10,10,2,0,-10,10
11675,3891,2,BB,0,3,True,9d 8s 6h Qd 4s,Jh 5s,0,0,9,0,0,0
11676,3892,0,BTN,0,1,False,2d Th 9h,4s 9s,0,0,7,0,-120,120
11677,3892,1,SB,0,0,False,,Qc 3s,-10,10,2,0,-10,10
11678,3892,2,BB,0,3,True,2d Th 9h Tc 2s,As Js,20,-20,9,0,-20,20
11679,3893,0,BTN,0,0,False,,6h 9c,0,0,4,0,-20,20
11680,3893,1,SB,0,0,False,,3c 2s,-10,10,2,0,-10,10
11681,3893,2,BB,0,3,True,2d 9s Js 6c 3d,7s 7h,-320,320,9,0,320,-320
11682,3894,0,BTN,0,3,True,Jd As Th 8s Kc,4h Ad,1377,-1377,11,1377,-10,-1367
11683,3894,1,SB,0,0,False,,4d 3h,-10,10,2,0,-10,10
11684,3894,2,BB,0,3,True,Jd As Th 8s Kc,Kd 9d,20,-20,9,0,-20,20
11685,3895,0,BTN,0,1,False,9c Qd 9d,2h Qc,0,0,5,0,20,-20
11686,3895,1,SB,0,0,False,,7s Qs,20,-20,3,0,20,-20
11687,3895,2,BB,0,1,False,9c Qd 9d,Th 4h,-20,20,5,0,20,-20
11688,3896,0,BTN,0,0,False,,6d 9h,0,0,4,0,-20,20
11689,3896,1,SB,0,3,True,9c 3d Qc Ah Js,5s 4s,-250,250,9,0,-250,250
11690,3896,2,BB,0,3,True,9c 3d Qc Ah Js,8h Ks,20,-20,9,0,-20,20
11691,3897,0,BTN,0,1,False,Ts Qs 3c,Js As,60,-60,6,60,-10,-50
11692,3897,1,SB,0,1,False,Ts Qs 3c,6c 7d,-10,10,6,30,-10,-20
11693,3897,2,BB,0,1,False,Ts Qs 3c,Kd 5d,-20,20,8,40,-20,-20
11694,3898,0,BTN,0,3,True,3s 8c Td 6s 6h,5c 4s,0,0,9,0,40,-40
11695,3898,1,SB,0,0,False,,3d 4d,-10,10,2,0,-10,10
11696,3898,2,BB,0,2,False,3s 8c Td 6s,5h Qs,-20,20,7,0,20,-20
11697,3899,0,BTN,0,3,False,Qh 3s 8d 4d 9h,Kh 7h,-50,50,13,-50,-50,100
11698,3899,1,SB,0,3,False,Qh 3s 8d 4d 9h,5c Js,-10,10,9,-20,-10,30
11699,3899,2,BB,0,3,False,Qh 3s 8d 4d 9h,Td Jd,40,-40,13,-20,-20,40
11700,3900,0,BTN,0,3,True,3c 6s 2c 5c 6h,7s 7d,-1639,1639,10,-1639,-10,1649
11701,3900,1,SB,0,3,True,3c 6s 2c 5c 6h,3h Td,-10,10,10,-1595,-10,1605
11702,3900,2,BB,0,3,True,3c 6s 2c 5c 6h,8c Tc,342,-342,15,-40,-302,342
11703,3901,0,BTN,0,1,False,8c Ks Ah,5h 7d,0,0,6,0,-20,20
11704,3901,1,SB,0,0,False,,7h 9s,-10,10,2,0,-10,10
11705,3901,2,BB,0,2,False,8c Ks Ah 4c,9h Ad,20,-20,8,0,-20,20
11706,3902,0,BTN,0,3,True,Kc Jd 6s 3d 5d,Ah As,2010,-2010,12,2010,-10,-2000
11707,3902,1,SB,0,3,True,Kc Jd 6s 3d 5d,5c Qd,-10,10,10,1780,-10,-1770
11708,3902,2,BB,0,3,True,Kc Jd 6s 3d 5d,Ks 7s,-1522.6190476190477,1522.6190476190477,10,1532.6190476190477,-10.0,-1522.6190476190477
11709,3903,0,BTN,0,1,False,Jd 5d 3d,Kd 6s,0,0,5,0,20,-20
11710,3903,1,SB,0,1,False,Jd 5d 3d,2d Ac,-10,10,6,30,-10,-20
11711,3903,2,BB,0,3,True,Jd 5d 3d 6h 9h,8d 4c,-20,20,12,40,-20,-20
11712,3904,0,BTN,0,3,True,Ts Ks 9d Jc 8h,4d 9h,0,0,9,0,0,0
11713,3904,1,SB,0,0,False,,9s 5d,-10,10,2,0,-10,10
11714,3904,2,BB,0,1,False,Ts Ks 9d,9c 3c,-20,20,5,0,20,-20
11715,3905,0,BTN,0,3,True,Ts Kh 2s Kd 3d,9d 4c,0,0,12,0,-1920,1920
11716,3905,1,SB,0,2,False,Ts Kh 2s Kd,Qd 8d,-150,150,8,0,-150,150
11717,3905,2,BB,0,3,True,Ts Kh 2s Kd 3d,6s 6h,46,-46,10,0,-46,46
11718,3906,0,BTN,0,3,True,Qc 8s 5h 6c 6h,8d Ts,-275,275,13,-275,-50,325
11719,3906,1,SB,0,3,False,Qc 8s 5h 6c 6h,Kc 9h,-400,400,11,0,-400,400
11720,3906,2,BB,0,3,False,Qc 8s 5h 6c 6h,6d Ks,20,-20,10,0,-20,20
11721,3907,0,BTN,0,3,True,5h 3s 5s 2c Ks,6d Jc,0,0,9,0,-20,20
11722,3907,1,SB,0,0,False,,8d 6c,-10,10,2,0,-10,10
11723,3907,2,BB,0,3,True,5h 3s 5s 2c Ks,4h 9d,20,-20,9,0,-20,20
11724,3908,0,BTN,0,3,True,5d Js As Ks Qs,3d 3c,60,-60,9,60,-10,-50
11725,3908,1,SB,0,1,False,5d Js As,4s 5s,60,-60,5,0,60,-60
11726,3908,2,BB,0,1,False,5d Js As,7d 2h,-20,20,5,0,20,-20
11727,3909,0,BTN,0,3,True,4c 2d 8s Qh 5h,9s Jd,-200,200,10,-200,-10,210
11728,3909,1,SB,0,3,True,4c 2d 8s Qh 5h,3s Qd,-10,10,9,-40,-10,50
11729,3909,2,BB,0,2,False,4c 2d 8s Qh,Td 2h,-20,20,9,-20,40,-20
11730,3910,0,BTN,0,3,True,7c Js 6d Jc 2h,8s Kh,-1755,1755,9,-1755,-10,1765
11731,3910,1,SB,0,1,False,7c Js 6d,Ad 4h,-60,60,6,0,-60,60
11732,3910,2,BB,0,3,True,7c Js 6d Jc 2h,6h Td,93,-93,10,0,-93,93
11733,3911,0,BTN,0,3,True,2c 3s 2d 7h 3c,Jh 6h,100,-100,12,100,-50,-50
11734,3911,1,SB,0,2,False,2c 3s 2d 7h,8c Tc,60,-60,7,0,60,-60
11735,3911,2,BB,0,1,False,2c 3s 2d,8s 9c,20,-20,6,0,-20,20
11736,3912,0,BTN,0,3,True,Jh 6h Tc Kc Qs,2c Th,0,0,9,0,20,-20
11737,3912,1,SB,0,0,False,,3h Qd,-10,10,2,0,-10,10
11738,3912,2,BB,0,3,True,Jh 6h Tc Kc Qs,8s 3c,-20,20,9,0,20,-20
11739,3913,0,BTN,0,1,False,Tc 2s 9s,Kd Ac,-50,50,5,-50,-10,60
11740,3913,1,SB,0,3,True,Tc 2s 9s 6c Qs,4d 9c,-10,10,11,-1808,-10,1818
11741,3913,2,BB,0,3,True,Tc 2s 9s 6c Qs,Ah Th,2040,-2040,15,-40,-2000,2040
11742,3914,0,BTN,0,2,False,Js Td 7c 5h,Kd 3d,-215,215,7,-215,-10,225
11743,3914,1,SB,0,0,False,,5s Ts,-10,10,2,0,-10,10
11744,3914,2,BB,0,3,True,Js Td 7c 5h Jc,Th 8d,-904.7619047619048,904.7619047619046,10,0.0,904.7619047619046,-904.7619047619048
11745,3915,0,BTN,0,3,True,5c 6s Td 9h Qh,Ah 2h,60,-60,9,60,-10,-50
11746,3915,1,SB,0,0,False,,8s 5h,-10,10,2,0,-10,10
11747,3915,2,BB,0,2,False,5c 6s Td 9h,Jd 2c,-20,20,7,0,20,-20
11748,3916,0,BTN,0,3,True,3s Qh 9d Td 7s,Ac 3h,0,0,9,0,80,-80
11749,3916,1,SB,0,0,False,,9c 4c,-10,10,2,0,-10,10
11750,3916,2,BB,0,3,True,3s Qh 9d Td 7s,Jd 2d,-80,80,9,0,80,-80
11751,3917,0,BTN,0,1,False,8d 5d Qc,9c Kh,-50,50,5,-50,-10,60
11752,3917,1,SB,0,2,False,8d 5d Qc Ad,Jc 8s,-10,10,8,-495,-10,505
11753,3917,2,BB,0,2,False,8d 5d Qc Ad,As Tc,-20,20,8,-110,130,-20
11754,3918,0,BTN,0,3,True,3h 3d Ah 7s 2s,6h 9d,0,0,11,0,-1704,1704
11755,3918,1,SB,0,3,True,3h 3d Ah 7s 2s,Tc As,-1571.4285714285716,1571.4285714285716,9,0.0,-1571.4285714285716,1571.4285714285716
11756,3918,2,BB,0,3,True,3h 3d Ah 7s 2s,Kc Ac,1540.0,-1540.0,8,0.0,-1540.0,1540.0
11757,3919,0,BTN,0,3,True,3c Js Jh Jd 5s,Jc Ts,2020.0,-2020.0,9,2020.0,-2000.0,-20.0
11758,3919,1,SB,0,2,False,3c Js Jh Jd,7c As,60,-60,7,0,60,-60
11759,3919,2,BB,0,1,False,3c Js Jh,2d 7d,-20,20,5,0,20,-20
11760,3920,0,BTN,0,1,False,7h Kh 5s,2c 5h,0,0,5,0,20,-20
11761,3920,1,SB,0,0,False,,3h 7c,-10,10,2,0,-10,10
11762,3920,2,BB,0,1,False,7h Kh 5s,4c Td,-20,20,5,0,20,-20
11763,3921,0,BTN,0,3,True,7s 3c 9c 6d Th,5d 6s,0,0,9,0,-1280,1280
11764,3921,1,SB,0,3,True,7s 3c 9c 6d Th,Jc 9s,-400,400,10,0,-400,400
11765,3921,2,BB,0,3,True,7s 3c 9c 6d Th,3d 8s,2000,-2000,10,0,-2000,2000
11766,3922,0,BTN,0,3,True,Th Kd 3c 4d Ad,2d Qh,0,0,11,0,-1704,1704
11767,3922,1,SB,0,3,True,Th Kd 3c 4d Ad,Ks Js,-1740,1740,10,0,-1740,1740
11768,3922,2,BB,0,3,True,Th Kd 3c 4d Ad,Jh Qd,2000,-2000,10,0,-2000,2000
11769,3923,0,BTN,0,3,True,9h 4s Kh 9d 8c,3h Kc,0,0,9,0,-20,20
11770,3923,1,SB,0,0,False,,7s 6c,-10,10,2,0,-10,10
11771,3923,2,BB,0,1,False,9h 4s Kh,Ts 7h,20,-20,6,0,-20,20
11772,3924,0,BTN,0,3,True,9h Td 4s 2s Ah,Js Ad,133,-133,10,133,-10,-123
11773,3924,1,SB,0,1,False,9h Td 4s,5s 4c,-10,10,7,130,-10,-120
11774,3924,2,BB,0,3,True,9h Td 4s 2s Ah,2d Kd,-220,220,16,260,-40,-220
11775,3925,0,BTN,0,1,False,Jc 8c Js,8h 2h,0,0,6,0,-20,20
11776,3925,1,SB,0,0,False,,2d 5d,-10,10,2,0,-10,10
11777,3925,2,BB,0,3,True,Jc 8c Js 3d 2s,Ac 7d,-80,80,9,0,80,-80
11778,3926,0,BTN,0,1,False,3h 6d As,Ts 3s,0,0,6,0,-20,20
11779,3926,1,SB,0,0,False,,9c 5h,-10,10,2,0,-10,10
11780,3926,2,BB,0,1,False,3h 6d As,3c Ad,20,-20,6,0,-20,20
11781,3927,0,BTN,0,3,True,Jc 6h Ah Ks 2s,9h 8h,-215,215,9,-215,-10,225
11782,3927,1,SB,0,0,False,,8s 4s,-10,10,2,0,-10,10
11783,3927,2,BB,0,3,True,Jc 6h Ah Ks 2s,Qh 5h,20,-20,9,0,-20,20
11784,3928,0,BTN,0,0,False,,4c Qh,0,0,4,0,-20,20
11785,3928,1,SB,0,0,False,,Td 7c,-10,10,2,0,-10,10
11786,3928,2,BB,0,1,False,5d Kd Qc,Kh Qs,20,-20,6,0,-20,20
11787,3929,0,BTN,0,1,False,6d 9c 2d,Jc 7h,0,0,5,0,20,-20
11788,3929,1,SB,0,2,False,6d 9c 2d Ks,6h 9d,-10,10,7,-20,-10,30
11789,3929,2,BB,0,1,False,6d 9c 2d,3s Kc,-20,20,6,-20,40,-20
11790,3930,0,BTN,0,3,True,8s Qh 5h 4s Ts,7h Ad,-50,50,12,-50,-50,100
11791,3930,1,SB,0,0,False,,Jh 3s,-10,10,2,0,-10,10
11792,3930,2,BB,0,3,True,8s Qh 5h 4s Ts,Td 6d,20,-20,9,0,-20,20
11793,3931,0,BTN,0,3,True,Kh 8h 3s Td Jd,Js Qd,350,-350,15,350,-88,-262
11794,3931,1,SB,0,3,True,Kh 8h 3s Td Jd,8d 7d,-600,600,11,0,-600,600
11795,3931,2,BB,0,1,False,Kh 8h 3s,6d Tc,-20,20,5,0,20,-20
11796,3932,0,BTN,0,3,False,4h 2s 8s 9h Qh,Ah 2d,0,0,10,0,120,-120
11797,3932,1,SB,0,3,False,4h 2s 8s 9h Qh,Kh 5h,250,-250,9,0,250,-250
11798,3932,2,BB,0,3,False,4h 2s 8s 9h Qh,Kc Tc,-20,20,9,0,20,-20
11799,3933,0,BTN,0,1,False,9d As Js,Ad 3s,0,0,5,0,20,-20
11800,3933,1,SB,0,2,False,9d As Js 3h,Jc Tc,100,-100,7,0,100,-100
11801,3933,2,BB,0,2,False,9d As Js 3h,6d 8s,-80,80,7,0,80,-80
11802,3934,0,BTN,0,2,False,6c 4s 3s 5h,4d Ks,0,0,8,0,-20,20
11803,3934,1,SB,0,0,False,,Th As,20,-20,3,0,20,-20
11804,3934,2,BB,0,1,False,6c 4s 3s,2c 9c,-20,20,5,0,20,-20
11805,3935,0,BTN,0,3,False,6h Ad 6d Jd 7c,7d Js,0,0,9,0,80,-80
11806,3935,1,SB,0,3,False,6h Ad 6d Jd 7c,Jh 4d,-10,10,11,105,-10,-95
11807,3935,2,BB,0,3,True,6h Ad 6d Jd 7c,Ks 5s,-20,20,12,40,-20,-20
11808,3936,0,BTN,0,3,False,8c 2d 5c Kh 2s,5d Kc,0,0,9,0,40,-40
11809,3936,1,SB,0,0,False,,2h 6d,-10,10,2,0,-10,10
11810,3936,2,BB,0,2,False,8c 2d 5c Kh,3d Jc,-20,20,7,0,20,-20
11811,3937,0,BTN,0,1,False,5d As Ts,Ah 4s,60,-60,6,60,-10,-50
11812,3937,1,SB,0,0,False,,Kd 2h,-10,10,2,0,-10,10
11813,3937,2,BB,0,3,True,5d As Ts 9d Td,7d 3h,-20,20,9,0,20,-20
11814,3938,0,BTN,0,1,False,Kc 6c 2s,Jc Ks,60,-60,6,60,-10,-50
11815,3938,1,SB,0,1,False,Kc 6c 2s,5s Qh,-10,10,6,30,-10,-20
11816,3938,2,BB,0,1,False,Kc 6c 2s,4h Jh,-20,20,8,40,-20,-20
11817,3939,0,BTN,0,3,True,8d 8c 3h Jc Qd,Ad 3d,60,-60,9,60,-10,-50
11818,3939,1,SB,0,0,False,,2c Qs,-10,10,2,0,-10,10
11819,3939,2,BB,0,1,False,8d 8c 3h,Ks 6d,20,-20,6,0,-20,20
11820,3940,0,BTN,0,3,True,Ks 5h 2h Qs Th,Kd 7c,0,0,9,0,-20,20
11821,3940,1,SB,0,1,False,Ks 5h 2h,3s 8d,-10,10,6,30,-10,-20
11822,3940,2,BB,0,1,False,Ks 5h 2h,6d Jc,-20,20,8,40,-20,-20
11823,3941,0,BTN,0,1,False,Th 3s 3h,Jh 4d,0,0,5,0,20,-20
11824,3941,1,SB,0,3,True,Th 3s 3h 7s Jc,Qs As,60,-60,9,0,60,-60
11825,3941,2,BB,0,3,True,Th 3s 3h 7s Jc,Qc 5c,-1840,1840,11,0,1840,-1840
11826,3942,0,BTN,0,3,True,Jc 7d 5d Kh Js,Ah 9c,60,-60,9,60,-10,-50
11827,3942,1,SB,0,3,True,Jc 7d 5d Kh Js,Qc 8s,-10,10,9,30,-10,-20
11828,3942,2,BB,0,3,True,Jc 7d 5d Kh Js,4c 9d,-20,20,12,40,-20,-20
11829,3943,0,BTN,0,1,False,3h 6d 4c,8s 5s,0,0,6,0,-20,20
11830,3943,1,SB,0,0,False,,Td 7s,-10,10,2,0,-10,10
11831,3943,2,BB,0,3,True,3h 6d 4c Kd 4d,3d 7h,20,-20,9,0,-20,20
11832,3944,0,BTN,0,2,False,5c 9d 6d 2h,Ks Qc,-132,132,8,-132,-10,142
11833,3944,1,SB,0,2,False,5c 9d 6d 2h,5d 4s,-10,10,7,-20,-10,30
11834,3944,2,BB,0,3,True,5c 9d 6d 2h Jd,Tc 6c,40,-40,12,-20,-20,40
11835,3945,0,BTN,0,3,True,5h Ad 8d 6h 9c,Qd Ts,-50,50,9,-50,-10,60
11836,3945,1,SB,0,3,False,5h Ad 8d 6h 9c,Ah 4s,100,-100,9,0,100,-100
11837,3945,2,BB,0,2,False,5h Ad 8d 6h,3h 3s,-80,80,7,0,80,-80
11838,3946,0,BTN,0,3,False,Td 2h 6h 4c Qd,7s 6c,0,0,9,0,160,-160
11839,3946,1,SB,0,0,False,,6s 7c,-10,10,2,0,-10,10
11840,3946,2,BB,0,3,False,Td 2h 6h 4c Qd,3c Ad,-80,80,9,0,80,-80
11841,3947,0,BTN,0,3,False,7s 3s 5s Kc Qh,5h 4s,0,0,10,0,480,-480
11842,3947,1,SB,0,0,False,,7d Qc,-10,10,2,0,-10,10
11843,3947,2,BB,0,2,False,7s 3s 5s Kc,Ad 4d,-20,20,7,0,20,-20
11844,3948,0,BTN,0,1,False,As Jd 5h,Jh Kc,-380,380,7,-380,-10,390
11845,3948,1,SB,0,3,True,As Jd 5h 8c 2c,7c Th,-10,10,11,1780,-10,-1770
11846,3948,2,BB,0,3,True,As Jd 5h 8c 2c,7h Js,-2000,2000,13,2020,-20,-2000
11847,3949,0,BTN,0,0,False,,Ac 8d,-50,50,4,-50,-10,60
11848,3949,1,SB,0,0,False,,3h 7s,-10,10,2,0,-10,10
11849,3949,2,BB,0,1,False,4d Qc Kd,Kh As,20,-20,6,0,-20,20
11850,3950,0,BTN,0,3,True,Ts 7h 8c 5c 4d,2d 7d,0,0,11,0,0,0
11851,3950,1,SB,0,0,False,,6d 3c,-10,10,2,0,-10,10
11852,3950,2,BB,0,3,True,Ts 7h 8c 5c 4d,Qc 6s,0,0,12,0,0,0
11853,3951,0,BTN,0,3,True,9h Js Jd Tc Kh,7h 6h,-50,50,11,-50,-1783,1833
11854,3951,1,SB,0,0,False,,8c 7s,-10,10,2,0,-10,10
11855,3951,2,BB,0,3,True,9h Js Jd Tc Kh,As Qd,2000,-2000,12,0,-2000,2000
11856,3952,0,BTN,0,2,False,5h 3c Qs 9d,8s 6s,-275,275,8,-275,325,-50
11857,3952,1,SB,0,3,True,5h 3c Qs 9d Kd,Qh 7h,-2000,2000,11,0,-2000,2000
11858,3952,2,BB,0,1,False,5h 3c Qs,Kc 6c,-170,170,7,0,170,-170
11859,3953,0,BTN,0,2,False,6h 6d 4d Kc,Jh Qc,-215,215,7,-215,-10,225
11860,3953,1,SB,0,0,False,,7c 4h,-10,10,2,0,-10,10
11861,3953,2,BB,0,3,True,6h 6d 4d Kc Js,Qs Ah,-1280,1280,9,0,1280,-1280
11862,3954,0,BTN,0,3,True,Kd 5h 5d 7c 9s,Kc 4c,2010,-2010,11,2010,-10,-2000
11863,3954,1,SB,0,3,False,Kd 5h 5d 7c 9s,4d 6d,-250,250,10,0,-250,250
11864,3954,2,BB,0,3,False,Kd 5h 5d 7c 9s,Ac 9d,40,-40,10,0,-40,40
11865,3955,0,BTN,0,2,False,Ah 5h Tc 2d,4s Ks,96,-96,9,96,-10,-86
11866,3955,1,SB,0,0,False,,7h 5d,-10,10,2,0,-10,10
11867,3955,2,BB,0,1,False,Ah 5h Tc,Qc 9d,-20,20,5,0,20,-20
11868,3956,0,BTN,0,3,True,7s Ks 5h 3h 4d,Ts Th,232,-232,11,232,-10,-222
11869,3956,1,SB,0,3,True,7s Ks 5h 3h 4d,5c 7c,1450.1904761904761,-1450.1904761904761,12,-1188.1904761904761,1450.1904761904761,-262.0
11870,3956,2,BB,0,3,True,7s Ks 5h 3h 4d,Qc Ac,-20,20,12,-1910,1930,-20
11871,3957,0,BTN,0,1,False,9c As 7d,8c 2s,0,0,5,0,20,-20
11872,3957,1,SB,0,1,False,9c As 7d,9d Td,60,-60,5,0,60,-60
11873,3957,2,BB,0,1,False,9c As 7d,3c 2c,-20,20,5,0,20,-20
11874,3958,0,BTN,0,1,False,7c 7s Th,Qd 8d,-380,380,7,-380,-10,390
11875,3958,1,SB,0,0,False,,9h 6c,-10,10,2,0,-10,10
11876,3958,2,BB,0,3,False,7c 7s Th 4s 8h,3s Ac,-20,20,9,0,20,-20
11877,3959,0,BTN,0,3,True,7s Qs Ks Ts 5c,3c Ad,0,0,9,0,-1920,1920
11878,3959,1,SB,0,3,True,7s Qs Ks Ts 5c,Kh Kc,-1900,1900,12,0,-1900,1900
11879,3959,2,BB,0,3,True,7s Qs Ks Ts 5c,As 8c,1047.6190476190477,-1047.6190476190477,10,0.0,-1047.6190476190477,1047.6190476190477
11880,3960,0,BTN,0,1,False,Tc Qc 9c,3d Qs,0,0,6,0,-20,20
11881,3960,1,SB,0,2,False,Tc Qc 9c Qd,Js 4s,-240,240,9,0,-240,240
11882,3960,2,BB,0,3,True,Tc Qc 9c Qd As,9h 6c,20,-20,9,0,-20,20
11883,3961,0,BTN,0,0,False,,8s Js,-50,50,4,-50,-10,60
11884,3961,1,SB,0,0,False,,Qh 9c,-60,60,4,0,-60,60
11885,3961,2,BB,0,3,True,6d 3h 9d Ah 9h,Ad Ac,1200.0,-1200.0,8,0.0,-1200.0,1200.0
11886,3962,0,BTN,0,3,True,7h 3h 3s 7d 7s,Kd 4d,5,-5,9,5,-10,5
11887,3962,1,SB,0,0,False,,2c 3c,-10,10,2,0,-10,10
11888,3962,2,BB,0,3,True,7h 3h 3s 7d 7s,Qh Ad,0,0,9,0,0,0
11889,3963,0,BTN,0,3,False,2h Ts Kc 6d 7s,9c Jh,-50,50,9,-50,-10,60
11890,3963,1,SB,0,3,False,2h Ts Kc 6d 7s,Kd 4s,-10,10,9,-20,-10,30
11891,3963,2,BB,0,2,False,2h Ts Kc 6d,7d 9d,-20,20,8,-110,130,-20
11892,3964,0,BTN,0,3,True,5h 7h Kc 5c Ad,7s 6h,0,0,9,0,-20,20
11893,3964,1,SB,0,3,True,5h 7h Kc 5c Ad,9h Ts,-100,100,9,0,-100,100
11894,3964,2,BB,0,1,False,5h 7h Kc,Qh 9d,20,-20,6,0,-20,20
11895,3965,0,BTN,0,1,False,5d 3d 5h,Qs Jd,60,-60,6,60,-10,-50
11896,3965,1,SB,0,0,False,,7c 3c,-10,10,2,0,-10,10
11897,3965,2,BB,0,3,False,5d 3d 5h 6h 5c,9s 4c,-20,20,9,0,20,-20
11898,3966,0,BTN,0,3,True,3d 3c 7c Qs 2d,4s 5s,-888,888,11,-888,-10,898
11899,3966,1,SB,0,0,False,,4c Jh,-10,10,2,0,-10,10
11900,3966,2,BB,0,3,True,3d 3c 7c Qs 2d,6h Ah,20,-20,9,0,-20,20
11901,3967,0,BTN,0,3,True,7d 5d Kh 5c 9h,Ac 4h,-50,50,10,-50,-1967,2017
11902,3967,1,SB,0,3,True,7d 5d Kh 5c 9h,Jh Kc,-2000,2000,11,0,-2000,2000
11903,3967,2,BB,0,3,True,7d 5d Kh 5c 9h,5s 3h,1809.5238095238096,-1809.5238095238096,10,0.0,-1809.5238095238096,1809.5238095238096
11904,3968,0,BTN,0,1,False,Kd 2s Th,Jd Jh,100,-100,8,100,-50,-50
11905,3968,1,SB,0,1,False,Kd 2s Th,5h 6s,-10,10,6,30,-10,-20
11906,3968,2,BB,0,1,False,Kd 2s Th,9d 5s,-20,20,8,40,-20,-20
11907,3969,0,BTN,0,3,True,4h Kd 9d Kc Qc,5c Th,0,0,9,0,20,-20
11908,3969,1,SB,0,2,False,4h Kd 9d Kc,6d 8d,60,-60,7,0,60,-60
11909,3969,2,BB,0,3,True,4h Kd 9d Kc Qc,7d 2s,-20,20,9,0,20,-20
11910,3970,0,BTN,0,3,True,6h 6c 5h 2s 4s,3h 3d,-2000,2000,10,-2000,-10,2010
11911,3970,1,SB,0,3,True,6h 6c 5h 2s 4s,4d Qd,-1740,1740,12,0,-1740,1740
11912,3970,2,BB,0,3,True,6h 6c 5h 2s 4s,6s 2d,1070,-1070,12,0,-1070,1070
11913,3971,0,BTN,0,1,False,Ts Ad 9s,4d Jd,0,0,6,0,-20,20
11914,3971,1,SB,0,0,False,,8d 2c,-10,10,2,0,-10,10
11915,3971,2,BB,0,3,True,Ts Ad 9s Ac 8s,7d Qs,-20,20,9,0,20,-20
11916,3972,0,BTN,0,3,True,4d Ad 9d 2c 3h,Qd Qs,1532.6190476190477,-1532.6190476190477,8,1532.6190476190477,-10.0,-1522.6190476190477
11917,3972,1,SB,0,3,True,4d Ad 9d 2c 3h,Qh 7d,-10,10,11,1605,-10,-1595
11918,3972,2,BB,0,3,True,4d Ad 9d 2c 3h,4c 8d,-1925,1925,16,2035,-110,-1925
11919,3973,0,BTN,0,1,False,5h Kd 8h,Qs Ah,-380,380,7,-380,-10,390
11920,3973,1,SB,0,1,False,5h Kd 8h,Qd Tc,-100,100,6,0,-100,100
11921,3973,2,BB,0,1,False,5h Kd 8h,Ac 5d,-20,20,5,0,20,-20
11922,3974,0,BTN,0,3,True,5h Qs Ac 3s 6s,5s 2d,0,0,9,0,20,-20
11923,3974,1,SB,0,0,False,,7d Tc,-10,10,2,0,-10,10
11924,3974,2,BB,0,3,True,5h Qs Ac 3s 6s,7s 9h,-20,20,9,0,20,-20
11925,3975,0,BTN,0,3,True,Td Ah 8h 9c 2h,4h Kh,2010,-2010,10,2010,-10,-2000
11926,3975,1,SB,0,0,False,,2d 4c,-10,10,2,0,-10,10
11927,3975,2,BB,0,3,True,Td Ah 8h 9c 2h,Kc Ts,46,-46,10,0,-46,46
11928,3976,0,BTN,0,1,False,Qs 2s 5h,6s 4s,0,0,6,0,-20,20
11929,3976,1,SB,0,0,False,,4h Js,-10,10,2,0,-10,10
11930,3976,2,BB,0,3,False,Qs 2s 5h 7s Ts,Ad 5c,-60,60,10,0,60,-60
11931,3977,0,BTN,0,3,True,Kd Qh 6d 8d 7s,3s Jc,0,0,9,0,80,-80
11932,3977,1,SB,0,0,False,,6s Jh,-10,10,2,0,-10,10
11933,3977,2,BB,0,3,True,Kd Qh 6d 8d 7s,Ac 5d,-80,80,9,0,80,-80
11934,3978,0,BTN,0,3,True,Qs Qc 7c 5c 3d,7d 7h,2010,-2010,13,2010,-10,-2000
11935,3978,1,SB,0,3,True,Qs Qc 7c 5c 3d,2s 6h,-10,10,12,1810,-10,-1800
11936,3978,2,BB,0,3,True,Qs Qc 7c 5c 3d,Jh Js,-1115.6,1115.6,11,1135.6,-20.0,-1115.6
11937,3979,0,BTN,0,1,False,7d Qd Kd,8h Qc,0,0,5,0,120,-120
11938,3979,1,SB,0,3,True,7d Qd Kd 4h 8s,Js Jd,250,-250,9,0,250,-250
11939,3979,2,BB,0,0,False,,Jc 4d,-20,20,3,0,20,-20
11940,3980,0,BTN,0,3,False,Ac 4c Td 6d 7h,Tc Th,610,-610,12,610,-590,-20
11941,3980,1,SB,0,0,False,,Jc 5c,-88,88,5,108,-88,-20
11942,3980,2,BB,0,2,False,Ac 4c Td 6d,3h 2c,-20,20,10,160,-140,-20
11943,3981,0,BTN,0,1,False,Jd 3s Ac,3c Ah,0,0,5,0,20,-20
11944,3981,1,SB,0,2,False,Jd 3s Ac 5h,8d 8c,-100,100,8,0,-100,100
11945,3981,2,BB,0,1,False,Jd 3s Ac,Th 5s,-20,20,5,0,20,-20
11946,3982,0,BTN,0,3,True,Qh 6c 6h 6s 6d,Ac Jc,2010,-2010,10,2010,-10,-2000
11947,3982,1,SB,0,3,False,Qh 6c 6h 6s 6d,9h Ts,-88,88,15,176,-88,-88
11948,3982,2,BB,0,3,False,Qh 6c 6h 6s 6d,9d 9c,-60,60,13,80,-20,-60
11949,3983,0,BTN,0,3,True,Ks 5d Jc 7s 9s,Kd Tc,-663.5,663.5,9,-663.5,713.5,-50.0
11950,3983,1,SB,0,0,False,,Jd 5c,-10,10,2,0,-10,10
11951,3983,2,BB,0,3,False,Ks 5d Jc 7s 9s,4h Qh,-320,320,9,0,320,-320
11952,3984,0,BTN,0,3,True,7d Kh Ad Td 5s,As Ts,2000.0,-2000.0,12,2000.0,-2000.0,0.0
11953,3984,1,SB,0,3,True,7d Kh Ad Td 5s,Ac 6h,-2000.0,2000.0,11,2000.0,-2000.0,0.0
11954,3984,2,BB,0,3,True,7d Kh Ad Td 5s,Kd Qh,0.0,0.0,13,2000.0,-2000.0,0.0
11955,3985,0,BTN,0,3,True,Jc Qc 9s 9d 6d,7d 2d,0,0,9,0,-20,20
11956,3985,1,SB,0,1,False,Jc Qc 9s,Ah 4c,60,-60,5,0,60,-60
11957,3985,2,BB,0,3,True,Jc Qc 9s 9d 6d,6h 7c,20,-20,9,0,-20,20
11958,3986,0,BTN,0,3,True,2c Ah 5d Kd Js,Jc 2h,0,0,9,0,60,-60
11959,3986,1,SB,0,0,False,,2s Th,-10,10,2,0,-10,10
11960,3986,2,BB,0,3,True,2c Ah 5d Kd Js,3d 8c,-20,20,9,0,20,-20
11961,3987,0,BTN,0,3,True,7c Ac 9s 8s 6c,4d Tc,0,0,10,0,-320,320
11962,3987,1,SB,0,3,True,7c Ac 9s 8s 6c,Kc 8h,-1200,1200,11,0,-1200,1200
11963,3987,2,BB,0,3,True,7c Ac 9s 8s 6c,9d Qh,80,-80,9,0,-80,80
11964,3988,0,BTN,0,3,True,7c Jd 8s 5d Ac,4s 9h,0,0,9,0,1920,-1920
11965,3988,1,SB,0,3,True,7c Jd 8s 5d Ac,Qh Qs,2000,-2000,10,0,2000,-2000
11966,3988,2,BB,0,3,True,7c Jd 8s 5d Ac,Qd 8c,-1920,1920,9,0,1920,-1920
11967,3989,0,BTN,0,1,False,4s 3d 3h,6d 7d,60,-60,6,60,-10,-50
11968,3989,1,SB,0,0,False,,Kc 2s,-10,10,2,0,-10,10
11969,3989,2,BB,0,1,False,4s 3d 3h,7c Tc,20,-20,6,0,-20,20
11970,3990,0,BTN,0,1,False,Td 4s 8c,Ad Qd,-50,50,7,-50,-50,100
11971,3990,1,SB,0,3,True,Td 4s 8c 4d Tc,Ks 5s,-88,88,12,-1540,-88,1628
11972,3990,2,BB,0,3,True,Td 4s 8c 4d Tc,Th Ah,2020,-2020,14,-2000,-20,2020
11973,3991,0,BTN,0,3,True,5d 5h 7d Kc Jh,Js 4s,-50,50,12,-50,-1175,1225
11974,3991,1,SB,0,2,False,5d 5h 7d Kc,Qh Jc,-60,60,8,0,-60,60
11975,3991,2,BB,0,3,True,5d 5h 7d Kc Jh,Ks 8s,2000,-2000,13,0,-2000,2000
11976,3992,0,BTN,0,3,True,7d 9c 2s 7c Ts,4h 4d,-1755,1755,9,-1755,-10,1765
11977,3992,1,SB,0,0,False,,2c 6h,-10,10,2,0,-10,10
11978,3992,2,BB,0,3,True,7d 9c 2s 7c Ts,Kh 9s,557,-557,11,0,-557,557
11979,3993,0,BTN,0,2,False,6d 4h Js 2c,Qd 6c,0,0,7,0,80,-80
11980,3993,1,SB,0,3,True,6d 4h Js 2c 9s,5h 5d,250,-250,9,0,250,-250
11981,3993,2,BB,0,2,False,6d 4h Js 2c,Qh Ts,-80,80,7,0,80,-80
11982,3994,0,BTN,0,3,False,Jc 2c 2d As Kd,Tc Ah,60,-60,10,60,-10,-50
11983,3994,1,SB,0,0,False,,4c Th,-10,10,2,0,-10,10
11984,3994,2,BB,0,3,True,Jc 2c 2d As Kd,8s 3d,0,0,9,0,0,0
11985,3995,0,BTN,0,1,False,Th Jh Ad,6d 8c,0,0,5,0,20,-20
11986,3995,1,SB,0,0,False,,Ks 2h,-10,10,2,0,-10,10
11987,3995,2,BB,0,3,True,Th Jh Ad 8h 7s,3d 8d,20,-20,9,0,-20,20
11988,3996,0,BTN,0,2,False,6c 4d As Kh,8h 3d,0,0,7,0,80,-80
11989,3996,1,SB,0,2,False,6c 4d As Kh,Ah 6s,100,-100,7,0,100,-100
11990,3996,2,BB,0,2,False,6c 4d As Kh,7h 5s,-80,80,7,0,80,-80
11991,3997,0,BTN,0,3,True,Qh 3c 6s Kd Td,Jh Kh,2893,-2893,16,2893,-2000,-893
11992,3997,1,SB,0,3,False,Qh 3c 6s Kd Td,Jc 6d,-10,10,11,150,-10,-140
11993,3997,2,BB,0,1,False,Qh 3c 6s,3d Js,-20,20,6,-20,40,-20
11994,3998,0,BTN,0,1,False,6d 3d 9c,7h As,60,-60,6,60,-10,-50
11995,3998,1,SB,0,0,False,,2d 9d,-10,10,2,0,-10,10
11996,3998,2,BB,0,1,False,6d 3d 9c,5h Ks,-20,20,5,0,20,-20
11997,3999,0,BTN,0,3,False,7d 4h 3s Ac Kc,8s 9c,-132,132,10,-132,-10,142
11998,3999,1,SB,0,3,False,7d 4h 3s Ac Kc,9s 6s,-150,150,10,0,-150,150
11999,3999,2,BB,0,3,True,7d 4h 3s Ac Kc,4d Qs,20,-20,9,0,-20,20
